entity_id,entity_type,name,url,owners,initiative_tags,in_scope,attributes,date,generated_at
gcp-project:paramount-plus,gcp_project,paramount-plus,https://console.cloud.google.com/home/dashboard?project=paramount-plus,"[""group:default/paramount-plus-infra""]",[],true,"{""gcp-project"": {""project_id"": ""paramount-plus""}}",2026-10-01,2026-10-01T08:00:00Z
component:default/survivor,component,survivor,https://backstage.example.com/catalog/default/Component/survivor,"[""group:default/paramount-plus-infra""]",[],true,"{""component"": {""componentType"": ""service"", ""lifecycle"": ""production""}}",2026-10-01,2026-10-01T08:00:00Z
repository:github.com/streaming-infra/Survivor,repository,Survivor,https://github.com/streaming-infra/Survivor,[],[],true,"{""repository"": {""archived"": false, ""createdAt"": ""2024-01-15T10:00:00.000Z"", ""defaultBranchLastCommit"": {""sha"": ""abc123def456"", ""url"": ""https://github.com/streaming-infra/Survivor/commit/abc123def456""}, ""description"": ""Repository for Survivor"", ""fullName"": ""streaming-infra/Survivor"", ""host"": ""github.com"", ""organization"": ""streaming-infra"", ""pushedAt"": ""2026-09-28T12:00:00.000Z"", ""repositoryName"": ""Survivor""}}",2026-10-01,2026-10-01T08:00:00Z
workflow:survivor/jeff_probst,workflow,jeff_probst,https://backstage.example.com/workflows/jeff_probst/instances,"[""group:default/paramount-plus-infra""]",[],true,"{""workflow"": {""bqDestinationTableProjects"": [""paramount-plus""], ""bqJobProjects"": [""paramount-plus""], ""enabled"": true, ""offset"": ""PT1H"", ""orchestrationType"": ""orchestrator"", ""parentComponentId"": ""component:default/survivor"", ""schedule"": ""days"", ""serviceAccount"": ""survivor@paramount-plus.iam.gserviceaccount.com"", ""orchestratorComponentId"": ""survivor"", ""orchestratorWorkflowId"": ""jeff_probst"", ""workflowType"": ""cast-member-query""}}",2026-10-01,2026-10-01T08:00:00Z
workflow:survivor/rob_mariano,workflow,rob_mariano,https://backstage.example.com/workflows/rob_mariano/instances,"[""group:default/paramount-plus-infra""]",[],true,"{""workflow"": {""bqDestinationTableProjects"": [""paramount-plus""], ""bqJobProjects"": [""paramount-plus""], ""enabled"": true, ""offset"": ""P1D"", ""orchestrationType"": ""orchestrator"", ""parentComponentId"": ""component:default/survivor"", ""schedule"": ""weeks"", ""serviceAccount"": ""survivor@paramount-plus.iam.gserviceaccount.com"", ""orchestratorComponentId"": ""survivor"", ""orchestratorWorkflowId"": ""rob_mariano"", ""workflowType"": ""cast-member-query""}}",2026-10-01,2026-10-01T08:00:00Z
workflow:survivor/ozzy_lusth,workflow,ozzy_lusth,https://backstage.example.com/workflows/ozzy_lusth/instances,"[""group:default/paramount-plus-infra""]",[],true,"{""workflow"": {""bqDestinationTableProjects"": [""paramount-plus""], ""bqJobProjects"": [""paramount-plus""], ""enabled"": true, ""offset"": ""P1D"", ""orchestrationType"": ""orchestrator"", ""parentComponentId"": ""component:default/survivor"", ""schedule"": ""weeks"", ""serviceAccount"": ""survivor@paramount-plus.iam.gserviceaccount.com"", ""orchestratorComponentId"": ""survivor"", ""orchestratorWorkflowId"": ""ozzy_lusth"", ""workflowType"": ""cast-member-query""}}",2026-10-01,2026-10-01T08:00:00Z
workflow:survivor/cirie_fields,workflow,cirie_fields,https://backstage.example.com/workflows/cirie_fields/instances,"[""group:default/paramount-plus-infra""]",[],true,"{""workflow"": {""bqDestinationTableProjects"": [""paramount-plus""], ""bqJobProjects"": [""paramount-plus""], ""enabled"": false, ""offset"": ""P1D"", ""orchestrationType"": ""orchestrator"", ""parentComponentId"": ""component:default/survivor"", ""schedule"": ""weeks"", ""serviceAccount"": ""survivor@paramount-plus.iam.gserviceaccount.com"", ""orchestratorComponentId"": ""survivor"", ""orchestratorWorkflowId"": ""cirie_fields"", ""workflowType"": ""cast-member-query""}}",2026-10-01,2026-10-01T08:00:00Z
workflow:survivor/parvati_shallow,workflow,parvati_shallow,https://backstage.example.com/workflows/parvati_shallow/instances,"[""group:default/paramount-plus-infra""]",[],true,"{""workflow"": {""bqDestinationTableProjects"": [""paramount-plus""], ""bqJobProjects"": [""paramount-plus""], ""enabled"": true, ""offset"": ""PT1H"", ""orchestrationType"": ""orchestrator"", ""parentComponentId"": ""component:default/survivor"", ""schedule"": ""days"", ""serviceAccount"": ""survivor@paramount-plus.iam.gserviceaccount.com"", ""orchestratorComponentId"": ""survivor"", ""orchestratorWorkflowId"": ""parvati_shallow"", ""workflowType"": ""cast-member-query""}}",2026-10-01,2026-10-01T08:00:00Z
workflow:survivor/coach_wade,workflow,coach_wade,https://backstage.example.com/workflows/coach_wade/instances,"[""group:default/paramount-plus-infra""]",[],true,"{""workflow"": {""bqDestinationTableProjects"": [""paramount-plus""], ""bqJobProjects"": [""paramount-plus""], ""enabled"": true, ""offset"": ""PT1H"", ""orchestrationType"": ""orchestrator"", ""parentComponentId"": ""component:default/survivor"", ""schedule"": ""days"", ""serviceAccount"": ""survivor@paramount-plus.iam.gserviceaccount.com"", ""orchestratorComponentId"": ""survivor"", ""orchestratorWorkflowId"": ""coach_wade"", ""workflowType"": ""cast-member-query""}}",2026-10-01,2026-10-01T08:00:00Z
workflow:survivor/sandra_diaz_twine,workflow,sandra_diaz_twine,https://backstage.example.com/workflows/sandra_diaz_twine/instances,"[""group:default/paramount-plus-infra""]",[],true,"{""workflow"": {""bqDestinationTableProjects"": [""paramount-plus""], ""bqJobProjects"": [""paramount-plus""], ""enabled"": true, ""offset"": ""PT1H"", ""orchestrationType"": ""orchestrator"", ""parentComponentId"": ""component:default/survivor"", ""schedule"": ""days"", ""serviceAccount"": ""survivor@paramount-plus.iam.gserviceaccount.com"", ""orchestratorComponentId"": ""survivor"", ""orchestratorWorkflowId"": ""sandra_diaz_twine"", ""workflowType"": ""cast-member-query""}}",2026-10-01,2026-10-01T08:00:00Z
workflow:survivor/aubry_bracco,workflow,aubry_bracco,https://backstage.example.com/workflows/aubry_bracco/instances,"[""group:default/paramount-plus-infra""]",[],true,"{""workflow"": {""bqDestinationTableProjects"": [""paramount-plus""], ""bqJobProjects"": [""paramount-plus""], ""enabled"": true, ""offset"": ""PT1H"", ""orchestrationType"": ""orchestrator"", ""parentComponentId"": ""component:default/survivor"", ""schedule"": ""days"", ""serviceAccount"": ""survivor@paramount-plus.iam.gserviceaccount.com"", ""orchestratorComponentId"": ""survivor"", ""orchestratorWorkflowId"": ""aubry_bracco"", ""workflowType"": ""cast-member-query""}}",2026-10-01,2026-10-01T08:00:00Z
workflow:survivor/tyson_apostol,workflow,tyson_apostol,https://backstage.example.com/workflows/tyson_apostol/instances,"[""group:default/paramount-plus-infra""]",[],true,"{""workflow"": {""bqDestinationTableProjects"": [""paramount-plus""], ""bqJobProjects"": [""paramount-plus""], ""enabled"": true, ""offset"": ""PT15M"", ""orchestrationType"": ""orchestrator"", ""parentComponentId"": ""component:default/survivor"", ""schedule"": ""hours"", ""serviceAccount"": ""survivor@paramount-plus.iam.gserviceaccount.com"", ""orchestratorComponentId"": ""survivor"", ""orchestratorWorkflowId"": ""tyson_apostol"", ""workflowType"": ""cast-member-query""}}",2026-10-01,2026-10-01T08:00:00Z
workflow:survivor/rupert_boneham,workflow,rupert_boneham,https://backstage.example.com/workflows/rupert_boneham/instances,"[""group:default/paramount-plus-infra""]",[],true,"{""workflow"": {""bqDestinationTableProjects"": [""paramount-plus""], ""bqJobProjects"": [""paramount-plus""], ""enabled"": true, ""offset"": ""PT15M"", ""orchestrationType"": ""orchestrator"", ""parentComponentId"": ""component:default/survivor"", ""schedule"": ""hours"", ""serviceAccount"": ""survivor@paramount-plus.iam.gserviceaccount.com"", ""orchestratorComponentId"": ""survivor"", ""orchestratorWorkflowId"": ""rupert_boneham"", ""workflowType"": ""cast-member-query""}}",2026-10-01,2026-10-01T08:00:00Z
workflow:survivor/amber_mariano,workflow,amber_mariano,https://backstage.example.com/workflows/amber_mariano/instances,"[""group:default/paramount-plus-infra""]",[],true,"{""workflow"": {""bqDestinationTableProjects"": [""paramount-plus""], ""bqJobProjects"": [""paramount-plus""], ""enabled"": true, ""offset"": ""PT15M"", ""orchestrationType"": ""orchestrator"", ""parentComponentId"": ""component:default/survivor"", ""schedule"": ""hours"", ""serviceAccount"": ""survivor@paramount-plus.iam.gserviceaccount.com"", ""orchestratorComponentId"": ""survivor"", ""orchestratorWorkflowId"": ""amber_mariano"", ""workflowType"": ""cast-member-query""}}",2026-10-01,2026-10-01T08:00:00Z
workflow:survivor/colby_donaldson,workflow,colby_donaldson,https://backstage.example.com/workflows/colby_donaldson/instances,"[""group:default/paramount-plus-infra""]",[],true,"{""workflow"": {""bqDestinationTableProjects"": [""paramount-plus""], ""bqJobProjects"": [""paramount-plus""], ""enabled"": true, ""offset"": ""P1D"", ""orchestrationType"": ""orchestrator"", ""parentComponentId"": ""component:default/survivor"", ""schedule"": ""weeks"", ""serviceAccount"": ""survivor@paramount-plus.iam.gserviceaccount.com"", ""orchestratorComponentId"": ""survivor"", ""orchestratorWorkflowId"": ""colby_donaldson"", ""workflowType"": ""cast-member-query""}}",2026-10-01,2026-10-01T08:00:00Z
workflow:survivor/stephenie_lagrossa_kendrick,workflow,stephenie_lagrossa_kendrick,https://backstage.example.com/workflows/stephenie_lagrossa_kendrick/instances,"[""group:default/paramount-plus-infra""]",[],true,"{""workflow"": {""bqDestinationTableProjects"": [""paramount-plus""], ""bqJobProjects"": [""paramount-plus""], ""enabled"": true, ""offset"": ""PT15M"", ""orchestrationType"": ""orchestrator"", ""parentComponentId"": ""component:default/survivor"", ""schedule"": ""hours"", ""serviceAccount"": ""survivor@paramount-plus.iam.gserviceaccount.com"", ""orchestratorComponentId"": ""survivor"", ""orchestratorWorkflowId"": ""stephenie_lagrossa_kendrick"", ""workflowType"": ""cast-member-query""}}",2026-10-01,2026-10-01T08:00:00Z
workflow:survivor/amanda_kimmel,workflow,amanda_kimmel,https://backstage.example.com/workflows/amanda_kimmel/instances,"[""group:default/paramount-plus-infra""]",[],true,"{""workflow"": {""bqDestinationTableProjects"": [""paramount-plus""], ""bqJobProjects"": [""paramount-plus""], ""enabled"": true, ""offset"": ""PT1H"", ""orchestrationType"": ""orchestrator"", ""parentComponentId"": ""component:default/survivor"", ""schedule"": ""days"", ""serviceAccount"": ""survivor@paramount-plus.iam.gserviceaccount.com"", ""orchestratorComponentId"": ""survivor"", ""orchestratorWorkflowId"": ""amanda_kimmel"", ""workflowType"": ""cast-member-query""}}",2026-10-01,2026-10-01T08:00:00Z
workflow:survivor/jeremy_collins,workflow,jeremy_collins,https://backstage.example.com/workflows/jeremy_collins/instances,"[""group:default/paramount-plus-infra""]",[],true,"{""workflow"": {""bqDestinationTableProjects"": [""paramount-plus""], ""bqJobProjects"": [""paramount-plus""], ""enabled"": true, ""offset"": ""PT1H"", ""orchestrationType"": ""orchestrator"", ""parentComponentId"": ""component:default/survivor"", ""schedule"": ""days"", ""serviceAccount"": ""survivor@paramount-plus.iam.gserviceaccount.com"", ""orchestratorComponentId"": ""survivor"", ""orchestratorWorkflowId"": ""jeremy_collins"", ""workflowType"": ""cast-member-query""}}",2026-10-01,2026-10-01T08:00:00Z
workflow:survivor/jerri_manthey,workflow,jerri_manthey,https://backstage.example.com/workflows/jerri_manthey/instances,"[""group:default/paramount-plus-infra""]",[],true,"{""workflow"": {""bqDestinationTableProjects"": [""paramount-plus""], ""bqJobProjects"": [""paramount-plus""], ""enabled"": true, ""offset"": ""PT15M"", ""orchestrationType"": ""orchestrator"", ""parentComponentId"": ""component:default/survivor"", ""schedule"": ""hours"", ""serviceAccount"": ""survivor@paramount-plus.iam.gserviceaccount.com"", ""orchestratorComponentId"": ""survivor"", ""orchestratorWorkflowId"": ""jerri_manthey"", ""workflowType"": ""cast-member-query""}}",2026-10-01,2026-10-01T08:00:00Z
workflow:survivor/joe_anglim,workflow,joe_anglim,https://backstage.example.com/workflows/joe_anglim/instances,"[""group:default/paramount-plus-infra""]",[],true,"{""workflow"": {""bqDestinationTableProjects"": [""paramount-plus""], ""bqJobProjects"": [""paramount-plus""], ""enabled"": true, ""offset"": ""PT1H"", ""orchestrationType"": ""orchestrator"", ""parentComponentId"": ""component:default/survivor"", ""schedule"": ""days"", ""serviceAccount"": ""survivor@paramount-plus.iam.gserviceaccount.com"", ""orchestratorComponentId"": ""survivor"", ""orchestratorWorkflowId"": ""joe_anglim"", ""workflowType"": ""cast-member-query""}}",2026-10-01,2026-10-01T08:00:00Z
workflow:survivor/andrea_boehlke,workflow,andrea_boehlke,https://backstage.example.com/workflows/andrea_boehlke/instances,"[""group:default/paramount-plus-infra""]",[],true,"{""workflow"": {""bqDestinationTableProjects"": [""paramount-plus""], ""bqJobProjects"": [""paramount-plus""], ""enabled"": true, ""offset"": ""PT1H"", ""orchestrationType"": ""orchestrator"", ""parentComponentId"": ""component:default/survivor"", ""schedule"": ""days"", ""serviceAccount"": ""survivor@paramount-plus.iam.gserviceaccount.com"", ""orchestratorComponentId"": ""survivor"", ""orchestratorWorkflowId"": ""andrea_boehlke"", ""workflowType"": ""cast-member-query""}}",2026-10-01,2026-10-01T08:00:00Z
workflow:survivor/ethan_zohn,workflow,ethan_zohn,https://backstage.example.com/workflows/ethan_zohn/instances,"[""group:default/paramount-plus-infra""]",[],true,"{""workflow"": {""bqDestinationTableProjects"": [""paramount-plus""], ""bqJobProjects"": [""paramount-plus""], ""enabled"": true, ""offset"": ""PT1H"", ""orchestrationType"": ""orchestrator"", ""parentComponentId"": ""component:default/survivor"", ""schedule"": ""days"", ""serviceAccount"": ""survivor@paramount-plus.iam.gserviceaccount.com"", ""orchestratorComponentId"": ""survivor"", ""orchestratorWorkflowId"": ""ethan_zohn"", ""workflowType"": ""cast-member-query""}}",2026-10-01,2026-10-01T08:00:00Z
workflow:survivor/sarah_lacina,workflow,sarah_lacina,https://backstage.example.com/workflows/sarah_lacina/instances,"[""group:default/paramount-plus-infra""]",[],true,"{""workflow"": {""bqDestinationTableProjects"": [""paramount-plus""], ""bqJobProjects"": [""paramount-plus""], ""enabled"": true, ""offset"": ""PT1H"", ""orchestrationType"": ""orchestrator"", ""parentComponentId"": ""component:default/survivor"", ""schedule"": ""days"", ""serviceAccount"": ""survivor@paramount-plus.iam.gserviceaccount.com"", ""orchestratorComponentId"": ""survivor"", ""orchestratorWorkflowId"": ""sarah_lacina"", ""workflowType"": ""cast-member-query""}}",2026-10-01,2026-10-01T08:00:00Z
workflow:survivor/jonathan_penner,workflow,jonathan_penner,https://backstage.example.com/workflows/jonathan_penner/instances,"[""group:default/paramount-plus-infra""]",[],true,"{""workflow"": {""bqDestinationTableProjects"": [""paramount-plus""], ""bqJobProjects"": [""paramount-plus""], ""enabled"": false, ""offset"": ""PT1H"", ""orchestrationType"": ""orchestrator"", ""parentComponentId"": ""component:default/survivor"", ""schedule"": ""days"", ""serviceAccount"": ""survivor@paramount-plus.iam.gserviceaccount.com"", ""orchestratorComponentId"": ""survivor"", ""orchestratorWorkflowId"": ""jonathan_penner"", ""workflowType"": ""cast-member-query""}}",2026-10-01,2026-10-01T08:00:00Z
workflow:survivor/candice_woodcock,workflow,candice_woodcock,https://backstage.example.com/workflows/candice_woodcock/instances,"[""group:default/paramount-plus-infra""]",[],true,"{""workflow"": {""bqDestinationTableProjects"": [""paramount-plus""], ""bqJobProjects"": [""paramount-plus""], ""enabled"": true, ""offset"": ""PT15M"", ""orchestrationType"": ""orchestrator"", ""parentComponentId"": ""component:default/survivor"", ""schedule"": ""hours"", ""serviceAccount"": ""survivor@paramount-plus.iam.gserviceaccount.com"", ""orchestratorComponentId"": ""survivor"", ""orchestratorWorkflowId"": ""candice_woodcock"", ""workflowType"": ""cast-member-query""}}",2026-10-01,2026-10-01T08:00:00Z
workflow:survivor/james_clement,workflow,james_clement,https://backstage.example.com/workflows/james_clement/instances,"[""group:default/paramount-plus-infra""]",[],true,"{""workflow"": {""bqDestinationTableProjects"": [""paramount-plus""], ""bqJobProjects"": [""paramount-plus""], ""enabled"": true, ""offset"": ""PT1H"", ""orchestrationType"": ""orchestrator"", ""parentComponentId"": ""component:default/survivor"", ""schedule"": ""days"", ""serviceAccount"": ""survivor@paramount-plus.iam.gserviceaccount.com"", ""orchestratorComponentId"": ""survivor"", ""orchestratorWorkflowId"": ""james_clement"", ""workflowType"": ""cast-member-query""}}",2026-10-01,2026-10-01T08:00:00Z
workflow:survivor/tina_wesson,workflow,tina_wesson,https://backstage.example.com/workflows/tina_wesson/instances,"[""group:default/paramount-plus-infra""]",[],true,"{""workflow"": {""bqDestinationTableProjects"": [""paramount-plus""], ""bqJobProjects"": [""paramount-plus""], ""enabled"": true, ""offset"": ""PT1H"", ""orchestrationType"": ""orchestrator"", ""parentComponentId"": ""component:default/survivor"", ""schedule"": ""days"", ""serviceAccount"": ""survivor@paramount-plus.iam.gserviceaccount.com"", ""orchestratorComponentId"": ""survivor"", ""orchestratorWorkflowId"": ""tina_wesson"", ""workflowType"": ""cast-member-query""}}",2026-10-01,2026-10-01T08:00:00Z
workflow:survivor/russell_hantz,workflow,russell_hantz,https://backstage.example.com/workflows/russell_hantz/instances,"[""group:default/paramount-plus-infra""]",[],true,"{""workflow"": {""bqDestinationTableProjects"": [""paramount-plus""], ""bqJobProjects"": [""paramount-plus""], ""enabled"": true, ""offset"": ""PT1H"", ""orchestrationType"": ""orchestrator"", ""parentComponentId"": ""component:default/survivor"", ""schedule"": ""days"", ""serviceAccount"": ""survivor@paramount-plus.iam.gserviceaccount.com"", ""orchestratorComponentId"": ""survivor"", ""orchestratorWorkflowId"": ""russell_hantz"", ""workflowType"": ""cast-member-query""}}",2026-10-01,2026-10-01T08:00:00Z
workflow:survivor/kelley_wentworth,workflow,kelley_wentworth,https://backstage.example.com/workflows/kelley_wentworth/instances,"[""group:default/paramount-plus-infra""]",[],true,"{""workflow"": {""bqDestinationTableProjects"": [""paramount-plus""], ""bqJobProjects"": [""paramount-plus""], ""enabled"": true, ""offset"": ""P1D"", ""orchestrationType"": ""orchestrator"", ""parentComponentId"": ""component:default/survivor"", ""schedule"": ""weeks"", ""serviceAccount"": ""survivor@paramount-plus.iam.gserviceaccount.com"", ""orchestratorComponentId"": ""survivor"", ""orchestratorWorkflowId"": ""kelley_wentworth"", ""workflowType"": ""cast-member-query""}}",2026-10-01,2026-10-01T08:00:00Z
workflow:survivor/alicia_calaway,workflow,alicia_calaway,https://backstage.example.com/workflows/alicia_calaway/instances,"[""group:default/paramount-plus-infra""]",[],true,"{""workflow"": {""bqDestinationTableProjects"": [""paramount-plus""], ""bqJobProjects"": [""paramount-plus""], ""enabled"": true, ""offset"": ""P1D"", ""orchestrationType"": ""orchestrator"", ""parentComponentId"": ""component:default/survivor"", ""schedule"": ""weeks"", ""serviceAccount"": ""survivor@paramount-plus.iam.gserviceaccount.com"", ""orchestratorComponentId"": ""survivor"", ""orchestratorWorkflowId"": ""alicia_calaway"", ""workflowType"": ""cast-member-query""}}",2026-10-01,2026-10-01T08:00:00Z
workflow:survivor/jt_thomas,workflow,jt_thomas,https://backstage.example.com/workflows/jt_thomas/instances,"[""group:default/paramount-plus-infra""]",[],true,"{""workflow"": {""bqDestinationTableProjects"": [""paramount-plus""], ""bqJobProjects"": [""paramount-plus""], ""enabled"": true, ""offset"": ""PT1H"", ""orchestrationType"": ""orchestrator"", ""parentComponentId"": ""component:default/survivor"", ""schedule"": ""days"", ""serviceAccount"": ""survivor@paramount-plus.iam.gserviceaccount.com"", ""orchestratorComponentId"": ""survivor"", ""orchestratorWorkflowId"": ""jt_thomas"", ""workflowType"": ""cast-member-query""}}",2026-10-01,2026-10-01T08:00:00Z
workflow:survivor/jenna_lewis_dougherty,workflow,jenna_lewis_dougherty,https://backstage.example.com/workflows/jenna_lewis_dougherty/instances,"[""group:default/paramount-plus-infra""]",[],true,"{""workflow"": {""bqDestinationTableProjects"": [""paramount-plus""], ""bqJobProjects"": [""paramount-plus""], ""enabled"": true, ""offset"": ""PT1H"", ""orchestrationType"": ""orchestrator"", ""parentComponentId"": ""component:default/survivor"", ""schedule"": ""days"", ""serviceAccount"": ""survivor@paramount-plus.iam.gserviceaccount.com"", ""orchestratorComponentId"": ""survivor"", ""orchestratorWorkflowId"": ""jenna_lewis_dougherty"", ""workflowType"": ""cast-member-query""}}",2026-10-01,2026-10-01T08:00:00Z
workflow:survivor/lex_van_den_berghe,workflow,lex_van_den_berghe,https://backstage.example.com/workflows/lex_van_den_berghe/instances,"[""group:default/paramount-plus-infra""]",[],true,"{""workflow"": {""bqDestinationTableProjects"": [""paramount-plus""], ""bqJobProjects"": [""paramount-plus""], ""enabled"": true, ""offset"": ""PT1H"", ""orchestrationType"": ""orchestrator"", ""parentComponentId"": ""component:default/survivor"", ""schedule"": ""days"", ""serviceAccount"": ""survivor@paramount-plus.iam.gserviceaccount.com"", ""orchestratorComponentId"": ""survivor"", ""orchestratorWorkflowId"": ""lex_van_den_berghe"", ""workflowType"": ""cast-member-query""}}",2026-10-01,2026-10-01T08:00:00Z
workflow:survivor/tom_buchanan,workflow,tom_buchanan,https://backstage.example.com/workflows/tom_buchanan/instances,"[""group:default/paramount-plus-infra""]",[],true,"{""workflow"": {""bqDestinationTableProjects"": [""paramount-plus""], ""bqJobProjects"": [""paramount-plus""], ""enabled"": true, ""offset"": ""PT1H"", ""orchestrationType"": ""orchestrator"", ""parentComponentId"": ""component:default/survivor"", ""schedule"": ""days"", ""serviceAccount"": ""survivor@paramount-plus.iam.gserviceaccount.com"", ""orchestratorComponentId"": ""survivor"", ""orchestratorWorkflowId"": ""tom_buchanan"", ""workflowType"": ""cast-member-query""}}",2026-10-01,2026-10-01T08:00:00Z
workflow:survivor/malcolm_freberg,workflow,malcolm_freberg,https://backstage.example.com/workflows/malcolm_freberg/instances,"[""group:default/paramount-plus-infra""]",[],true,"{""workflow"": {""bqDestinationTableProjects"": [""paramount-plus""], ""bqJobProjects"": [""paramount-plus""], ""enabled"": true, ""offset"": ""PT1H"", ""orchestrationType"": ""orchestrator"", ""parentComponentId"": ""component:default/survivor"", ""schedule"": ""days"", ""serviceAccount"": ""survivor@paramount-plus.iam.gserviceaccount.com"", ""orchestratorComponentId"": ""survivor"", ""orchestratorWorkflowId"": ""malcolm_freberg"", ""workflowType"": ""cast-member-query""}}",2026-10-01,2026-10-01T08:00:00Z
workflow:survivor/kathy_vavrick_obrien,workflow,kathy_vavrick_obrien,https://backstage.example.com/workflows/kathy_vavrick_obrien/instances,"[""group:default/paramount-plus-infra""]",[],true,"{""workflow"": {""bqDestinationTableProjects"": [""paramount-plus""], ""bqJobProjects"": [""paramount-plus""], ""enabled"": true, ""offset"": ""PT1H"", ""orchestrationType"": ""orchestrator"", ""parentComponentId"": ""component:default/survivor"", ""schedule"": ""days"", ""serviceAccount"": ""survivor@paramount-plus.iam.gserviceaccount.com"", ""orchestratorComponentId"": ""survivor"", ""orchestratorWorkflowId"": ""kathy_vavrick_obrien"", ""workflowType"": ""cast-member-query""}}",2026-10-01,2026-10-01T08:00:00Z
workflow:survivor/ciera_eastin,workflow,ciera_eastin,https://backstage.example.com/workflows/ciera_eastin/instances,"[""group:default/paramount-plus-infra""]",[],true,"{""workflow"": {""bqDestinationTableProjects"": [""paramount-plus""], ""bqJobProjects"": [""paramount-plus""], ""enabled"": true, ""offset"": ""PT1H"", ""orchestrationType"": ""orchestrator"", ""parentComponentId"": ""component:default/survivor"", ""schedule"": ""days"", ""serviceAccount"": ""survivor@paramount-plus.iam.gserviceaccount.com"", ""orchestratorComponentId"": ""survivor"", ""orchestratorWorkflowId"": ""ciera_eastin"", ""workflowType"": ""cast-member-query""}}",2026-10-01,2026-10-01T08:00:00Z
workflow:survivor/john_cochran,workflow,john_cochran,https://backstage.example.com/workflows/john_cochran/instances,"[""group:default/paramount-plus-infra""]",[],true,"{""workflow"": {""bqDestinationTableProjects"": [""paramount-plus""], ""bqJobProjects"": [""paramount-plus""], ""enabled"": true, ""offset"": ""PT1H"", ""orchestrationType"": ""orchestrator"", ""parentComponentId"": ""component:default/survivor"", ""schedule"": ""days"", ""serviceAccount"": ""survivor@paramount-plus.iam.gserviceaccount.com"", ""orchestratorComponentId"": ""survivor"", ""orchestratorWorkflowId"": ""john_cochran"", ""workflowType"": ""cast-member-query""}}",2026-10-01,2026-10-01T08:00:00Z
workflow:survivor/danielle_dilorenzo,workflow,danielle_dilorenzo,https://backstage.example.com/workflows/danielle_dilorenzo/instances,"[""group:default/paramount-plus-infra""]",[],true,"{""workflow"": {""bqDestinationTableProjects"": [""paramount-plus""], ""bqJobProjects"": [""paramount-plus""], ""enabled"": true, ""offset"": ""PT1H"", ""orchestrationType"": ""orchestrator"", ""parentComponentId"": ""component:default/survivor"", ""schedule"": ""days"", ""serviceAccount"": ""survivor@paramount-plus.iam.gserviceaccount.com"", ""orchestratorComponentId"": ""survivor"", ""orchestratorWorkflowId"": ""danielle_dilorenzo"", ""workflowType"": ""cast-member-query""}}",2026-10-01,2026-10-01T08:00:00Z
workflow:survivor/stephen_fishbach,workflow,stephen_fishbach,https://backstage.example.com/workflows/stephen_fishbach/instances,"[""group:default/paramount-plus-infra""]",[],true,"{""workflow"": {""bqDestinationTableProjects"": [""paramount-plus""], ""bqJobProjects"": [""paramount-plus""], ""enabled"": true, ""offset"": ""PT1H"", ""orchestrationType"": ""orchestrator"", ""parentComponentId"": ""component:default/survivor"", ""schedule"": ""days"", ""serviceAccount"": ""survivor@paramount-plus.iam.gserviceaccount.com"", ""orchestratorComponentId"": ""survivor"", ""orchestratorWorkflowId"": ""stephen_fishbach"", ""workflowType"": ""cast-member-query""}}",2026-10-01,2026-10-01T08:00:00Z
workflow:survivor/abi_maria_gomes,workflow,abi_maria_gomes,https://backstage.example.com/workflows/abi_maria_gomes/instances,"[""group:default/paramount-plus-infra""]",[],true,"{""workflow"": {""bqDestinationTableProjects"": [""paramount-plus""], ""bqJobProjects"": [""paramount-plus""], ""enabled"": true, ""offset"": ""PT15M"", ""orchestrationType"": ""orchestrator"", ""parentComponentId"": ""component:default/survivor"", ""schedule"": ""hours"", ""serviceAccount"": ""survivor@paramount-plus.iam.gserviceaccount.com"", ""orchestratorComponentId"": ""survivor"", ""orchestratorWorkflowId"": ""abi_maria_gomes"", ""workflowType"": ""cast-member-query""}}",2026-10-01,2026-10-01T08:00:00Z
workflow:survivor/keith_nale,workflow,keith_nale,https://backstage.example.com/workflows/keith_nale/instances,"[""group:default/paramount-plus-infra""]",[],true,"{""workflow"": {""bqDestinationTableProjects"": [""paramount-plus""], ""bqJobProjects"": [""paramount-plus""], ""enabled"": true, ""offset"": ""PT1H"", ""orchestrationType"": ""orchestrator"", ""parentComponentId"": ""component:default/survivor"", ""schedule"": ""days"", ""serviceAccount"": ""survivor@paramount-plus.iam.gserviceaccount.com"", ""orchestratorComponentId"": ""survivor"", ""orchestratorWorkflowId"": ""keith_nale"", ""workflowType"": ""cast-member-query""}}",2026-10-01,2026-10-01T08:00:00Z
workflow:survivor/aras_baskauskas,workflow,aras_baskauskas,https://backstage.example.com/workflows/aras_baskauskas/instances,"[""group:default/paramount-plus-infra""]",[],true,"{""workflow"": {""bqDestinationTableProjects"": [""paramount-plus""], ""bqJobProjects"": [""paramount-plus""], ""enabled"": true, ""offset"": ""PT1H"", ""orchestrationType"": ""orchestrator"", ""parentComponentId"": ""component:default/survivor"", ""schedule"": ""days"", ""serviceAccount"": ""survivor@paramount-plus.iam.gserviceaccount.com"", ""orchestratorComponentId"": ""survivor"", ""orchestratorWorkflowId"": ""aras_baskauskas"", ""workflowType"": ""cast-member-query""}}",2026-10-01,2026-10-01T08:00:00Z
workflow:survivor/laura_morett,workflow,laura_morett,https://backstage.example.com/workflows/laura_morett/instances,"[""group:default/paramount-plus-infra""]",[],true,"{""workflow"": {""bqDestinationTableProjects"": [""paramount-plus""], ""bqJobProjects"": [""paramount-plus""], ""enabled"": true, ""offset"": ""PT1H"", ""orchestrationType"": ""orchestrator"", ""parentComponentId"": ""component:default/survivor"", ""schedule"": ""days"", ""serviceAccount"": ""survivor@paramount-plus.iam.gserviceaccount.com"", ""orchestratorComponentId"": ""survivor"", ""orchestratorWorkflowId"": ""laura_morett"", ""workflowType"": ""cast-member-query""}}",2026-10-01,2026-10-01T08:00:00Z
workflow:survivor/brenda_lowe,workflow,brenda_lowe,https://backstage.example.com/workflows/brenda_lowe/instances,"[""group:default/paramount-plus-infra""]",[],true,"{""workflow"": {""bqDestinationTableProjects"": [""paramount-plus""], ""bqJobProjects"": [""paramount-plus""], ""enabled"": true, ""offset"": ""P1D"", ""orchestrationType"": ""orchestrator"", ""parentComponentId"": ""component:default/survivor"", ""schedule"": ""weeks"", ""serviceAccount"": ""survivor@paramount-plus.iam.gserviceaccount.com"", ""orchestratorComponentId"": ""survivor"", ""orchestratorWorkflowId"": ""brenda_lowe"", ""workflowType"": ""cast-member-query""}}",2026-10-01,2026-10-01T08:00:00Z
workflow:survivor/dawn_meehan,workflow,dawn_meehan,https://backstage.example.com/workflows/dawn_meehan/instances,"[""group:default/paramount-plus-infra""]",[],true,"{""workflow"": {""bqDestinationTableProjects"": [""paramount-plus""], ""bqJobProjects"": [""paramount-plus""], ""enabled"": true, ""offset"": ""PT1H"", ""orchestrationType"": ""orchestrator"", ""parentComponentId"": ""component:default/survivor"", ""schedule"": ""days"", ""serviceAccount"": ""survivor@paramount-plus.iam.gserviceaccount.com"", ""orchestratorComponentId"": ""survivor"", ""orchestratorWorkflowId"": ""dawn_meehan"", ""workflowType"": ""cast-member-query""}}",2026-10-01,2026-10-01T08:00:00Z
workflow:survivor/yul_kwon,workflow,yul_kwon,https://backstage.example.com/workflows/yul_kwon/instances,"[""group:default/paramount-plus-infra""]",[],true,"{""workflow"": {""bqDestinationTableProjects"": [""paramount-plus""], ""bqJobProjects"": [""paramount-plus""], ""enabled"": true, ""offset"": ""PT1H"", ""orchestrationType"": ""orchestrator"", ""parentComponentId"": ""component:default/survivor"", ""schedule"": ""days"", ""serviceAccount"": ""survivor@paramount-plus.iam.gserviceaccount.com"", ""orchestratorComponentId"": ""survivor"", ""orchestratorWorkflowId"": ""yul_kwon"", ""workflowType"": ""cast-member-query""}}",2026-10-01,2026-10-01T08:00:00Z
workflow:survivor/courtney_yates,workflow,courtney_yates,https://backstage.example.com/workflows/courtney_yates/instances,"[""group:default/paramount-plus-infra""]",[],true,"{""workflow"": {""bqDestinationTableProjects"": [""paramount-plus""], ""bqJobProjects"": [""paramount-plus""], ""enabled"": true, ""offset"": ""P1D"", ""orchestrationType"": ""orchestrator"", ""parentComponentId"": ""component:default/survivor"", ""schedule"": ""weeks"", ""serviceAccount"": ""survivor@paramount-plus.iam.gserviceaccount.com"", ""orchestratorComponentId"": ""survivor"", ""orchestratorWorkflowId"": ""courtney_yates"", ""workflowType"": ""cast-member-query""}}",2026-10-01,2026-10-01T08:00:00Z
workflow:survivor/sophie_clarke,workflow,sophie_clarke,https://backstage.example.com/workflows/sophie_clarke/instances,"[""group:default/paramount-plus-infra""]",[],true,"{""workflow"": {""bqDestinationTableProjects"": [""paramount-plus""], ""bqJobProjects"": [""paramount-plus""], ""enabled"": true, ""offset"": ""PT1H"", ""orchestrationType"": ""orchestrator"", ""parentComponentId"": ""component:default/survivor"", ""schedule"": ""days"", ""serviceAccount"": ""survivor@paramount-plus.iam.gserviceaccount.com"", ""orchestratorComponentId"": ""survivor"", ""orchestratorWorkflowId"": ""sophie_clarke"", ""workflowType"": ""cast-member-query""}}",2026-10-01,2026-10-01T08:00:00Z
workflow:survivor/tony_vlachos,workflow,tony_vlachos,https://backstage.example.com/workflows/tony_vlachos/instances,"[""group:default/paramount-plus-infra""]",[],true,"{""workflow"": {""bqDestinationTableProjects"": [""paramount-plus""], ""bqJobProjects"": [""paramount-plus""], ""enabled"": true, ""offset"": ""P1D"", ""orchestrationType"": ""orchestrator"", ""parentComponentId"": ""component:default/survivor"", ""schedule"": ""weeks"", ""serviceAccount"": ""survivor@paramount-plus.iam.gserviceaccount.com"", ""orchestratorComponentId"": ""survivor"", ""orchestratorWorkflowId"": ""tony_vlachos"", ""workflowType"": ""cast-member-query""}}",2026-10-01,2026-10-01T08:00:00Z
workflow:survivor/kelly_wiglesworth,workflow,kelly_wiglesworth,https://backstage.example.com/workflows/kelly_wiglesworth/instances,"[""group:default/paramount-plus-infra""]",[],true,"{""workflow"": {""bqDestinationTableProjects"": [""paramount-plus""], ""bqJobProjects"": [""paramount-plus""], ""enabled"": true, ""offset"": ""P1D"", ""orchestrationType"": ""orchestrator"", ""parentComponentId"": ""component:default/survivor"", ""schedule"": ""weeks"", ""serviceAccount"": ""survivor@paramount-plus.iam.gserviceaccount.com"", ""orchestratorComponentId"": ""survivor"", ""orchestratorWorkflowId"": ""kelly_wiglesworth"", ""workflowType"": ""cast-member-query""}}",2026-10-01,2026-10-01T08:00:00Z
workflow:survivor/kassandra_mcquillen,workflow,kassandra_mcquillen,https://backstage.example.com/workflows/kassandra_mcquillen/instances,"[""group:default/paramount-plus-infra""]",[],true,"{""workflow"": {""bqDestinationTableProjects"": [""paramount-plus""], ""bqJobProjects"": [""paramount-plus""], ""enabled"": true, ""offset"": ""PT1H"", ""orchestrationType"": ""orchestrator"", ""parentComponentId"": ""component:default/survivor"", ""schedule"": ""days"", ""serviceAccount"": ""survivor@paramount-plus.iam.gserviceaccount.com"", ""orchestratorComponentId"": ""survivor"", ""orchestratorWorkflowId"": ""kassandra_mcquillen"", ""workflowType"": ""cast-member-query""}}",2026-10-01,2026-10-01T08:00:00Z
workflow:survivor/spencer_bledsoe,workflow,spencer_bledsoe,https://backstage.example.com/workflows/spencer_bledsoe/instances,"[""group:default/paramount-plus-infra""]",[],true,"{""workflow"": {""bqDestinationTableProjects"": [""paramount-plus""], ""bqJobProjects"": [""paramount-plus""], ""enabled"": true, ""offset"": ""PT1H"", ""orchestrationType"": ""orchestrator"", ""parentComponentId"": ""component:default/survivor"", ""schedule"": ""days"", ""serviceAccount"": ""survivor@paramount-plus.iam.gserviceaccount.com"", ""orchestratorComponentId"": ""survivor"", ""orchestratorWorkflowId"": ""spencer_bledsoe"", ""workflowType"": ""cast-member-query""}}",2026-10-01,2026-10-01T08:00:00Z
workflow:survivor/tasha_fox,workflow,tasha_fox,https://backstage.example.com/workflows/tasha_fox/instances,"[""group:default/paramount-plus-infra""]",[],true,"{""workflow"": {""bqDestinationTableProjects"": [""paramount-plus""], ""bqJobProjects"": [""paramount-plus""], ""enabled"": true, ""offset"": ""P1D"", ""orchestrationType"": ""orchestrator"", ""parentComponentId"": ""component:default/survivor"", ""schedule"": ""weeks"", ""serviceAccount"": ""survivor@paramount-plus.iam.gserviceaccount.com"", ""orchestratorComponentId"": ""survivor"", ""orchestratorWorkflowId"": ""tasha_fox"", ""workflowType"": ""cast-member-query""}}",2026-10-01,2026-10-01T08:00:00Z
workflow:survivor/eliza_orlins,workflow,eliza_orlins,https://backstage.example.com/workflows/eliza_orlins/instances,"[""group:default/paramount-plus-infra""]",[],true,"{""workflow"": {""bqDestinationTableProjects"": [""paramount-plus""], ""bqJobProjects"": [""paramount-plus""], ""enabled"": true, ""offset"": ""P1D"", ""orchestrationType"": ""orchestrator"", ""parentComponentId"": ""component:default/survivor"", ""schedule"": ""weeks"", ""serviceAccount"": ""survivor@paramount-plus.iam.gserviceaccount.com"", ""orchestratorComponentId"": ""survivor"", ""orchestratorWorkflowId"": ""eliza_orlins"", ""workflowType"": ""cast-member-query""}}",2026-10-01,2026-10-01T08:00:00Z
workflow:survivor/erik_reichenbach,workflow,erik_reichenbach,https://backstage.example.com/workflows/erik_reichenbach/instances,"[""group:default/paramount-plus-infra""]",[],true,"{""workflow"": {""bqDestinationTableProjects"": [""paramount-plus""], ""bqJobProjects"": [""paramount-plus""], ""enabled"": false, ""offset"": ""PT1H"", ""orchestrationType"": ""orchestrator"", ""parentComponentId"": ""component:default/survivor"", ""schedule"": ""days"", ""serviceAccount"": ""survivor@paramount-plus.iam.gserviceaccount.com"", ""orchestratorComponentId"": ""survivor"", ""orchestratorWorkflowId"": ""erik_reichenbach"", ""workflowType"": ""cast-member-query""}}",2026-10-01,2026-10-01T08:00:00Z
workflow:survivor/phillip_sheppard,workflow,phillip_sheppard,https://backstage.example.com/workflows/phillip_sheppard/instances,"[""group:default/paramount-plus-infra""]",[],true,"{""workflow"": {""bqDestinationTableProjects"": [""paramount-plus""], ""bqJobProjects"": [""paramount-plus""], ""enabled"": true, ""offset"": ""PT15M"", ""orchestrationType"": ""orchestrator"", ""parentComponentId"": ""component:default/survivor"", ""schedule"": ""hours"", ""serviceAccount"": ""survivor@paramount-plus.iam.gserviceaccount.com"", ""orchestratorComponentId"": ""survivor"", ""orchestratorWorkflowId"": ""phillip_sheppard"", ""workflowType"": ""cast-member-query""}}",2026-10-01,2026-10-01T08:00:00Z
workflow:survivor/danni_boatwright,workflow,danni_boatwright,https://backstage.example.com/workflows/danni_boatwright/instances,"[""group:default/paramount-plus-infra""]",[],true,"{""workflow"": {""bqDestinationTableProjects"": [""paramount-plus""], ""bqJobProjects"": [""paramount-plus""], ""enabled"": true, ""offset"": ""PT1H"", ""orchestrationType"": ""orchestrator"", ""parentComponentId"": ""component:default/survivor"", ""schedule"": ""days"", ""serviceAccount"": ""survivor@paramount-plus.iam.gserviceaccount.com"", ""orchestratorComponentId"": ""survivor"", ""orchestratorWorkflowId"": ""danni_boatwright"", ""workflowType"": ""cast-member-query""}}",2026-10-01,2026-10-01T08:00:00Z
workflow:survivor/gervase_peterson,workflow,gervase_peterson,https://backstage.example.com/workflows/gervase_peterson/instances,"[""group:default/paramount-plus-infra""]",[],true,"{""workflow"": {""bqDestinationTableProjects"": [""paramount-plus""], ""bqJobProjects"": [""paramount-plus""], ""enabled"": true, ""offset"": ""PT1H"", ""orchestrationType"": ""orchestrator"", ""parentComponentId"": ""component:default/survivor"", ""schedule"": ""days"", ""serviceAccount"": ""survivor@paramount-plus.iam.gserviceaccount.com"", ""orchestratorComponentId"": ""survivor"", ""orchestratorWorkflowId"": ""gervase_peterson"", ""workflowType"": ""cast-member-query""}}",2026-10-01,2026-10-01T08:00:00Z
workflow:survivor/natalie_anderson,workflow,natalie_anderson,https://backstage.example.com/workflows/natalie_anderson/instances,"[""group:default/paramount-plus-infra""]",[],true,"{""workflow"": {""bqDestinationTableProjects"": [""paramount-plus""], ""bqJobProjects"": [""paramount-plus""], ""enabled"": true, ""offset"": ""PT1H"", ""orchestrationType"": ""orchestrator"", ""parentComponentId"": ""component:default/survivor"", ""schedule"": ""days"", ""serviceAccount"": ""survivor@paramount-plus.iam.gserviceaccount.com"", ""orchestratorComponentId"": ""survivor"", ""orchestratorWorkflowId"": ""natalie_anderson"", ""workflowType"": ""cast-member-query""}}",2026-10-01,2026-10-01T08:00:00Z
workflow:survivor/wendell_holland,workflow,wendell_holland,https://backstage.example.com/workflows/wendell_holland/instances,"[""group:default/paramount-plus-infra""]",[],true,"{""workflow"": {""bqDestinationTableProjects"": [""paramount-plus""], ""bqJobProjects"": [""paramount-plus""], ""enabled"": true, ""offset"": ""PT1H"", ""orchestrationType"": ""orchestrator"", ""parentComponentId"": ""component:default/survivor"", ""schedule"": ""days"", ""serviceAccount"": ""survivor@paramount-plus.iam.gserviceaccount.com"", ""orchestratorComponentId"": ""survivor"", ""orchestratorWorkflowId"": ""wendell_holland"", ""workflowType"": ""cast-member-query""}}",2026-10-01,2026-10-01T08:00:00Z
workflow:survivor/kim_spradlin,workflow,kim_spradlin,https://backstage.example.com/workflows/kim_spradlin/instances,"[""group:default/paramount-plus-infra""]",[],true,"{""workflow"": {""bqDestinationTableProjects"": [""paramount-plus""], ""bqJobProjects"": [""paramount-plus""], ""enabled"": true, ""offset"": ""PT1H"", ""orchestrationType"": ""orchestrator"", ""parentComponentId"": ""component:default/survivor"", ""schedule"": ""days"", ""serviceAccount"": ""survivor@paramount-plus.iam.gserviceaccount.com"", ""orchestratorComponentId"": ""survivor"", ""orchestratorWorkflowId"": ""kim_spradlin"", ""workflowType"": ""cast-member-query""}}",2026-10-01,2026-10-01T08:00:00Z
workflow:survivor/denise_stapley,workflow,denise_stapley,https://backstage.example.com/workflows/denise_stapley/instances,"[""group:default/paramount-plus-infra""]",[],true,"{""workflow"": {""bqDestinationTableProjects"": [""paramount-plus""], ""bqJobProjects"": [""paramount-plus""], ""enabled"": true, ""offset"": ""PT1H"", ""orchestrationType"": ""orchestrator"", ""parentComponentId"": ""component:default/survivor"", ""schedule"": ""days"", ""serviceAccount"": ""survivor@paramount-plus.iam.gserviceaccount.com"", ""orchestratorComponentId"": ""survivor"", ""orchestratorWorkflowId"": ""denise_stapley"", ""workflowType"": ""cast-member-query""}}",2026-10-01,2026-10-01T08:00:00Z
workflow:survivor/ben_driebergen,workflow,ben_driebergen,https://backstage.example.com/workflows/ben_driebergen/instances,"[""group:default/paramount-plus-infra""]",[],true,"{""workflow"": {""bqDestinationTableProjects"": [""paramount-plus""], ""bqJobProjects"": [""paramount-plus""], ""enabled"": false, ""offset"": ""PT1H"", ""orchestrationType"": ""orchestrator"", ""parentComponentId"": ""component:default/survivor"", ""schedule"": ""days"", ""serviceAccount"": ""survivor@paramount-plus.iam.gserviceaccount.com"", ""orchestratorComponentId"": ""survivor"", ""orchestratorWorkflowId"": ""ben_driebergen"", ""workflowType"": ""cast-member-query""}}",2026-10-01,2026-10-01T08:00:00Z
workflow:survivor/troyzan_robertson,workflow,troyzan_robertson,https://backstage.example.com/workflows/troyzan_robertson/instances,"[""group:default/paramount-plus-infra""]",[],true,"{""workflow"": {""bqDestinationTableProjects"": [""paramount-plus""], ""bqJobProjects"": [""paramount-plus""], ""enabled"": true, ""offset"": ""PT1H"", ""orchestrationType"": ""orchestrator"", ""parentComponentId"": ""component:default/survivor"", ""schedule"": ""days"", ""serviceAccount"": ""survivor@paramount-plus.iam.gserviceaccount.com"", ""orchestratorComponentId"": ""survivor"", ""orchestratorWorkflowId"": ""troyzan_robertson"", ""workflowType"": ""cast-member-query""}}",2026-10-01,2026-10-01T08:00:00Z
workflow:survivor/michele_fitzgerald,workflow,michele_fitzgerald,https://backstage.example.com/workflows/michele_fitzgerald/instances,"[""group:default/paramount-plus-infra""]",[],true,"{""workflow"": {""bqDestinationTableProjects"": [""paramount-plus""], ""bqJobProjects"": [""paramount-plus""], ""enabled"": true, ""offset"": ""PT15M"", ""orchestrationType"": ""orchestrator"", ""parentComponentId"": ""component:default/survivor"", ""schedule"": ""hours"", ""serviceAccount"": ""survivor@paramount-plus.iam.gserviceaccount.com"", ""orchestratorComponentId"": ""survivor"", ""orchestratorWorkflowId"": ""michele_fitzgerald"", ""workflowType"": ""cast-member-query""}}",2026-10-01,2026-10-01T08:00:00Z
workflow:survivor/hali_ford,workflow,hali_ford,https://backstage.example.com/workflows/hali_ford/instances,"[""group:default/paramount-plus-infra""]",[],true,"{""workflow"": {""bqDestinationTableProjects"": [""paramount-plus""], ""bqJobProjects"": [""paramount-plus""], ""enabled"": true, ""offset"": ""PT15M"", ""orchestrationType"": ""orchestrator"", ""parentComponentId"": ""component:default/survivor"", ""schedule"": ""hours"", ""serviceAccount"": ""survivor@paramount-plus.iam.gserviceaccount.com"", ""orchestratorComponentId"": ""survivor"", ""orchestratorWorkflowId"": ""hali_ford"", ""workflowType"": ""cast-member-query""}}",2026-10-01,2026-10-01T08:00:00Z
workflow:survivor/debbie_wanner,workflow,debbie_wanner,https://backstage.example.com/workflows/debbie_wanner/instances,"[""group:default/paramount-plus-infra""]",[],true,"{""workflow"": {""bqDestinationTableProjects"": [""paramount-plus""], ""bqJobProjects"": [""paramount-plus""], ""enabled"": true, ""offset"": ""P1D"", ""orchestrationType"": ""orchestrator"", ""parentComponentId"": ""component:default/survivor"", ""schedule"": ""weeks"", ""serviceAccount"": ""survivor@paramount-plus.iam.gserviceaccount.com"", ""orchestratorComponentId"": ""survivor"", ""orchestratorWorkflowId"": ""debbie_wanner"", ""workflowType"": ""cast-member-query""}}",2026-10-01,2026-10-01T08:00:00Z
workflow:survivor/sierra_dawn_thomas,workflow,sierra_dawn_thomas,https://backstage.example.com/workflows/sierra_dawn_thomas/instances,"[""group:default/paramount-plus-infra""]",[],true,"{""workflow"": {""bqDestinationTableProjects"": [""paramount-plus""], ""bqJobProjects"": [""paramount-plus""], ""enabled"": true, ""offset"": ""PT1H"", ""orchestrationType"": ""orchestrator"", ""parentComponentId"": ""component:default/survivor"", ""schedule"": ""days"", ""serviceAccount"": ""survivor@paramount-plus.iam.gserviceaccount.com"", ""orchestratorComponentId"": ""survivor"", ""orchestratorWorkflowId"": ""sierra_dawn_thomas"", ""workflowType"": ""cast-member-query""}}",2026-10-01,2026-10-01T08:00:00Z
workflow:survivor/tai_trang,workflow,tai_trang,https://backstage.example.com/workflows/tai_trang/instances,"[""group:default/paramount-plus-infra""]",[],true,"{""workflow"": {""bqDestinationTableProjects"": [""paramount-plus""], ""bqJobProjects"": [""paramount-plus""], ""enabled"": true, ""offset"": ""P1D"", ""orchestrationType"": ""orchestrator"", ""parentComponentId"": ""component:default/survivor"", ""schedule"": ""weeks"", ""serviceAccount"": ""survivor@paramount-plus.iam.gserviceaccount.com"", ""orchestratorComponentId"": ""survivor"", ""orchestratorWorkflowId"": ""tai_trang"", ""workflowType"": ""cast-member-query""}}",2026-10-01,2026-10-01T08:00:00Z
workflow:survivor/adam_klein,workflow,adam_klein,https://backstage.example.com/workflows/adam_klein/instances,"[""group:default/paramount-plus-infra""]",[],true,"{""workflow"": {""bqDestinationTableProjects"": [""paramount-plus""], ""bqJobProjects"": [""paramount-plus""], ""enabled"": false, ""offset"": ""P1D"", ""orchestrationType"": ""orchestrator"", ""parentComponentId"": ""component:default/survivor"", ""schedule"": ""weeks"", ""serviceAccount"": ""survivor@paramount-plus.iam.gserviceaccount.com"", ""orchestratorComponentId"": ""survivor"", ""orchestratorWorkflowId"": ""adam_klein"", ""workflowType"": ""cast-member-query""}}",2026-10-01,2026-10-01T08:00:00Z
workflow:survivor/nick_wilson,workflow,nick_wilson,https://backstage.example.com/workflows/nick_wilson/instances,"[""group:default/paramount-plus-infra""]",[],true,"{""workflow"": {""bqDestinationTableProjects"": [""paramount-plus""], ""bqJobProjects"": [""paramount-plus""], ""enabled"": true, ""offset"": ""P1D"", ""orchestrationType"": ""orchestrator"", ""parentComponentId"": ""component:default/survivor"", ""schedule"": ""weeks"", ""serviceAccount"": ""survivor@paramount-plus.iam.gserviceaccount.com"", ""orchestratorComponentId"": ""survivor"", ""orchestratorWorkflowId"": ""nick_wilson"", ""workflowType"": ""cast-member-query""}}",2026-10-01,2026-10-01T08:00:00Z
workflow:survivor/david_wright,workflow,david_wright,https://backstage.example.com/workflows/david_wright/instances,"[""group:default/paramount-plus-infra""]",[],true,"{""workflow"": {""bqDestinationTableProjects"": [""paramount-plus""], ""bqJobProjects"": [""paramount-plus""], ""enabled"": true, ""offset"": ""PT1H"", ""orchestrationType"": ""orchestrator"", ""parentComponentId"": ""component:default/survivor"", ""schedule"": ""days"", ""serviceAccount"": ""survivor@paramount-plus.iam.gserviceaccount.com"", ""orchestratorComponentId"": ""survivor"", ""orchestratorWorkflowId"": ""david_wright"", ""workflowType"": ""cast-member-query""}}",2026-10-01,2026-10-01T08:00:00Z
workflow:survivor/chrissy_hofbeck,workflow,chrissy_hofbeck,https://backstage.example.com/workflows/chrissy_hofbeck/instances,"[""group:default/paramount-plus-infra""]",[],true,"{""workflow"": {""bqDestinationTableProjects"": [""paramount-plus""], ""bqJobProjects"": [""paramount-plus""], ""enabled"": true, ""offset"": ""PT1H"", ""orchestrationType"": ""orchestrator"", ""parentComponentId"": ""component:default/survivor"", ""schedule"": ""days"", ""serviceAccount"": ""survivor@paramount-plus.iam.gserviceaccount.com"", ""orchestratorComponentId"": ""survivor"", ""orchestratorWorkflowId"": ""chrissy_hofbeck"", ""workflowType"": ""cast-member-query""}}",2026-10-01,2026-10-01T08:00:00Z
workflow:survivor/zeke_smith,workflow,zeke_smith,https://backstage.example.com/workflows/zeke_smith/instances,"[""group:default/paramount-plus-infra""]",[],true,"{""workflow"": {""bqDestinationTableProjects"": [""paramount-plus""], ""bqJobProjects"": [""paramount-plus""], ""enabled"": true, ""offset"": ""PT15M"", ""orchestrationType"": ""orchestrator"", ""parentComponentId"": ""component:default/survivor"", ""schedule"": ""hours"", ""serviceAccount"": ""survivor@paramount-plus.iam.gserviceaccount.com"", ""orchestratorComponentId"": ""survivor"", ""orchestratorWorkflowId"": ""zeke_smith"", ""workflowType"": ""cast-member-query""}}",2026-10-01,2026-10-01T08:00:00Z
workflow:survivor/christian_hubicki,workflow,christian_hubicki,https://backstage.example.com/workflows/christian_hubicki/instances,"[""group:default/paramount-plus-infra""]",[],true,"{""workflow"": {""bqDestinationTableProjects"": [""paramount-plus""], ""bqJobProjects"": [""paramount-plus""], ""enabled"": true, ""offset"": ""PT1H"", ""orchestrationType"": ""orchestrator"", ""parentComponentId"": ""component:default/survivor"", ""schedule"": ""days"", ""serviceAccount"": ""survivor@paramount-plus.iam.gserviceaccount.com"", ""orchestratorComponentId"": ""survivor"", ""orchestratorWorkflowId"": ""christian_hubicki"", ""workflowType"": ""cast-member-query""}}",2026-10-01,2026-10-01T08:00:00Z
workflow:survivor/shii_ann_huang,workflow,shii_ann_huang,https://backstage.example.com/workflows/shii_ann_huang/instances,"[""group:default/paramount-plus-infra""]",[],true,"{""workflow"": {""bqDestinationTableProjects"": [""paramount-plus""], ""bqJobProjects"": [""paramount-plus""], ""enabled"": true, ""offset"": ""PT1H"", ""orchestrationType"": ""orchestrator"", ""parentComponentId"": ""component:default/survivor"", ""schedule"": ""days"", ""serviceAccount"": ""survivor@paramount-plus.iam.gserviceaccount.com"", ""orchestratorComponentId"": ""survivor"", ""orchestratorWorkflowId"": ""shii_ann_huang"", ""workflowType"": ""cast-member-query""}}",2026-10-01,2026-10-01T08:00:00Z
workflow:survivor/rick_devens,workflow,rick_devens,https://backstage.example.com/workflows/rick_devens/instances,"[""group:default/paramount-plus-infra""]",[],true,"{""workflow"": {""bqDestinationTableProjects"": [""paramount-plus""], ""bqJobProjects"": [""paramount-plus""], ""enabled"": true, ""offset"": ""PT1H"", ""orchestrationType"": ""orchestrator"", ""parentComponentId"": ""component:default/survivor"", ""schedule"": ""days"", ""serviceAccount"": ""survivor@paramount-plus.iam.gserviceaccount.com"", ""orchestratorComponentId"": ""survivor"", ""orchestratorWorkflowId"": ""rick_devens"", ""workflowType"": ""cast-member-query""}}",2026-10-01,2026-10-01T08:00:00Z
workflow:survivor/emily_flippen,workflow,emily_flippen,https://backstage.example.com/workflows/emily_flippen/instances,"[""group:default/paramount-plus-infra""]",[],true,"{""workflow"": {""bqDestinationTableProjects"": [""paramount-plus""], ""bqJobProjects"": [""paramount-plus""], ""enabled"": true, ""offset"": ""PT1H"", ""orchestrationType"": ""orchestrator"", ""parentComponentId"": ""component:default/survivor"", ""schedule"": ""days"", ""serviceAccount"": ""survivor@paramount-plus.iam.gserviceaccount.com"", ""orchestratorComponentId"": ""survivor"", ""orchestratorWorkflowId"": ""emily_flippen"", ""workflowType"": ""cast-member-query""}}",2026-10-01,2026-10-01T08:00:00Z
workflow:survivor/joe_hunter,workflow,joe_hunter,https://backstage.example.com/workflows/joe_hunter/instances,"[""group:default/paramount-plus-infra""]",[],true,"{""workflow"": {""bqDestinationTableProjects"": [""paramount-plus""], ""bqJobProjects"": [""paramount-plus""], ""enabled"": true, ""offset"": ""PT1H"", ""orchestrationType"": ""orchestrator"", ""parentComponentId"": ""component:default/survivor"", ""schedule"": ""days"", ""serviceAccount"": ""survivor@paramount-plus.iam.gserviceaccount.com"", ""orchestratorComponentId"": ""survivor"", ""orchestratorWorkflowId"": ""joe_hunter"", ""workflowType"": ""cast-member-query""}}",2026-10-01,2026-10-01T08:00:00Z
workflow:survivor/tiffany_nicole_ervin,workflow,tiffany_nicole_ervin,https://backstage.example.com/workflows/tiffany_nicole_ervin/instances,"[""group:default/paramount-plus-infra""]",[],true,"{""workflow"": {""bqDestinationTableProjects"": [""paramount-plus""], ""bqJobProjects"": [""paramount-plus""], ""enabled"": true, ""offset"": ""PT1H"", ""orchestrationType"": ""orchestrator"", ""parentComponentId"": ""component:default/survivor"", ""schedule"": ""days"", ""serviceAccount"": ""survivor@paramount-plus.iam.gserviceaccount.com"", ""orchestratorComponentId"": ""survivor"", ""orchestratorWorkflowId"": ""tiffany_nicole_ervin"", ""workflowType"": ""cast-member-query""}}",2026-10-01,2026-10-01T08:00:00Z
workflow:survivor/rizo_velovic,workflow,rizo_velovic,https://backstage.example.com/workflows/rizo_velovic/instances,"[""group:default/paramount-plus-infra""]",[],true,"{""workflow"": {""bqDestinationTableProjects"": [""paramount-plus""], ""bqJobProjects"": [""paramount-plus""], ""enabled"": true, ""offset"": ""PT1H"", ""orchestrationType"": ""orchestrator"", ""parentComponentId"": ""component:default/survivor"", ""schedule"": ""days"", ""serviceAccount"": ""survivor@paramount-plus.iam.gserviceaccount.com"", ""orchestratorComponentId"": ""survivor"", ""orchestratorWorkflowId"": ""rizo_velovic"", ""workflowType"": ""cast-member-query""}}",2026-10-01,2026-10-01T08:00:00Z
workflow:survivor/dee_valladares,workflow,dee_valladares,https://backstage.example.com/workflows/dee_valladares/instances,"[""group:default/paramount-plus-infra""]",[],true,"{""workflow"": {""bqDestinationTableProjects"": [""paramount-plus""], ""bqJobProjects"": [""paramount-plus""], ""enabled"": true, ""offset"": ""PT1H"", ""orchestrationType"": ""orchestrator"", ""parentComponentId"": ""component:default/survivor"", ""schedule"": ""days"", ""serviceAccount"": ""survivor@paramount-plus.iam.gserviceaccount.com"", ""orchestratorComponentId"": ""survivor"", ""orchestratorWorkflowId"": ""dee_valladares"", ""workflowType"": ""cast-member-query""}}",2026-10-01,2026-10-01T08:00:00Z
workflow:survivor/jonathan_young,workflow,jonathan_young,https://backstage.example.com/workflows/jonathan_young/instances,"[""group:default/paramount-plus-infra""]",[],true,"{""workflow"": {""bqDestinationTableProjects"": [""paramount-plus""], ""bqJobProjects"": [""paramount-plus""], ""enabled"": true, ""offset"": ""PT1H"", ""orchestrationType"": ""orchestrator"", ""parentComponentId"": ""component:default/survivor"", ""schedule"": ""days"", ""serviceAccount"": ""survivor@paramount-plus.iam.gserviceaccount.com"", ""orchestratorComponentId"": ""survivor"", ""orchestratorWorkflowId"": ""jonathan_young"", ""workflowType"": ""cast-member-query""}}",2026-10-01,2026-10-01T08:00:00Z
workflow:survivor/andrew_savage,workflow,andrew_savage,https://backstage.example.com/workflows/andrew_savage/instances,"[""group:default/paramount-plus-infra""]",[],true,"{""workflow"": {""bqDestinationTableProjects"": [""paramount-plus""], ""bqJobProjects"": [""paramount-plus""], ""enabled"": true, ""offset"": ""PT15M"", ""orchestrationType"": ""orchestrator"", ""parentComponentId"": ""component:default/survivor"", ""schedule"": ""hours"", ""serviceAccount"": ""survivor@paramount-plus.iam.gserviceaccount.com"", ""orchestratorComponentId"": ""survivor"", ""orchestratorWorkflowId"": ""andrew_savage"", ""workflowType"": ""cast-member-query""}}",2026-10-01,2026-10-01T08:00:00Z
workflow:survivor/michael_skupin,workflow,michael_skupin,https://backstage.example.com/workflows/michael_skupin/instances,"[""group:default/paramount-plus-infra""]",[],true,"{""workflow"": {""bqDestinationTableProjects"": [""paramount-plus""], ""bqJobProjects"": [""paramount-plus""], ""enabled"": true, ""offset"": ""PT1H"", ""orchestrationType"": ""orchestrator"", ""parentComponentId"": ""component:default/survivor"", ""schedule"": ""days"", ""serviceAccount"": ""survivor@paramount-plus.iam.gserviceaccount.com"", ""orchestratorComponentId"": ""survivor"", ""orchestratorWorkflowId"": ""michael_skupin"", ""workflowType"": ""cast-member-query""}}",2026-10-01,2026-10-01T08:00:00Z
workflow:survivor/kimmi_kappenberg,workflow,kimmi_kappenberg,https://backstage.example.com/workflows/kimmi_kappenberg/instances,"[""group:default/paramount-plus-infra""]",[],true,"{""workflow"": {""bqDestinationTableProjects"": [""paramount-plus""], ""bqJobProjects"": [""paramount-plus""], ""enabled"": true, ""offset"": ""PT15M"", ""orchestrationType"": ""orchestrator"", ""parentComponentId"": ""component:default/survivor"", ""schedule"": ""hours"", ""serviceAccount"": ""survivor@paramount-plus.iam.gserviceaccount.com"", ""orchestratorComponentId"": ""survivor"", ""orchestratorWorkflowId"": ""kimmi_kappenberg"", ""workflowType"": ""cast-member-query""}}",2026-10-01,2026-10-01T08:00:00Z
workflow:survivor/terry_deitz,workflow,terry_deitz,https://backstage.example.com/workflows/terry_deitz/instances,"[""group:default/paramount-plus-infra""]",[],true,"{""workflow"": {""bqDestinationTableProjects"": [""paramount-plus""], ""bqJobProjects"": [""paramount-plus""], ""enabled"": true, ""offset"": ""PT1H"", ""orchestrationType"": ""orchestrator"", ""parentComponentId"": ""component:default/survivor"", ""schedule"": ""days"", ""serviceAccount"": ""survivor@paramount-plus.iam.gserviceaccount.com"", ""orchestratorComponentId"": ""survivor"", ""orchestratorWorkflowId"": ""terry_deitz"", ""workflowType"": ""cast-member-query""}}",2026-10-01,2026-10-01T08:00:00Z
workflow:survivor/bobby_jon_drinkard,workflow,bobby_jon_drinkard,https://backstage.example.com/workflows/bobby_jon_drinkard/instances,"[""group:default/paramount-plus-infra""]",[],true,"{""workflow"": {""bqDestinationTableProjects"": [""paramount-plus""], ""bqJobProjects"": [""paramount-plus""], ""enabled"": true, ""offset"": ""PT1H"", ""orchestrationType"": ""orchestrator"", ""parentComponentId"": ""component:default/survivor"", ""schedule"": ""days"", ""serviceAccount"": ""survivor@paramount-plus.iam.gserviceaccount.com"", ""orchestratorComponentId"": ""survivor"", ""orchestratorWorkflowId"": ""bobby_jon_drinkard"", ""workflowType"": ""cast-member-query""}}",2026-10-01,2026-10-01T08:00:00Z
workflow:survivor/ami_cusack,workflow,ami_cusack,https://backstage.example.com/workflows/ami_cusack/instances,"[""group:default/paramount-plus-infra""]",[],true,"{""workflow"": {""bqDestinationTableProjects"": [""paramount-plus""], ""bqJobProjects"": [""paramount-plus""], ""enabled"": true, ""offset"": ""PT1H"", ""orchestrationType"": ""orchestrator"", ""parentComponentId"": ""component:default/survivor"", ""schedule"": ""days"", ""serviceAccount"": ""survivor@paramount-plus.iam.gserviceaccount.com"", ""orchestratorComponentId"": ""survivor"", ""orchestratorWorkflowId"": ""ami_cusack"", ""workflowType"": ""cast-member-query""}}",2026-10-01,2026-10-01T08:00:00Z
workflow:survivor/susan_hawk,workflow,susan_hawk,https://backstage.example.com/workflows/susan_hawk/instances,"[""group:default/paramount-plus-infra""]",[],true,"{""workflow"": {""bqDestinationTableProjects"": [""paramount-plus""], ""bqJobProjects"": [""paramount-plus""], ""enabled"": true, ""offset"": ""PT1H"", ""orchestrationType"": ""orchestrator"", ""parentComponentId"": ""component:default/survivor"", ""schedule"": ""days"", ""serviceAccount"": ""survivor@paramount-plus.iam.gserviceaccount.com"", ""orchestratorComponentId"": ""survivor"", ""orchestratorWorkflowId"": ""susan_hawk"", ""workflowType"": ""cast-member-query""}}",2026-10-01,2026-10-01T08:00:00Z
workflow:survivor/jeff_varner,workflow,jeff_varner,https://backstage.example.com/workflows/jeff_varner/instances,"[""group:default/paramount-plus-infra""]",[],true,"{""workflow"": {""bqDestinationTableProjects"": [""paramount-plus""], ""bqJobProjects"": [""paramount-plus""], ""enabled"": true, ""offset"": ""PT1H"", ""orchestrationType"": ""orchestrator"", ""parentComponentId"": ""component:default/survivor"", ""schedule"": ""days"", ""serviceAccount"": ""survivor@paramount-plus.iam.gserviceaccount.com"", ""orchestratorComponentId"": ""survivor"", ""orchestratorWorkflowId"": ""jeff_varner"", ""workflowType"": ""cast-member-query""}}",2026-10-01,2026-10-01T08:00:00Z
workflow:survivor/monica_padilla,workflow,monica_padilla,https://backstage.example.com/workflows/monica_padilla/instances,"[""group:default/paramount-plus-infra""]",[],true,"{""workflow"": {""bqDestinationTableProjects"": [""paramount-plus""], ""bqJobProjects"": [""paramount-plus""], ""enabled"": true, ""offset"": ""P1D"", ""orchestrationType"": ""orchestrator"", ""parentComponentId"": ""component:default/survivor"", ""schedule"": ""weeks"", ""serviceAccount"": ""survivor@paramount-plus.iam.gserviceaccount.com"", ""orchestratorComponentId"": ""survivor"", ""orchestratorWorkflowId"": ""monica_padilla"", ""workflowType"": ""cast-member-query""}}",2026-10-01,2026-10-01T08:00:00Z
workflow:survivor/kat_edorsson,workflow,kat_edorsson,https://backstage.example.com/workflows/kat_edorsson/instances,"[""group:default/paramount-plus-infra""]",[],true,"{""workflow"": {""bqDestinationTableProjects"": [""paramount-plus""], ""bqJobProjects"": [""paramount-plus""], ""enabled"": true, ""offset"": ""PT1H"", ""orchestrationType"": ""orchestrator"", ""parentComponentId"": ""component:default/survivor"", ""schedule"": ""days"", ""serviceAccount"": ""survivor@paramount-plus.iam.gserviceaccount.com"", ""orchestratorComponentId"": ""survivor"", ""orchestratorWorkflowId"": ""kat_edorsson"", ""workflowType"": ""cast-member-query""}}",2026-10-01,2026-10-01T08:00:00Z
workflow:survivor/richard_hatch,workflow,richard_hatch,https://backstage.example.com/workflows/richard_hatch/instances,"[""group:default/paramount-plus-infra""]",[],true,"{""workflow"": {""bqDestinationTableProjects"": [""paramount-plus""], ""bqJobProjects"": [""paramount-plus""], ""enabled"": true, ""offset"": ""P1D"", ""orchestrationType"": ""orchestrator"", ""parentComponentId"": ""component:default/survivor"", ""schedule"": ""weeks"", ""serviceAccount"": ""survivor@paramount-plus.iam.gserviceaccount.com"", ""orchestratorComponentId"": ""survivor"", ""orchestratorWorkflowId"": ""richard_hatch"", ""workflowType"": ""cast-member-query""}}",2026-10-01,2026-10-01T08:00:00Z
workflow:survivor/rob_cesternino,workflow,rob_cesternino,https://backstage.example.com/workflows/rob_cesternino/instances,"[""group:default/paramount-plus-infra""]",[],true,"{""workflow"": {""bqDestinationTableProjects"": [""paramount-plus""], ""bqJobProjects"": [""paramount-plus""], ""enabled"": true, ""offset"": ""PT1H"", ""orchestrationType"": ""orchestrator"", ""parentComponentId"": ""component:default/survivor"", ""schedule"": ""days"", ""serviceAccount"": ""survivor@paramount-plus.iam.gserviceaccount.com"", ""orchestratorComponentId"": ""survivor"", ""orchestratorWorkflowId"": ""rob_cesternino"", ""workflowType"": ""cast-member-query""}}",2026-10-01,2026-10-01T08:00:00Z
workflow:survivor/woo_hwang,workflow,woo_hwang,https://backstage.example.com/workflows/woo_hwang/instances,"[""group:default/paramount-plus-infra""]",[],true,"{""workflow"": {""bqDestinationTableProjects"": [""paramount-plus""], ""bqJobProjects"": [""paramount-plus""], ""enabled"": true, ""offset"": ""PT1H"", ""orchestrationType"": ""orchestrator"", ""parentComponentId"": ""component:default/survivor"", ""schedule"": ""days"", ""serviceAccount"": ""survivor@paramount-plus.iam.gserviceaccount.com"", ""orchestratorComponentId"": ""survivor"", ""orchestratorWorkflowId"": ""woo_hwang"", ""workflowType"": ""cast-member-query""}}",2026-10-01,2026-10-01T08:00:00Z
workflow:survivor/corinne_kaplan,workflow,corinne_kaplan,https://backstage.example.com/workflows/corinne_kaplan/instances,"[""group:default/paramount-plus-infra""]",[],true,"{""workflow"": {""bqDestinationTableProjects"": [""paramount-plus""], ""bqJobProjects"": [""paramount-plus""], ""enabled"": true, ""offset"": ""PT1H"", ""orchestrationType"": ""orchestrator"", ""parentComponentId"": ""component:default/survivor"", ""schedule"": ""days"", ""serviceAccount"": ""survivor@paramount-plus.iam.gserviceaccount.com"", ""orchestratorComponentId"": ""survivor"", ""orchestratorWorkflowId"": ""corinne_kaplan"", ""workflowType"": ""cast-member-query""}}",2026-10-01,2026-10-01T08:00:00Z
workflow:survivor/michaela_bradshaw,workflow,michaela_bradshaw,https://backstage.example.com/workflows/michaela_bradshaw/instances,"[""group:default/paramount-plus-infra""]",[],true,"{""workflow"": {""bqDestinationTableProjects"": [""paramount-plus""], ""bqJobProjects"": [""paramount-plus""], ""enabled"": true, ""offset"": ""PT1H"", ""orchestrationType"": ""orchestrator"", ""parentComponentId"": ""component:default/survivor"", ""schedule"": ""days"", ""serviceAccount"": ""survivor@paramount-plus.iam.gserviceaccount.com"", ""orchestratorComponentId"": ""survivor"", ""orchestratorWorkflowId"": ""michaela_bradshaw"", ""workflowType"": ""cast-member-query""}}",2026-10-01,2026-10-01T08:00:00Z
workflow:survivor/jenna_morasca,workflow,jenna_morasca,https://backstage.example.com/workflows/jenna_morasca/instances,"[""group:default/paramount-plus-infra""]",[],true,"{""workflow"": {""bqDestinationTableProjects"": [""paramount-plus""], ""bqJobProjects"": [""paramount-plus""], ""enabled"": true, ""offset"": ""P1D"", ""orchestrationType"": ""orchestrator"", ""parentComponentId"": ""component:default/survivor"", ""schedule"": ""weeks"", ""serviceAccount"": ""survivor@paramount-plus.iam.gserviceaccount.com"", ""orchestratorComponentId"": ""survivor"", ""orchestratorWorkflowId"": ""jenna_morasca"", ""workflowType"": ""cast-member-query""}}",2026-10-01,2026-10-01T08:00:00Z
workflow:survivor/tom_westman,workflow,tom_westman,https://backstage.example.com/workflows/tom_westman/instances,"[""group:default/paramount-plus-infra""]",[],true,"{""workflow"": {""bqDestinationTableProjects"": [""paramount-plus""], ""bqJobProjects"": [""paramount-plus""], ""enabled"": true, ""offset"": ""P1D"", ""orchestrationType"": ""orchestrator"", ""parentComponentId"": ""component:default/survivor"", ""schedule"": ""weeks"", ""serviceAccount"": ""survivor@paramount-plus.iam.gserviceaccount.com"", ""orchestratorComponentId"": ""survivor"", ""orchestratorWorkflowId"": ""tom_westman"", ""workflowType"": ""cast-member-query""}}",2026-10-01,2026-10-01T08:00:00Z
workflow:survivor/genevieve_mushaluk,workflow,genevieve_mushaluk,https://backstage.example.com/workflows/genevieve_mushaluk/instances,"[""group:default/paramount-plus-infra""]",[],true,"{""workflow"": {""bqDestinationTableProjects"": [""paramount-plus""], ""bqJobProjects"": [""paramount-plus""], ""enabled"": true, ""offset"": ""PT1H"", ""orchestrationType"": ""orchestrator"", ""parentComponentId"": ""component:default/survivor"", ""schedule"": ""days"", ""serviceAccount"": ""survivor@paramount-plus.iam.gserviceaccount.com"", ""orchestratorComponentId"": ""survivor"", ""orchestratorWorkflowId"": ""genevieve_mushaluk"", ""workflowType"": ""cast-member-query""}}",2026-10-01,2026-10-01T08:00:00Z
workflow:survivor/brad_culpepper,workflow,brad_culpepper,https://backstage.example.com/workflows/brad_culpepper/instances,"[""group:default/paramount-plus-infra""]",[],true,"{""workflow"": {""bqDestinationTableProjects"": [""paramount-plus""], ""bqJobProjects"": [""paramount-plus""], ""enabled"": true, ""offset"": ""P1D"", ""orchestrationType"": ""orchestrator"", ""parentComponentId"": ""component:default/survivor"", ""schedule"": ""weeks"", ""serviceAccount"": ""survivor@paramount-plus.iam.gserviceaccount.com"", ""orchestratorComponentId"": ""survivor"", ""orchestratorWorkflowId"": ""brad_culpepper"", ""workflowType"": ""cast-member-query""}}",2026-10-01,2026-10-01T08:00:00Z
component:default/big-brother,component,big-brother,https://backstage.example.com/catalog/default/Component/big-brother,"[""group:default/paramount-plus-infra""]",[],true,"{""component"": {""componentType"": ""service"", ""lifecycle"": ""production""}}",2026-10-01,2026-10-01T08:00:00Z
repository:github.com/streaming-infra/BigBrother,repository,BigBrother,https://github.com/streaming-infra/BigBrother,[],[],true,"{""repository"": {""archived"": false, ""createdAt"": ""2024-01-15T10:00:00.000Z"", ""defaultBranchLastCommit"": {""sha"": ""abc123def456"", ""url"": ""https://github.com/streaming-infra/BigBrother/commit/abc123def456""}, ""description"": ""Repository for BigBrother"", ""fullName"": ""streaming-infra/BigBrother"", ""host"": ""github.com"", ""organization"": ""streaming-infra"", ""pushedAt"": ""2026-09-28T12:00:00.000Z"", ""repositoryName"": ""BigBrother""}}",2026-10-01,2026-10-01T08:00:00Z
workflow:big-brother/julie_chen,workflow,julie_chen,https://backstage.example.com/workflows/julie_chen/instances,"[""group:default/paramount-plus-infra""]",[],true,"{""workflow"": {""bqDestinationTableProjects"": [""paramount-plus""], ""bqJobProjects"": [""paramount-plus""], ""enabled"": true, ""offset"": ""P1D"", ""orchestrationType"": ""orchestrator"", ""parentComponentId"": ""component:default/big-brother"", ""schedule"": ""weeks"", ""serviceAccount"": ""big-brother@paramount-plus.iam.gserviceaccount.com"", ""orchestratorComponentId"": ""big-brother"", ""orchestratorWorkflowId"": ""julie_chen"", ""workflowType"": ""cast-member-query""}}",2026-10-01,2026-10-01T08:00:00Z
workflow:big-brother/clayton_halsey,workflow,clayton_halsey,https://backstage.example.com/workflows/clayton_halsey/instances,"[""group:default/paramount-plus-infra""]",[],true,"{""workflow"": {""bqDestinationTableProjects"": [""paramount-plus""], ""bqJobProjects"": [""paramount-plus""], ""enabled"": true, ""offset"": ""P1D"", ""orchestrationType"": ""orchestrator"", ""parentComponentId"": ""component:default/big-brother"", ""schedule"": ""weeks"", ""serviceAccount"": ""big-brother@paramount-plus.iam.gserviceaccount.com"", ""orchestratorComponentId"": ""big-brother"", ""orchestratorWorkflowId"": ""clayton_halsey"", ""workflowType"": ""cast-member-query""}}",2026-10-01,2026-10-01T08:00:00Z
workflow:big-brother/phil_proctor,workflow,phil_proctor,https://backstage.example.com/workflows/phil_proctor/instances,"[""group:default/paramount-plus-infra""]",[],true,"{""workflow"": {""bqDestinationTableProjects"": [""paramount-plus""], ""bqJobProjects"": [""paramount-plus""], ""enabled"": true, ""offset"": ""PT1H"", ""orchestrationType"": ""orchestrator"", ""parentComponentId"": ""component:default/big-brother"", ""schedule"": ""days"", ""serviceAccount"": ""big-brother@paramount-plus.iam.gserviceaccount.com"", ""orchestratorComponentId"": ""big-brother"", ""orchestratorWorkflowId"": ""phil_proctor"", ""workflowType"": ""cast-member-query""}}",2026-10-01,2026-10-01T08:00:00Z
workflow:big-brother/nicole_franzel,workflow,nicole_franzel,https://backstage.example.com/workflows/nicole_franzel/instances,"[""group:default/paramount-plus-infra""]",[],true,"{""workflow"": {""bqDestinationTableProjects"": [""paramount-plus""], ""bqJobProjects"": [""paramount-plus""], ""enabled"": true, ""offset"": ""PT1H"", ""orchestrationType"": ""orchestrator"", ""parentComponentId"": ""component:default/big-brother"", ""schedule"": ""days"", ""serviceAccount"": ""big-brother@paramount-plus.iam.gserviceaccount.com"", ""orchestratorComponentId"": ""big-brother"", ""orchestratorWorkflowId"": ""nicole_franzel"", ""workflowType"": ""cast-member-query""}}",2026-10-01,2026-10-01T08:00:00Z
workflow:big-brother/daniele_briones,workflow,daniele_briones,https://backstage.example.com/workflows/daniele_briones/instances,"[""group:default/paramount-plus-infra""]",[],true,"{""workflow"": {""bqDestinationTableProjects"": [""paramount-plus""], ""bqJobProjects"": [""paramount-plus""], ""enabled"": true, ""offset"": ""PT1H"", ""orchestrationType"": ""orchestrator"", ""parentComponentId"": ""component:default/big-brother"", ""schedule"": ""days"", ""serviceAccount"": ""big-brother@paramount-plus.iam.gserviceaccount.com"", ""orchestratorComponentId"": ""big-brother"", ""orchestratorWorkflowId"": ""daniele_briones"", ""workflowType"": ""cast-member-query""}}",2026-10-01,2026-10-01T08:00:00Z
workflow:big-brother/rachel_reilly,workflow,rachel_reilly,https://backstage.example.com/workflows/rachel_reilly/instances,"[""group:default/paramount-plus-infra""]",[],true,"{""workflow"": {""bqDestinationTableProjects"": [""paramount-plus""], ""bqJobProjects"": [""paramount-plus""], ""enabled"": true, ""offset"": ""PT1H"", ""orchestrationType"": ""orchestrator"", ""parentComponentId"": ""component:default/big-brother"", ""schedule"": ""days"", ""serviceAccount"": ""big-brother@paramount-plus.iam.gserviceaccount.com"", ""orchestratorComponentId"": ""big-brother"", ""orchestratorWorkflowId"": ""rachel_reilly"", ""workflowType"": ""cast-member-query""}}",2026-10-01,2026-10-01T08:00:00Z
workflow:big-brother/george_boswell,workflow,george_boswell,https://backstage.example.com/workflows/george_boswell/instances,"[""group:default/paramount-plus-infra""]",[],true,"{""workflow"": {""bqDestinationTableProjects"": [""paramount-plus""], ""bqJobProjects"": [""paramount-plus""], ""enabled"": true, ""offset"": ""PT15M"", ""orchestrationType"": ""orchestrator"", ""parentComponentId"": ""component:default/big-brother"", ""schedule"": ""hours"", ""serviceAccount"": ""big-brother@paramount-plus.iam.gserviceaccount.com"", ""orchestratorComponentId"": ""big-brother"", ""orchestratorWorkflowId"": ""george_boswell"", ""workflowType"": ""cast-member-query""}}",2026-10-01,2026-10-01T08:00:00Z
workflow:big-brother/paul_abrahamian,workflow,paul_abrahamian,https://backstage.example.com/workflows/paul_abrahamian/instances,"[""group:default/paramount-plus-infra""]",[],true,"{""workflow"": {""bqDestinationTableProjects"": [""paramount-plus""], ""bqJobProjects"": [""paramount-plus""], ""enabled"": true, ""offset"": ""PT1H"", ""orchestrationType"": ""orchestrator"", ""parentComponentId"": ""component:default/big-brother"", ""schedule"": ""days"", ""serviceAccount"": ""big-brother@paramount-plus.iam.gserviceaccount.com"", ""orchestratorComponentId"": ""big-brother"", ""orchestratorWorkflowId"": ""paul_abrahamian"", ""workflowType"": ""cast-member-query""}}",2026-10-01,2026-10-01T08:00:00Z
workflow:big-brother/cody_calafiore,workflow,cody_calafiore,https://backstage.example.com/workflows/cody_calafiore/instances,"[""group:default/paramount-plus-infra""]",[],true,"{""workflow"": {""bqDestinationTableProjects"": [""paramount-plus""], ""bqJobProjects"": [""paramount-plus""], ""enabled"": true, ""offset"": ""PT1H"", ""orchestrationType"": ""orchestrator"", ""parentComponentId"": ""component:default/big-brother"", ""schedule"": ""days"", ""serviceAccount"": ""big-brother@paramount-plus.iam.gserviceaccount.com"", ""orchestratorComponentId"": ""big-brother"", ""orchestratorWorkflowId"": ""cody_calafiore"", ""workflowType"": ""cast-member-query""}}",2026-10-01,2026-10-01T08:00:00Z
workflow:big-brother/james_huling,workflow,james_huling,https://backstage.example.com/workflows/james_huling/instances,"[""group:default/paramount-plus-infra""]",[],true,"{""workflow"": {""bqDestinationTableProjects"": [""paramount-plus""], ""bqJobProjects"": [""paramount-plus""], ""enabled"": true, ""offset"": ""PT1H"", ""orchestrationType"": ""orchestrator"", ""parentComponentId"": ""component:default/big-brother"", ""schedule"": ""days"", ""serviceAccount"": ""big-brother@paramount-plus.iam.gserviceaccount.com"", ""orchestratorComponentId"": ""big-brother"", ""orchestratorWorkflowId"": ""james_huling"", ""workflowType"": ""cast-member-query""}}",2026-10-01,2026-10-01T08:00:00Z
workflow:big-brother/tyler_crispen,workflow,tyler_crispen,https://backstage.example.com/workflows/tyler_crispen/instances,"[""group:default/paramount-plus-infra""]",[],true,"{""workflow"": {""bqDestinationTableProjects"": [""paramount-plus""], ""bqJobProjects"": [""paramount-plus""], ""enabled"": true, ""offset"": ""PT1H"", ""orchestrationType"": ""orchestrator"", ""parentComponentId"": ""component:default/big-brother"", ""schedule"": ""days"", ""serviceAccount"": ""big-brother@paramount-plus.iam.gserviceaccount.com"", ""orchestratorComponentId"": ""big-brother"", ""orchestratorWorkflowId"": ""tyler_crispen"", ""workflowType"": ""cast-member-query""}}",2026-10-01,2026-10-01T08:00:00Z
workflow:big-brother/christmas_abbott,workflow,christmas_abbott,https://backstage.example.com/workflows/christmas_abbott/instances,"[""group:default/paramount-plus-infra""]",[],true,"{""workflow"": {""bqDestinationTableProjects"": [""paramount-plus""], ""bqJobProjects"": [""paramount-plus""], ""enabled"": true, ""offset"": ""PT1H"", ""orchestrationType"": ""orchestrator"", ""parentComponentId"": ""component:default/big-brother"", ""schedule"": ""days"", ""serviceAccount"": ""big-brother@paramount-plus.iam.gserviceaccount.com"", ""orchestratorComponentId"": ""big-brother"", ""orchestratorWorkflowId"": ""christmas_abbott"", ""workflowType"": ""cast-member-query""}}",2026-10-01,2026-10-01T08:00:00Z
workflow:big-brother/angela_murray,workflow,angela_murray,https://backstage.example.com/workflows/angela_murray/instances,"[""group:default/paramount-plus-infra""]",[],true,"{""workflow"": {""bqDestinationTableProjects"": [""paramount-plus""], ""bqJobProjects"": [""paramount-plus""], ""enabled"": true, ""offset"": ""PT1H"", ""orchestrationType"": ""orchestrator"", ""parentComponentId"": ""component:default/big-brother"", ""schedule"": ""days"", ""serviceAccount"": ""big-brother@paramount-plus.iam.gserviceaccount.com"", ""orchestratorComponentId"": ""big-brother"", ""orchestratorWorkflowId"": ""angela_murray"", ""workflowType"": ""cast-member-query""}}",2026-10-01,2026-10-01T08:00:00Z
workflow:big-brother/will_kirby,workflow,will_kirby,https://backstage.example.com/workflows/will_kirby/instances,"[""group:default/paramount-plus-infra""]",[],true,"{""workflow"": {""bqDestinationTableProjects"": [""paramount-plus""], ""bqJobProjects"": [""paramount-plus""], ""enabled"": true, ""offset"": ""PT15M"", ""orchestrationType"": ""orchestrator"", ""parentComponentId"": ""component:default/big-brother"", ""schedule"": ""hours"", ""serviceAccount"": ""big-brother@paramount-plus.iam.gserviceaccount.com"", ""orchestratorComponentId"": ""big-brother"", ""orchestratorWorkflowId"": ""will_kirby"", ""workflowType"": ""cast-member-query""}}",2026-10-01,2026-10-01T08:00:00Z
workflow:big-brother/david_walsh,workflow,david_walsh,https://backstage.example.com/workflows/david_walsh/instances,"[""group:default/paramount-plus-infra""]",[],true,"{""workflow"": {""bqDestinationTableProjects"": [""paramount-plus""], ""bqJobProjects"": [""paramount-plus""], ""enabled"": true, ""offset"": ""PT1H"", ""orchestrationType"": ""orchestrator"", ""parentComponentId"": ""component:default/big-brother"", ""schedule"": ""days"", ""serviceAccount"": ""big-brother@paramount-plus.iam.gserviceaccount.com"", ""orchestratorComponentId"": ""big-brother"", ""orchestratorWorkflowId"": ""david_walsh"", ""workflowType"": ""cast-member-query""}}",2026-10-01,2026-10-01T08:00:00Z
workflow:big-brother/curtis_kin,workflow,curtis_kin,https://backstage.example.com/workflows/curtis_kin/instances,"[""group:default/paramount-plus-infra""]",[],true,"{""workflow"": {""bqDestinationTableProjects"": [""paramount-plus""], ""bqJobProjects"": [""paramount-plus""], ""enabled"": true, ""offset"": ""PT1H"", ""orchestrationType"": ""orchestrator"", ""parentComponentId"": ""component:default/big-brother"", ""schedule"": ""days"", ""serviceAccount"": ""big-brother@paramount-plus.iam.gserviceaccount.com"", ""orchestratorComponentId"": ""big-brother"", ""orchestratorWorkflowId"": ""curtis_kin"", ""workflowType"": ""cast-member-query""}}",2026-10-01,2026-10-01T08:00:00Z
workflow:big-brother/josh_souza,workflow,josh_souza,https://backstage.example.com/workflows/josh_souza/instances,"[""group:default/paramount-plus-infra""]",[],true,"{""workflow"": {""bqDestinationTableProjects"": [""paramount-plus""], ""bqJobProjects"": [""paramount-plus""], ""enabled"": true, ""offset"": ""P1D"", ""orchestrationType"": ""orchestrator"", ""parentComponentId"": ""component:default/big-brother"", ""schedule"": ""weeks"", ""serviceAccount"": ""big-brother@paramount-plus.iam.gserviceaccount.com"", ""orchestratorComponentId"": ""big-brother"", ""orchestratorWorkflowId"": ""josh_souza"", ""workflowType"": ""cast-member-query""}}",2026-10-01,2026-10-01T08:00:00Z
workflow:big-brother/eddie_mcgee,workflow,eddie_mcgee,https://backstage.example.com/workflows/eddie_mcgee/instances,"[""group:default/paramount-plus-infra""]",[],true,"{""workflow"": {""bqDestinationTableProjects"": [""paramount-plus""], ""bqJobProjects"": [""paramount-plus""], ""enabled"": true, ""offset"": ""PT1H"", ""orchestrationType"": ""orchestrator"", ""parentComponentId"": ""component:default/big-brother"", ""schedule"": ""days"", ""serviceAccount"": ""big-brother@paramount-plus.iam.gserviceaccount.com"", ""orchestratorComponentId"": ""big-brother"", ""orchestratorWorkflowId"": ""eddie_mcgee"", ""workflowType"": ""cast-member-query""}}",2026-10-01,2026-10-01T08:00:00Z
workflow:big-brother/jamie_kern_lima,workflow,jamie_kern_lima,https://backstage.example.com/workflows/jamie_kern_lima/instances,"[""group:default/paramount-plus-infra""]",[],true,"{""workflow"": {""bqDestinationTableProjects"": [""paramount-plus""], ""bqJobProjects"": [""paramount-plus""], ""enabled"": true, ""offset"": ""PT1H"", ""orchestrationType"": ""orchestrator"", ""parentComponentId"": ""component:default/big-brother"", ""schedule"": ""days"", ""serviceAccount"": ""big-brother@paramount-plus.iam.gserviceaccount.com"", ""orchestratorComponentId"": ""big-brother"", ""orchestratorWorkflowId"": ""jamie_kern_lima"", ""workflowType"": ""cast-member-query""}}",2026-10-01,2026-10-01T08:00:00Z
workflow:big-brother/enzo_palumbo,workflow,enzo_palumbo,https://backstage.example.com/workflows/enzo_palumbo/instances,"[""group:default/paramount-plus-infra""]",[],true,"{""workflow"": {""bqDestinationTableProjects"": [""paramount-plus""], ""bqJobProjects"": [""paramount-plus""], ""enabled"": true, ""offset"": ""PT1H"", ""orchestrationType"": ""orchestrator"", ""parentComponentId"": ""component:default/big-brother"", ""schedule"": ""days"", ""serviceAccount"": ""big-brother@paramount-plus.iam.gserviceaccount.com"", ""orchestratorComponentId"": ""big-brother"", ""orchestratorWorkflowId"": ""enzo_palumbo"", ""workflowType"": ""cast-member-query""}}",2026-10-01,2026-10-01T08:00:00Z
workflow:big-brother/mike_boogie_malin,workflow,mike_boogie_malin,https://backstage.example.com/workflows/mike_boogie_malin/instances,"[""group:default/paramount-plus-infra""]",[],true,"{""workflow"": {""bqDestinationTableProjects"": [""paramount-plus""], ""bqJobProjects"": [""paramount-plus""], ""enabled"": true, ""offset"": ""PT1H"", ""orchestrationType"": ""orchestrator"", ""parentComponentId"": ""component:default/big-brother"", ""schedule"": ""days"", ""serviceAccount"": ""big-brother@paramount-plus.iam.gserviceaccount.com"", ""orchestratorComponentId"": ""big-brother"", ""orchestratorWorkflowId"": ""mike_boogie_malin"", ""workflowType"": ""cast-member-query""}}",2026-10-01,2026-10-01T08:00:00Z
workflow:big-brother/davonne_rogers,workflow,davonne_rogers,https://backstage.example.com/workflows/davonne_rogers/instances,"[""group:default/paramount-plus-infra""]",[],true,"{""workflow"": {""bqDestinationTableProjects"": [""paramount-plus""], ""bqJobProjects"": [""paramount-plus""], ""enabled"": true, ""offset"": ""PT15M"", ""orchestrationType"": ""orchestrator"", ""parentComponentId"": ""component:default/big-brother"", ""schedule"": ""hours"", ""serviceAccount"": ""big-brother@paramount-plus.iam.gserviceaccount.com"", ""orchestratorComponentId"": ""big-brother"", ""orchestratorWorkflowId"": ""davonne_rogers"", ""workflowType"": ""cast-member-query""}}",2026-10-01,2026-10-01T08:00:00Z
workflow:big-brother/memphis_garrett,workflow,memphis_garrett,https://backstage.example.com/workflows/memphis_garrett/instances,"[""group:default/paramount-plus-infra""]",[],true,"{""workflow"": {""bqDestinationTableProjects"": [""paramount-plus""], ""bqJobProjects"": [""paramount-plus""], ""enabled"": true, ""offset"": ""PT1H"", ""orchestrationType"": ""orchestrator"", ""parentComponentId"": ""component:default/big-brother"", ""schedule"": ""days"", ""serviceAccount"": ""big-brother@paramount-plus.iam.gserviceaccount.com"", ""orchestratorComponentId"": ""big-brother"", ""orchestratorWorkflowId"": ""memphis_garrett"", ""workflowType"": ""cast-member-query""}}",2026-10-01,2026-10-01T08:00:00Z
workflow:big-brother/jordan_lloyd,workflow,jordan_lloyd,https://backstage.example.com/workflows/jordan_lloyd/instances,"[""group:default/paramount-plus-infra""]",[],true,"{""workflow"": {""bqDestinationTableProjects"": [""paramount-plus""], ""bqJobProjects"": [""paramount-plus""], ""enabled"": true, ""offset"": ""P1D"", ""orchestrationType"": ""orchestrator"", ""parentComponentId"": ""component:default/big-brother"", ""schedule"": ""weeks"", ""serviceAccount"": ""big-brother@paramount-plus.iam.gserviceaccount.com"", ""orchestratorComponentId"": ""big-brother"", ""orchestratorWorkflowId"": ""jordan_lloyd"", ""workflowType"": ""cast-member-query""}}",2026-10-01,2026-10-01T08:00:00Z
workflow:big-brother/dan_gheesling,workflow,dan_gheesling,https://backstage.example.com/workflows/dan_gheesling/instances,"[""group:default/paramount-plus-infra""]",[],true,"{""workflow"": {""bqDestinationTableProjects"": [""paramount-plus""], ""bqJobProjects"": [""paramount-plus""], ""enabled"": true, ""offset"": ""PT15M"", ""orchestrationType"": ""orchestrator"", ""parentComponentId"": ""component:default/big-brother"", ""schedule"": ""hours"", ""serviceAccount"": ""big-brother@paramount-plus.iam.gserviceaccount.com"", ""orchestratorComponentId"": ""big-brother"", ""orchestratorWorkflowId"": ""dan_gheesling"", ""workflowType"": ""cast-member-query""}}",2026-10-01,2026-10-01T08:00:00Z
workflow:big-brother/danielle_reyes,workflow,danielle_reyes,https://backstage.example.com/workflows/danielle_reyes/instances,"[""group:default/paramount-plus-infra""]",[],true,"{""workflow"": {""bqDestinationTableProjects"": [""paramount-plus""], ""bqJobProjects"": [""paramount-plus""], ""enabled"": true, ""offset"": ""PT1H"", ""orchestrationType"": ""orchestrator"", ""parentComponentId"": ""component:default/big-brother"", ""schedule"": ""days"", ""serviceAccount"": ""big-brother@paramount-plus.iam.gserviceaccount.com"", ""orchestratorComponentId"": ""big-brother"", ""orchestratorWorkflowId"": ""danielle_reyes"", ""workflowType"": ""cast-member-query""}}",2026-10-01,2026-10-01T08:00:00Z
workflow:big-brother/derrick_levasseur,workflow,derrick_levasseur,https://backstage.example.com/workflows/derrick_levasseur/instances,"[""group:default/paramount-plus-infra""]",[],true,"{""workflow"": {""bqDestinationTableProjects"": [""paramount-plus""], ""bqJobProjects"": [""paramount-plus""], ""enabled"": true, ""offset"": ""PT15M"", ""orchestrationType"": ""orchestrator"", ""parentComponentId"": ""component:default/big-brother"", ""schedule"": ""hours"", ""serviceAccount"": ""big-brother@paramount-plus.iam.gserviceaccount.com"", ""orchestratorComponentId"": ""big-brother"", ""orchestratorWorkflowId"": ""derrick_levasseur"", ""workflowType"": ""cast-member-query""}}",2026-10-01,2026-10-01T08:00:00Z
workflow:big-brother/kevin_campbell,workflow,kevin_campbell,https://backstage.example.com/workflows/kevin_campbell/instances,"[""group:default/paramount-plus-infra""]",[],true,"{""workflow"": {""bqDestinationTableProjects"": [""paramount-plus""], ""bqJobProjects"": [""paramount-plus""], ""enabled"": true, ""offset"": ""P1D"", ""orchestrationType"": ""orchestrator"", ""parentComponentId"": ""component:default/big-brother"", ""schedule"": ""weeks"", ""serviceAccount"": ""big-brother@paramount-plus.iam.gserviceaccount.com"", ""orchestratorComponentId"": ""big-brother"", ""orchestratorWorkflowId"": ""kevin_campbell"", ""workflowType"": ""cast-member-query""}}",2026-10-01,2026-10-01T08:00:00Z
workflow:big-brother/jeff_schroeder,workflow,jeff_schroeder,https://backstage.example.com/workflows/jeff_schroeder/instances,"[""group:default/paramount-plus-infra""]",[],true,"{""workflow"": {""bqDestinationTableProjects"": [""paramount-plus""], ""bqJobProjects"": [""paramount-plus""], ""enabled"": true, ""offset"": ""PT1H"", ""orchestrationType"": ""orchestrator"", ""parentComponentId"": ""component:default/big-brother"", ""schedule"": ""days"", ""serviceAccount"": ""big-brother@paramount-plus.iam.gserviceaccount.com"", ""orchestratorComponentId"": ""big-brother"", ""orchestratorWorkflowId"": ""jeff_schroeder"", ""workflowType"": ""cast-member-query""}}",2026-10-01,2026-10-01T08:00:00Z
workflow:big-brother/cassandra_waldon,workflow,cassandra_waldon,https://backstage.example.com/workflows/cassandra_waldon/instances,"[""group:default/paramount-plus-infra""]",[],true,"{""workflow"": {""bqDestinationTableProjects"": [""paramount-plus""], ""bqJobProjects"": [""paramount-plus""], ""enabled"": false, ""offset"": ""P1D"", ""orchestrationType"": ""orchestrator"", ""parentComponentId"": ""component:default/big-brother"", ""schedule"": ""weeks"", ""serviceAccount"": ""big-brother@paramount-plus.iam.gserviceaccount.com"", ""orchestratorComponentId"": ""big-brother"", ""orchestratorWorkflowId"": ""cassandra_waldon"", ""workflowType"": ""cast-member-query""}}",2026-10-01,2026-10-01T08:00:00Z
workflow:big-brother/britney_haynes,workflow,britney_haynes,https://backstage.example.com/workflows/britney_haynes/instances,"[""group:default/paramount-plus-infra""]",[],true,"{""workflow"": {""bqDestinationTableProjects"": [""paramount-plus""], ""bqJobProjects"": [""paramount-plus""], ""enabled"": true, ""offset"": ""PT1H"", ""orchestrationType"": ""orchestrator"", ""parentComponentId"": ""component:default/big-brother"", ""schedule"": ""days"", ""serviceAccount"": ""big-brother@paramount-plus.iam.gserviceaccount.com"", ""orchestratorComponentId"": ""big-brother"", ""orchestratorWorkflowId"": ""britney_haynes"", ""workflowType"": ""cast-member-query""}}",2026-10-01,2026-10-01T08:00:00Z
workflow:big-brother/janelle_pierzina,workflow,janelle_pierzina,https://backstage.example.com/workflows/janelle_pierzina/instances,"[""group:default/paramount-plus-infra""]",[],true,"{""workflow"": {""bqDestinationTableProjects"": [""paramount-plus""], ""bqJobProjects"": [""paramount-plus""], ""enabled"": true, ""offset"": ""P1D"", ""orchestrationType"": ""orchestrator"", ""parentComponentId"": ""component:default/big-brother"", ""schedule"": ""weeks"", ""serviceAccount"": ""big-brother@paramount-plus.iam.gserviceaccount.com"", ""orchestratorComponentId"": ""big-brother"", ""orchestratorWorkflowId"": ""janelle_pierzina"", ""workflowType"": ""cast-member-query""}}",2026-10-01,2026-10-01T08:00:00Z
workflow:big-brother/ian_terry,workflow,ian_terry,https://backstage.example.com/workflows/ian_terry/instances,"[""group:default/paramount-plus-infra""]",[],true,"{""workflow"": {""bqDestinationTableProjects"": [""paramount-plus""], ""bqJobProjects"": [""paramount-plus""], ""enabled"": true, ""offset"": ""PT15M"", ""orchestrationType"": ""orchestrator"", ""parentComponentId"": ""component:default/big-brother"", ""schedule"": ""hours"", ""serviceAccount"": ""big-brother@paramount-plus.iam.gserviceaccount.com"", ""orchestratorComponentId"": ""big-brother"", ""orchestratorWorkflowId"": ""ian_terry"", ""workflowType"": ""cast-member-query""}}",2026-10-01,2026-10-01T08:00:00Z
workflow:big-brother/kaysar_ridha,workflow,kaysar_ridha,https://backstage.example.com/workflows/kaysar_ridha/instances,"[""group:default/paramount-plus-infra""]",[],true,"{""workflow"": {""bqDestinationTableProjects"": [""paramount-plus""], ""bqJobProjects"": [""paramount-plus""], ""enabled"": true, ""offset"": ""PT1H"", ""orchestrationType"": ""orchestrator"", ""parentComponentId"": ""component:default/big-brother"", ""schedule"": ""days"", ""serviceAccount"": ""big-brother@paramount-plus.iam.gserviceaccount.com"", ""orchestratorComponentId"": ""big-brother"", ""orchestratorWorkflowId"": ""kaysar_ridha"", ""workflowType"": ""cast-member-query""}}",2026-10-01,2026-10-01T08:00:00Z
workflow:big-brother/marcellas_reynolds,workflow,marcellas_reynolds,https://backstage.example.com/workflows/marcellas_reynolds/instances,"[""group:default/paramount-plus-infra""]",[],true,"{""workflow"": {""bqDestinationTableProjects"": [""paramount-plus""], ""bqJobProjects"": [""paramount-plus""], ""enabled"": true, ""offset"": ""PT1H"", ""orchestrationType"": ""orchestrator"", ""parentComponentId"": ""component:default/big-brother"", ""schedule"": ""days"", ""serviceAccount"": ""big-brother@paramount-plus.iam.gserviceaccount.com"", ""orchestratorComponentId"": ""big-brother"", ""orchestratorWorkflowId"": ""marcellas_reynolds"", ""workflowType"": ""cast-member-query""}}",2026-10-01,2026-10-01T08:00:00Z
workflow:big-brother/taylor_hale,workflow,taylor_hale,https://backstage.example.com/workflows/taylor_hale/instances,"[""group:default/paramount-plus-infra""]",[],true,"{""workflow"": {""bqDestinationTableProjects"": [""paramount-plus""], ""bqJobProjects"": [""paramount-plus""], ""enabled"": true, ""offset"": ""P1D"", ""orchestrationType"": ""orchestrator"", ""parentComponentId"": ""component:default/big-brother"", ""schedule"": ""weeks"", ""serviceAccount"": ""big-brother@paramount-plus.iam.gserviceaccount.com"", ""orchestratorComponentId"": ""big-brother"", ""orchestratorWorkflowId"": ""taylor_hale"", ""workflowType"": ""cast-member-query""}}",2026-10-01,2026-10-01T08:00:00Z
workflow:big-brother/howie_gordon,workflow,howie_gordon,https://backstage.example.com/workflows/howie_gordon/instances,"[""group:default/paramount-plus-infra""]",[],true,"{""workflow"": {""bqDestinationTableProjects"": [""paramount-plus""], ""bqJobProjects"": [""paramount-plus""], ""enabled"": true, ""offset"": ""PT15M"", ""orchestrationType"": ""orchestrator"", ""parentComponentId"": ""component:default/big-brother"", ""schedule"": ""hours"", ""serviceAccount"": ""big-brother@paramount-plus.iam.gserviceaccount.com"", ""orchestratorComponentId"": ""big-brother"", ""orchestratorWorkflowId"": ""howie_gordon"", ""workflowType"": ""cast-member-query""}}",2026-10-01,2026-10-01T08:00:00Z
workflow:big-brother/brendon_villegas,workflow,brendon_villegas,https://backstage.example.com/workflows/brendon_villegas/instances,"[""group:default/paramount-plus-infra""]",[],true,"{""workflow"": {""bqDestinationTableProjects"": [""paramount-plus""], ""bqJobProjects"": [""paramount-plus""], ""enabled"": true, ""offset"": ""P1D"", ""orchestrationType"": ""orchestrator"", ""parentComponentId"": ""component:default/big-brother"", ""schedule"": ""weeks"", ""serviceAccount"": ""big-brother@paramount-plus.iam.gserviceaccount.com"", ""orchestratorComponentId"": ""big-brother"", ""orchestratorWorkflowId"": ""brendon_villegas"", ""workflowType"": ""cast-member-query""}}",2026-10-01,2026-10-01T08:00:00Z
workflow:big-brother/nicole_anthony,workflow,nicole_anthony,https://backstage.example.com/workflows/nicole_anthony/instances,"[""group:default/paramount-plus-infra""]",[],true,"{""workflow"": {""bqDestinationTableProjects"": [""paramount-plus""], ""bqJobProjects"": [""paramount-plus""], ""enabled"": true, ""offset"": ""PT1H"", ""orchestrationType"": ""orchestrator"", ""parentComponentId"": ""component:default/big-brother"", ""schedule"": ""days"", ""serviceAccount"": ""big-brother@paramount-plus.iam.gserviceaccount.com"", ""orchestratorComponentId"": ""big-brother"", ""orchestratorWorkflowId"": ""nicole_anthony"", ""workflowType"": ""cast-member-query""}}",2026-10-01,2026-10-01T08:00:00Z
workflow:big-brother/chelsie_baham,workflow,chelsie_baham,https://backstage.example.com/workflows/chelsie_baham/instances,"[""group:default/paramount-plus-infra""]",[],true,"{""workflow"": {""bqDestinationTableProjects"": [""paramount-plus""], ""bqJobProjects"": [""paramount-plus""], ""enabled"": true, ""offset"": ""P1D"", ""orchestrationType"": ""orchestrator"", ""parentComponentId"": ""component:default/big-brother"", ""schedule"": ""weeks"", ""serviceAccount"": ""big-brother@paramount-plus.iam.gserviceaccount.com"", ""orchestratorComponentId"": ""big-brother"", ""orchestratorWorkflowId"": ""chelsie_baham"", ""workflowType"": ""cast-member-query""}}",2026-10-01,2026-10-01T08:00:00Z
workflow:big-brother/james_rhine,workflow,james_rhine,https://backstage.example.com/workflows/james_rhine/instances,"[""group:default/paramount-plus-infra""]",[],true,"{""workflow"": {""bqDestinationTableProjects"": [""paramount-plus""], ""bqJobProjects"": [""paramount-plus""], ""enabled"": true, ""offset"": ""PT1H"", ""orchestrationType"": ""orchestrator"", ""parentComponentId"": ""component:default/big-brother"", ""schedule"": ""days"", ""serviceAccount"": ""big-brother@paramount-plus.iam.gserviceaccount.com"", ""orchestratorComponentId"": ""big-brother"", ""orchestratorWorkflowId"": ""james_rhine"", ""workflowType"": ""cast-member-query""}}",2026-10-01,2026-10-01T08:00:00Z
workflow:big-brother/frank_eudy,workflow,frank_eudy,https://backstage.example.com/workflows/frank_eudy/instances,"[""group:default/paramount-plus-infra""]",[],true,"{""workflow"": {""bqDestinationTableProjects"": [""paramount-plus""], ""bqJobProjects"": [""paramount-plus""], ""enabled"": true, ""offset"": ""PT1H"", ""orchestrationType"": ""orchestrator"", ""parentComponentId"": ""component:default/big-brother"", ""schedule"": ""days"", ""serviceAccount"": ""big-brother@paramount-plus.iam.gserviceaccount.com"", ""orchestratorComponentId"": ""big-brother"", ""orchestratorWorkflowId"": ""frank_eudy"", ""workflowType"": ""cast-member-query""}}",2026-10-01,2026-10-01T08:00:00Z
workflow:big-brother/brittany_petros,workflow,brittany_petros,https://backstage.example.com/workflows/brittany_petros/instances,"[""group:default/paramount-plus-infra""]",[],true,"{""workflow"": {""bqDestinationTableProjects"": [""paramount-plus""], ""bqJobProjects"": [""paramount-plus""], ""enabled"": true, ""offset"": ""PT15M"", ""orchestrationType"": ""orchestrator"", ""parentComponentId"": ""component:default/big-brother"", ""schedule"": ""hours"", ""serviceAccount"": ""big-brother@paramount-plus.iam.gserviceaccount.com"", ""orchestratorComponentId"": ""big-brother"", ""orchestratorWorkflowId"": ""brittany_petros"", ""workflowType"": ""cast-member-query""}}",2026-10-01,2026-10-01T08:00:00Z
workflow:big-brother/jag_bains,workflow,jag_bains,https://backstage.example.com/workflows/jag_bains/instances,"[""group:default/paramount-plus-infra""]",[],true,"{""workflow"": {""bqDestinationTableProjects"": [""paramount-plus""], ""bqJobProjects"": [""paramount-plus""], ""enabled"": true, ""offset"": ""PT1H"", ""orchestrationType"": ""orchestrator"", ""parentComponentId"": ""component:default/big-brother"", ""schedule"": ""days"", ""serviceAccount"": ""big-brother@paramount-plus.iam.gserviceaccount.com"", ""orchestratorComponentId"": ""big-brother"", ""orchestratorWorkflowId"": ""jag_bains"", ""workflowType"": ""cast-member-query""}}",2026-10-01,2026-10-01T08:00:00Z
workflow:big-brother/diane_henry,workflow,diane_henry,https://backstage.example.com/workflows/diane_henry/instances,"[""group:default/paramount-plus-infra""]",[],true,"{""workflow"": {""bqDestinationTableProjects"": [""paramount-plus""], ""bqJobProjects"": [""paramount-plus""], ""enabled"": true, ""offset"": ""PT1H"", ""orchestrationType"": ""orchestrator"", ""parentComponentId"": ""component:default/big-brother"", ""schedule"": ""days"", ""serviceAccount"": ""big-brother@paramount-plus.iam.gserviceaccount.com"", ""orchestratorComponentId"": ""big-brother"", ""orchestratorWorkflowId"": ""diane_henry"", ""workflowType"": ""cast-member-query""}}",2026-10-01,2026-10-01T08:00:00Z
workflow:big-brother/felicia_cannon,workflow,felicia_cannon,https://backstage.example.com/workflows/felicia_cannon/instances,"[""group:default/paramount-plus-infra""]",[],true,"{""workflow"": {""bqDestinationTableProjects"": [""paramount-plus""], ""bqJobProjects"": [""paramount-plus""], ""enabled"": true, ""offset"": ""PT15M"", ""orchestrationType"": ""orchestrator"", ""parentComponentId"": ""component:default/big-brother"", ""schedule"": ""hours"", ""serviceAccount"": ""big-brother@paramount-plus.iam.gserviceaccount.com"", ""orchestratorComponentId"": ""big-brother"", ""orchestratorWorkflowId"": ""felicia_cannon"", ""workflowType"": ""cast-member-query""}}",2026-10-01,2026-10-01T08:00:00Z
workflow:big-brother/josh_martnez,workflow,josh_martnez,https://backstage.example.com/workflows/josh_martnez/instances,"[""group:default/paramount-plus-infra""]",[],true,"{""workflow"": {""bqDestinationTableProjects"": [""paramount-plus""], ""bqJobProjects"": [""paramount-plus""], ""enabled"": true, ""offset"": ""PT15M"", ""orchestrationType"": ""orchestrator"", ""parentComponentId"": ""component:default/big-brother"", ""schedule"": ""hours"", ""serviceAccount"": ""big-brother@paramount-plus.iam.gserviceaccount.com"", ""orchestratorComponentId"": ""big-brother"", ""orchestratorWorkflowId"": ""josh_martnez"", ""workflowType"": ""cast-member-query""}}",2026-10-01,2026-10-01T08:00:00Z
workflow:big-brother/kaycee_clark,workflow,kaycee_clark,https://backstage.example.com/workflows/kaycee_clark/instances,"[""group:default/paramount-plus-infra""]",[],true,"{""workflow"": {""bqDestinationTableProjects"": [""paramount-plus""], ""bqJobProjects"": [""paramount-plus""], ""enabled"": true, ""offset"": ""PT1H"", ""orchestrationType"": ""orchestrator"", ""parentComponentId"": ""component:default/big-brother"", ""schedule"": ""days"", ""serviceAccount"": ""big-brother@paramount-plus.iam.gserviceaccount.com"", ""orchestratorComponentId"": ""big-brother"", ""orchestratorWorkflowId"": ""kaycee_clark"", ""workflowType"": ""cast-member-query""}}",2026-10-01,2026-10-01T08:00:00Z
workflow:big-brother/frankie_grande,workflow,frankie_grande,https://backstage.example.com/workflows/frankie_grande/instances,"[""group:default/paramount-plus-infra""]",[],true,"{""workflow"": {""bqDestinationTableProjects"": [""paramount-plus""], ""bqJobProjects"": [""paramount-plus""], ""enabled"": true, ""offset"": ""PT1H"", ""orchestrationType"": ""orchestrator"", ""parentComponentId"": ""component:default/big-brother"", ""schedule"": ""days"", ""serviceAccount"": ""big-brother@paramount-plus.iam.gserviceaccount.com"", ""orchestratorComponentId"": ""big-brother"", ""orchestratorWorkflowId"": ""frankie_grande"", ""workflowType"": ""cast-member-query""}}",2026-10-01,2026-10-01T08:00:00Z
workflow:big-brother/jessie_godderz,workflow,jessie_godderz,https://backstage.example.com/workflows/jessie_godderz/instances,"[""group:default/paramount-plus-infra""]",[],true,"{""workflow"": {""bqDestinationTableProjects"": [""paramount-plus""], ""bqJobProjects"": [""paramount-plus""], ""enabled"": true, ""offset"": ""PT15M"", ""orchestrationType"": ""orchestrator"", ""parentComponentId"": ""component:default/big-brother"", ""schedule"": ""hours"", ""serviceAccount"": ""big-brother@paramount-plus.iam.gserviceaccount.com"", ""orchestratorComponentId"": ""big-brother"", ""orchestratorWorkflowId"": ""jessie_godderz"", ""workflowType"": ""cast-member-query""}}",2026-10-01,2026-10-01T08:00:00Z
workflow:big-brother/keanu_soto,workflow,keanu_soto,https://backstage.example.com/workflows/keanu_soto/instances,"[""group:default/paramount-plus-infra""]",[],true,"{""workflow"": {""bqDestinationTableProjects"": [""paramount-plus""], ""bqJobProjects"": [""paramount-plus""], ""enabled"": true, ""offset"": ""PT1H"", ""orchestrationType"": ""orchestrator"", ""parentComponentId"": ""component:default/big-brother"", ""schedule"": ""days"", ""serviceAccount"": ""big-brother@paramount-plus.iam.gserviceaccount.com"", ""orchestratorComponentId"": ""big-brother"", ""orchestratorWorkflowId"": ""keanu_soto"", ""workflowType"": ""cast-member-query""}}",2026-10-01,2026-10-01T08:00:00Z
workflow:big-brother/bowie_jane_ball,workflow,bowie_jane_ball,https://backstage.example.com/workflows/bowie_jane_ball/instances,"[""group:default/paramount-plus-infra""]",[],true,"{""workflow"": {""bqDestinationTableProjects"": [""paramount-plus""], ""bqJobProjects"": [""paramount-plus""], ""enabled"": true, ""offset"": ""PT15M"", ""orchestrationType"": ""orchestrator"", ""parentComponentId"": ""component:default/big-brother"", ""schedule"": ""hours"", ""serviceAccount"": ""big-brother@paramount-plus.iam.gserviceaccount.com"", ""orchestratorComponentId"": ""big-brother"", ""orchestratorWorkflowId"": ""bowie_jane_ball"", ""workflowType"": ""cast-member-query""}}",2026-10-01,2026-10-01T08:00:00Z
workflow:big-brother/matt_klotz,workflow,matt_klotz,https://backstage.example.com/workflows/matt_klotz/instances,"[""group:default/paramount-plus-infra""]",[],true,"{""workflow"": {""bqDestinationTableProjects"": [""paramount-plus""], ""bqJobProjects"": [""paramount-plus""], ""enabled"": true, ""offset"": ""PT1H"", ""orchestrationType"": ""orchestrator"", ""parentComponentId"": ""component:default/big-brother"", ""schedule"": ""days"", ""serviceAccount"": ""big-brother@paramount-plus.iam.gserviceaccount.com"", ""orchestratorComponentId"": ""big-brother"", ""orchestratorWorkflowId"": ""matt_klotz"", ""workflowType"": ""cast-member-query""}}",2026-10-01,2026-10-01T08:00:00Z
workflow:big-brother/corey_brooks,workflow,corey_brooks,https://backstage.example.com/workflows/corey_brooks/instances,"[""group:default/paramount-plus-infra""]",[],true,"{""workflow"": {""bqDestinationTableProjects"": [""paramount-plus""], ""bqJobProjects"": [""paramount-plus""], ""enabled"": true, ""offset"": ""PT1H"", ""orchestrationType"": ""orchestrator"", ""parentComponentId"": ""component:default/big-brother"", ""schedule"": ""days"", ""serviceAccount"": ""big-brother@paramount-plus.iam.gserviceaccount.com"", ""orchestratorComponentId"": ""big-brother"", ""orchestratorWorkflowId"": ""corey_brooks"", ""workflowType"": ""cast-member-query""}}",2026-10-01,2026-10-01T08:00:00Z
workflow:big-brother/bayleigh_dayton,workflow,bayleigh_dayton,https://backstage.example.com/workflows/bayleigh_dayton/instances,"[""group:default/paramount-plus-infra""]",[],true,"{""workflow"": {""bqDestinationTableProjects"": [""paramount-plus""], ""bqJobProjects"": [""paramount-plus""], ""enabled"": true, ""offset"": ""PT1H"", ""orchestrationType"": ""orchestrator"", ""parentComponentId"": ""component:default/big-brother"", ""schedule"": ""days"", ""serviceAccount"": ""big-brother@paramount-plus.iam.gserviceaccount.com"", ""orchestratorComponentId"": ""big-brother"", ""orchestratorWorkflowId"": ""bayleigh_dayton"", ""workflowType"": ""cast-member-query""}}",2026-10-01,2026-10-01T08:00:00Z
workflow:big-brother/vince_panaro,workflow,vince_panaro,https://backstage.example.com/workflows/vince_panaro/instances,"[""group:default/paramount-plus-infra""]",[],true,"{""workflow"": {""bqDestinationTableProjects"": [""paramount-plus""], ""bqJobProjects"": [""paramount-plus""], ""enabled"": true, ""offset"": ""PT1H"", ""orchestrationType"": ""orchestrator"", ""parentComponentId"": ""component:default/big-brother"", ""schedule"": ""days"", ""serviceAccount"": ""big-brother@paramount-plus.iam.gserviceaccount.com"", ""orchestratorComponentId"": ""big-brother"", ""orchestratorWorkflowId"": ""vince_panaro"", ""workflowType"": ""cast-member-query""}}",2026-10-01,2026-10-01T08:00:00Z
workflow:big-brother/dick_donato,workflow,dick_donato,https://backstage.example.com/workflows/dick_donato/instances,"[""group:default/paramount-plus-infra""]",[],true,"{""workflow"": {""bqDestinationTableProjects"": [""paramount-plus""], ""bqJobProjects"": [""paramount-plus""], ""enabled"": true, ""offset"": ""PT1H"", ""orchestrationType"": ""orchestrator"", ""parentComponentId"": ""component:default/big-brother"", ""schedule"": ""days"", ""serviceAccount"": ""big-brother@paramount-plus.iam.gserviceaccount.com"", ""orchestratorComponentId"": ""big-brother"", ""orchestratorWorkflowId"": ""dick_donato"", ""workflowType"": ""cast-member-query""}}",2026-10-01,2026-10-01T08:00:00Z
workflow:big-brother/jc_mounduix,workflow,jc_mounduix,https://backstage.example.com/workflows/jc_mounduix/instances,"[""group:default/paramount-plus-infra""]",[],true,"{""workflow"": {""bqDestinationTableProjects"": [""paramount-plus""], ""bqJobProjects"": [""paramount-plus""], ""enabled"": true, ""offset"": ""PT1H"", ""orchestrationType"": ""orchestrator"", ""parentComponentId"": ""component:default/big-brother"", ""schedule"": ""days"", ""serviceAccount"": ""big-brother@paramount-plus.iam.gserviceaccount.com"", ""orchestratorComponentId"": ""big-brother"", ""orchestratorWorkflowId"": ""jc_mounduix"", ""workflowType"": ""cast-member-query""}}",2026-10-01,2026-10-01T08:00:00Z
workflow:big-brother/morgan_pope,workflow,morgan_pope,https://backstage.example.com/workflows/morgan_pope/instances,"[""group:default/paramount-plus-infra""]",[],true,"{""workflow"": {""bqDestinationTableProjects"": [""paramount-plus""], ""bqJobProjects"": [""paramount-plus""], ""enabled"": true, ""offset"": ""PT1H"", ""orchestrationType"": ""orchestrator"", ""parentComponentId"": ""component:default/big-brother"", ""schedule"": ""days"", ""serviceAccount"": ""big-brother@paramount-plus.iam.gserviceaccount.com"", ""orchestratorComponentId"": ""big-brother"", ""orchestratorWorkflowId"": ""morgan_pope"", ""workflowType"": ""cast-member-query""}}",2026-10-01,2026-10-01T08:00:00Z
workflow:big-brother/drew_campbell,workflow,drew_campbell,https://backstage.example.com/workflows/drew_campbell/instances,"[""group:default/paramount-plus-infra""]",[],true,"{""workflow"": {""bqDestinationTableProjects"": [""paramount-plus""], ""bqJobProjects"": [""paramount-plus""], ""enabled"": true, ""offset"": ""PT15M"", ""orchestrationType"": ""orchestrator"", ""parentComponentId"": ""component:default/big-brother"", ""schedule"": ""hours"", ""serviceAccount"": ""big-brother@paramount-plus.iam.gserviceaccount.com"", ""orchestratorComponentId"": ""big-brother"", ""orchestratorWorkflowId"": ""drew_campbell"", ""workflowType"": ""cast-member-query""}}",2026-10-01,2026-10-01T08:00:00Z
workflow:big-brother/taylor_brown,workflow,taylor_brown,https://backstage.example.com/workflows/taylor_brown/instances,"[""group:default/paramount-plus-infra""]",[],true,"{""workflow"": {""bqDestinationTableProjects"": [""paramount-plus""], ""bqJobProjects"": [""paramount-plus""], ""enabled"": true, ""offset"": ""PT15M"", ""orchestrationType"": ""orchestrator"", ""parentComponentId"": ""component:default/big-brother"", ""schedule"": ""hours"", ""serviceAccount"": ""big-brother@paramount-plus.iam.gserviceaccount.com"", ""orchestratorComponentId"": ""big-brother"", ""orchestratorWorkflowId"": ""taylor_brown"", ""workflowType"": ""cast-member-query""}}",2026-10-01,2026-10-01T08:00:00Z
workflow:big-brother/david_alexander,workflow,david_alexander,https://backstage.example.com/workflows/david_alexander/instances,"[""group:default/paramount-plus-infra""]",[],true,"{""workflow"": {""bqDestinationTableProjects"": [""paramount-plus""], ""bqJobProjects"": [""paramount-plus""], ""enabled"": true, ""offset"": ""PT15M"", ""orchestrationType"": ""orchestrator"", ""parentComponentId"": ""component:default/big-brother"", ""schedule"": ""hours"", ""serviceAccount"": ""big-brother@paramount-plus.iam.gserviceaccount.com"", ""orchestratorComponentId"": ""big-brother"", ""orchestratorWorkflowId"": ""david_alexander"", ""workflowType"": ""cast-member-query""}}",2026-10-01,2026-10-01T08:00:00Z
workflow:big-brother/victoria_rafaeli_atash,workflow,victoria_rafaeli_atash,https://backstage.example.com/workflows/victoria_rafaeli_atash/instances,"[""group:default/paramount-plus-infra""]",[],true,"{""workflow"": {""bqDestinationTableProjects"": [""paramount-plus""], ""bqJobProjects"": [""paramount-plus""], ""enabled"": true, ""offset"": ""PT15M"", ""orchestrationType"": ""orchestrator"", ""parentComponentId"": ""component:default/big-brother"", ""schedule"": ""hours"", ""serviceAccount"": ""big-brother@paramount-plus.iam.gserviceaccount.com"", ""orchestratorComponentId"": ""big-brother"", ""orchestratorWorkflowId"": ""victoria_rafaeli_atash"", ""workflowType"": ""cast-member-query""}}",2026-10-01,2026-10-01T08:00:00Z
workflow:big-brother/natalie_negrotti,workflow,natalie_negrotti,https://backstage.example.com/workflows/natalie_negrotti/instances,"[""group:default/paramount-plus-infra""]",[],true,"{""workflow"": {""bqDestinationTableProjects"": [""paramount-plus""], ""bqJobProjects"": [""paramount-plus""], ""enabled"": true, ""offset"": ""PT1H"", ""orchestrationType"": ""orchestrator"", ""parentComponentId"": ""component:default/big-brother"", ""schedule"": ""days"", ""serviceAccount"": ""big-brother@paramount-plus.iam.gserviceaccount.com"", ""orchestratorComponentId"": ""big-brother"", ""orchestratorWorkflowId"": ""natalie_negrotti"", ""workflowType"": ""cast-member-query""}}",2026-10-01,2026-10-01T08:00:00Z
workflow:big-brother/vanessa_rousso,workflow,vanessa_rousso,https://backstage.example.com/workflows/vanessa_rousso/instances,"[""group:default/paramount-plus-infra""]",[],true,"{""workflow"": {""bqDestinationTableProjects"": [""paramount-plus""], ""bqJobProjects"": [""paramount-plus""], ""enabled"": true, ""offset"": ""PT1H"", ""orchestrationType"": ""orchestrator"", ""parentComponentId"": ""component:default/big-brother"", ""schedule"": ""days"", ""serviceAccount"": ""big-brother@paramount-plus.iam.gserviceaccount.com"", ""orchestratorComponentId"": ""big-brother"", ""orchestratorWorkflowId"": ""vanessa_rousso"", ""workflowType"": ""cast-member-query""}}",2026-10-01,2026-10-01T08:00:00Z
workflow:big-brother/caleb_reynolds,workflow,caleb_reynolds,https://backstage.example.com/workflows/caleb_reynolds/instances,"[""group:default/paramount-plus-infra""]",[],true,"{""workflow"": {""bqDestinationTableProjects"": [""paramount-plus""], ""bqJobProjects"": [""paramount-plus""], ""enabled"": true, ""offset"": ""P1D"", ""orchestrationType"": ""orchestrator"", ""parentComponentId"": ""component:default/big-brother"", ""schedule"": ""weeks"", ""serviceAccount"": ""big-brother@paramount-plus.iam.gserviceaccount.com"", ""orchestratorComponentId"": ""big-brother"", ""orchestratorWorkflowId"": ""caleb_reynolds"", ""workflowType"": ""cast-member-query""}}",2026-10-01,2026-10-01T08:00:00Z
workflow:big-brother/austin_matelson,workflow,austin_matelson,https://backstage.example.com/workflows/austin_matelson/instances,"[""group:default/paramount-plus-infra""]",[],true,"{""workflow"": {""bqDestinationTableProjects"": [""paramount-plus""], ""bqJobProjects"": [""paramount-plus""], ""enabled"": true, ""offset"": ""PT15M"", ""orchestrationType"": ""orchestrator"", ""parentComponentId"": ""component:default/big-brother"", ""schedule"": ""hours"", ""serviceAccount"": ""big-brother@paramount-plus.iam.gserviceaccount.com"", ""orchestratorComponentId"": ""big-brother"", ""orchestratorWorkflowId"": ""austin_matelson"", ""workflowType"": ""cast-member-query""}}",2026-10-01,2026-10-01T08:00:00Z
workflow:big-brother/holly_allen,workflow,holly_allen,https://backstage.example.com/workflows/holly_allen/instances,"[""group:default/paramount-plus-infra""]",[],true,"{""workflow"": {""bqDestinationTableProjects"": [""paramount-plus""], ""bqJobProjects"": [""paramount-plus""], ""enabled"": true, ""offset"": ""PT1H"", ""orchestrationType"": ""orchestrator"", ""parentComponentId"": ""component:default/big-brother"", ""schedule"": ""days"", ""serviceAccount"": ""big-brother@paramount-plus.iam.gserviceaccount.com"", ""orchestratorComponentId"": ""big-brother"", ""orchestratorWorkflowId"": ""holly_allen"", ""workflowType"": ""cast-member-query""}}",2026-10-01,2026-10-01T08:00:00Z
workflow:big-brother/jackson_michie,workflow,jackson_michie,https://backstage.example.com/workflows/jackson_michie/instances,"[""group:default/paramount-plus-infra""]",[],true,"{""workflow"": {""bqDestinationTableProjects"": [""paramount-plus""], ""bqJobProjects"": [""paramount-plus""], ""enabled"": true, ""offset"": ""P1D"", ""orchestrationType"": ""orchestrator"", ""parentComponentId"": ""component:default/big-brother"", ""schedule"": ""weeks"", ""serviceAccount"": ""big-brother@paramount-plus.iam.gserviceaccount.com"", ""orchestratorComponentId"": ""big-brother"", ""orchestratorWorkflowId"": ""jackson_michie"", ""workflowType"": ""cast-member-query""}}",2026-10-01,2026-10-01T08:00:00Z
workflow:big-brother/cliff_hogg_iii,workflow,cliff_hogg_iii,https://backstage.example.com/workflows/cliff_hogg_iii/instances,"[""group:default/paramount-plus-infra""]",[],true,"{""workflow"": {""bqDestinationTableProjects"": [""paramount-plus""], ""bqJobProjects"": [""paramount-plus""], ""enabled"": true, ""offset"": ""PT1H"", ""orchestrationType"": ""orchestrator"", ""parentComponentId"": ""component:default/big-brother"", ""schedule"": ""days"", ""serviceAccount"": ""big-brother@paramount-plus.iam.gserviceaccount.com"", ""orchestratorComponentId"": ""big-brother"", ""orchestratorWorkflowId"": ""cliff_hogg_iii"", ""workflowType"": ""cast-member-query""}}",2026-10-01,2026-10-01T08:00:00Z
workflow:big-brother/ashley_hollis,workflow,ashley_hollis,https://backstage.example.com/workflows/ashley_hollis/instances,"[""group:default/paramount-plus-infra""]",[],true,"{""workflow"": {""bqDestinationTableProjects"": [""paramount-plus""], ""bqJobProjects"": [""paramount-plus""], ""enabled"": true, ""offset"": ""P1D"", ""orchestrationType"": ""orchestrator"", ""parentComponentId"": ""component:default/big-brother"", ""schedule"": ""weeks"", ""serviceAccount"": ""big-brother@paramount-plus.iam.gserviceaccount.com"", ""orchestratorComponentId"": ""big-brother"", ""orchestratorWorkflowId"": ""ashley_hollis"", ""workflowType"": ""cast-member-query""}}",2026-10-01,2026-10-01T08:00:00Z
workflow:big-brother/melody_morris,workflow,melody_morris,https://backstage.example.com/workflows/melody_morris/instances,"[""group:default/paramount-plus-infra""]",[],true,"{""workflow"": {""bqDestinationTableProjects"": [""paramount-plus""], ""bqJobProjects"": [""paramount-plus""], ""enabled"": true, ""offset"": ""PT15M"", ""orchestrationType"": ""orchestrator"", ""parentComponentId"": ""component:default/big-brother"", ""schedule"": ""hours"", ""serviceAccount"": ""big-brother@paramount-plus.iam.gserviceaccount.com"", ""orchestratorComponentId"": ""big-brother"", ""orchestratorWorkflowId"": ""melody_morris"", ""workflowType"": ""cast-member-query""}}",2026-10-01,2026-10-01T08:00:00Z
workflow:big-brother/america_lopez,workflow,america_lopez,https://backstage.example.com/workflows/america_lopez/instances,"[""group:default/paramount-plus-infra""]",[],true,"{""workflow"": {""bqDestinationTableProjects"": [""paramount-plus""], ""bqJobProjects"": [""paramount-plus""], ""enabled"": true, ""offset"": ""PT1H"", ""orchestrationType"": ""orchestrator"", ""parentComponentId"": ""component:default/big-brother"", ""schedule"": ""days"", ""serviceAccount"": ""big-brother@paramount-plus.iam.gserviceaccount.com"", ""orchestratorComponentId"": ""big-brother"", ""orchestratorWorkflowId"": ""america_lopez"", ""workflowType"": ""cast-member-query""}}",2026-10-01,2026-10-01T08:00:00Z
workflow:big-brother/blue_kim,workflow,blue_kim,https://backstage.example.com/workflows/blue_kim/instances,"[""group:default/paramount-plus-infra""]",[],true,"{""workflow"": {""bqDestinationTableProjects"": [""paramount-plus""], ""bqJobProjects"": [""paramount-plus""], ""enabled"": true, ""offset"": ""PT1H"", ""orchestrationType"": ""orchestrator"", ""parentComponentId"": ""component:default/big-brother"", ""schedule"": ""days"", ""serviceAccount"": ""big-brother@paramount-plus.iam.gserviceaccount.com"", ""orchestratorComponentId"": ""big-brother"", ""orchestratorWorkflowId"": ""blue_kim"", ""workflowType"": ""cast-member-query""}}",2026-10-01,2026-10-01T08:00:00Z
workflow:big-brother/steve_moses,workflow,steve_moses,https://backstage.example.com/workflows/steve_moses/instances,"[""group:default/paramount-plus-infra""]",[],true,"{""workflow"": {""bqDestinationTableProjects"": [""paramount-plus""], ""bqJobProjects"": [""paramount-plus""], ""enabled"": true, ""offset"": ""P1D"", ""orchestrationType"": ""orchestrator"", ""parentComponentId"": ""component:default/big-brother"", ""schedule"": ""weeks"", ""serviceAccount"": ""big-brother@paramount-plus.iam.gserviceaccount.com"", ""orchestratorComponentId"": ""big-brother"", ""orchestratorWorkflowId"": ""steve_moses"", ""workflowType"": ""cast-member-query""}}",2026-10-01,2026-10-01T08:00:00Z
workflow:big-brother/liz_nolan,workflow,liz_nolan,https://backstage.example.com/workflows/liz_nolan/instances,"[""group:default/paramount-plus-infra""]",[],true,"{""workflow"": {""bqDestinationTableProjects"": [""paramount-plus""], ""bqJobProjects"": [""paramount-plus""], ""enabled"": true, ""offset"": ""PT1H"", ""orchestrationType"": ""orchestrator"", ""parentComponentId"": ""component:default/big-brother"", ""schedule"": ""days"", ""serviceAccount"": ""big-brother@paramount-plus.iam.gserviceaccount.com"", ""orchestratorComponentId"": ""big-brother"", ""orchestratorWorkflowId"": ""liz_nolan"", ""workflowType"": ""cast-member-query""}}",2026-10-01,2026-10-01T08:00:00Z
workflow:big-brother/victor_arroyo,workflow,victor_arroyo,https://backstage.example.com/workflows/victor_arroyo/instances,"[""group:default/paramount-plus-infra""]",[],true,"{""workflow"": {""bqDestinationTableProjects"": [""paramount-plus""], ""bqJobProjects"": [""paramount-plus""], ""enabled"": true, ""offset"": ""PT1H"", ""orchestrationType"": ""orchestrator"", ""parentComponentId"": ""component:default/big-brother"", ""schedule"": ""days"", ""serviceAccount"": ""big-brother@paramount-plus.iam.gserviceaccount.com"", ""orchestratorComponentId"": ""big-brother"", ""orchestratorWorkflowId"": ""victor_arroyo"", ""workflowType"": ""cast-member-query""}}",2026-10-01,2026-10-01T08:00:00Z
workflow:big-brother/kevin_schlehuber,workflow,kevin_schlehuber,https://backstage.example.com/workflows/kevin_schlehuber/instances,"[""group:default/paramount-plus-infra""]",[],true,"{""workflow"": {""bqDestinationTableProjects"": [""paramount-plus""], ""bqJobProjects"": [""paramount-plus""], ""enabled"": true, ""offset"": ""PT1H"", ""orchestrationType"": ""orchestrator"", ""parentComponentId"": ""component:default/big-brother"", ""schedule"": ""days"", ""serviceAccount"": ""big-brother@paramount-plus.iam.gserviceaccount.com"", ""orchestratorComponentId"": ""big-brother"", ""orchestratorWorkflowId"": ""kevin_schlehuber"", ""workflowType"": ""cast-member-query""}}",2026-10-01,2026-10-01T08:00:00Z
workflow:big-brother/angela_rummans,workflow,angela_rummans,https://backstage.example.com/workflows/angela_rummans/instances,"[""group:default/paramount-plus-infra""]",[],true,"{""workflow"": {""bqDestinationTableProjects"": [""paramount-plus""], ""bqJobProjects"": [""paramount-plus""], ""enabled"": true, ""offset"": ""PT15M"", ""orchestrationType"": ""orchestrator"", ""parentComponentId"": ""component:default/big-brother"", ""schedule"": ""hours"", ""serviceAccount"": ""big-brother@paramount-plus.iam.gserviceaccount.com"", ""orchestratorComponentId"": ""big-brother"", ""orchestratorWorkflowId"": ""angela_rummans"", ""workflowType"": ""cast-member-query""}}",2026-10-01,2026-10-01T08:00:00Z
workflow:big-brother/cam_sullivan_brown,workflow,cam_sullivan_brown,https://backstage.example.com/workflows/cam_sullivan_brown/instances,"[""group:default/paramount-plus-infra""]",[],true,"{""workflow"": {""bqDestinationTableProjects"": [""paramount-plus""], ""bqJobProjects"": [""paramount-plus""], ""enabled"": true, ""offset"": ""PT15M"", ""orchestrationType"": ""orchestrator"", ""parentComponentId"": ""component:default/big-brother"", ""schedule"": ""hours"", ""serviceAccount"": ""big-brother@paramount-plus.iam.gserviceaccount.com"", ""orchestratorComponentId"": ""big-brother"", ""orchestratorWorkflowId"": ""cam_sullivan_brown"", ""workflowType"": ""cast-member-query""}}",2026-10-01,2026-10-01T08:00:00Z
workflow:big-brother/makensy_manbeck,workflow,makensy_manbeck,https://backstage.example.com/workflows/makensy_manbeck/instances,"[""group:default/paramount-plus-infra""]",[],true,"{""workflow"": {""bqDestinationTableProjects"": [""paramount-plus""], ""bqJobProjects"": [""paramount-plus""], ""enabled"": true, ""offset"": ""PT15M"", ""orchestrationType"": ""orchestrator"", ""parentComponentId"": ""component:default/big-brother"", ""schedule"": ""hours"", ""serviceAccount"": ""big-brother@paramount-plus.iam.gserviceaccount.com"", ""orchestratorComponentId"": ""big-brother"", ""orchestratorWorkflowId"": ""makensy_manbeck"", ""workflowType"": ""cast-member-query""}}",2026-10-01,2026-10-01T08:00:00Z
workflow:big-brother/rubina_bernabe,workflow,rubina_bernabe,https://backstage.example.com/workflows/rubina_bernabe/instances,"[""group:default/paramount-plus-infra""]",[],true,"{""workflow"": {""bqDestinationTableProjects"": [""paramount-plus""], ""bqJobProjects"": [""paramount-plus""], ""enabled"": true, ""offset"": ""PT1H"", ""orchestrationType"": ""orchestrator"", ""parentComponentId"": ""component:default/big-brother"", ""schedule"": ""days"", ""serviceAccount"": ""big-brother@paramount-plus.iam.gserviceaccount.com"", ""orchestratorComponentId"": ""big-brother"", ""orchestratorWorkflowId"": ""rubina_bernabe"", ""workflowType"": ""cast-member-query""}}",2026-10-01,2026-10-01T08:00:00Z
workflow:big-brother/ava_pearl,workflow,ava_pearl,https://backstage.example.com/workflows/ava_pearl/instances,"[""group:default/paramount-plus-infra""]",[],true,"{""workflow"": {""bqDestinationTableProjects"": [""paramount-plus""], ""bqJobProjects"": [""paramount-plus""], ""enabled"": false, ""offset"": ""PT1H"", ""orchestrationType"": ""orchestrator"", ""parentComponentId"": ""component:default/big-brother"", ""schedule"": ""days"", ""serviceAccount"": ""big-brother@paramount-plus.iam.gserviceaccount.com"", ""orchestratorComponentId"": ""big-brother"", ""orchestratorWorkflowId"": ""ava_pearl"", ""workflowType"": ""cast-member-query""}}",2026-10-01,2026-10-01T08:00:00Z
workflow:big-brother/alison_irwin,workflow,alison_irwin,https://backstage.example.com/workflows/alison_irwin/instances,"[""group:default/paramount-plus-infra""]",[],true,"{""workflow"": {""bqDestinationTableProjects"": [""paramount-plus""], ""bqJobProjects"": [""paramount-plus""], ""enabled"": true, ""offset"": ""PT15M"", ""orchestrationType"": ""orchestrator"", ""parentComponentId"": ""component:default/big-brother"", ""schedule"": ""hours"", ""serviceAccount"": ""big-brother@paramount-plus.iam.gserviceaccount.com"", ""orchestratorComponentId"": ""big-brother"", ""orchestratorWorkflowId"": ""alison_irwin"", ""workflowType"": ""cast-member-query""}}",2026-10-01,2026-10-01T08:00:00Z
workflow:big-brother/michelle_meyer,workflow,michelle_meyer,https://backstage.example.com/workflows/michelle_meyer/instances,"[""group:default/paramount-plus-infra""]",[],true,"{""workflow"": {""bqDestinationTableProjects"": [""paramount-plus""], ""bqJobProjects"": [""paramount-plus""], ""enabled"": true, ""offset"": ""PT1H"", ""orchestrationType"": ""orchestrator"", ""parentComponentId"": ""component:default/big-brother"", ""schedule"": ""days"", ""serviceAccount"": ""big-brother@paramount-plus.iam.gserviceaccount.com"", ""orchestratorComponentId"": ""big-brother"", ""orchestratorWorkflowId"": ""michelle_meyer"", ""workflowType"": ""cast-member-query""}}",2026-10-01,2026-10-01T08:00:00Z
workflow:big-brother/xavier_prather,workflow,xavier_prather,https://backstage.example.com/workflows/xavier_prather/instances,"[""group:default/paramount-plus-infra""]",[],true,"{""workflow"": {""bqDestinationTableProjects"": [""paramount-plus""], ""bqJobProjects"": [""paramount-plus""], ""enabled"": true, ""offset"": ""PT1H"", ""orchestrationType"": ""orchestrator"", ""parentComponentId"": ""component:default/big-brother"", ""schedule"": ""days"", ""serviceAccount"": ""big-brother@paramount-plus.iam.gserviceaccount.com"", ""orchestratorComponentId"": ""big-brother"", ""orchestratorWorkflowId"": ""xavier_prather"", ""workflowType"": ""cast-member-query""}}",2026-10-01,2026-10-01T08:00:00Z
workflow:big-brother/derek_frazier,workflow,derek_frazier,https://backstage.example.com/workflows/derek_frazier/instances,"[""group:default/paramount-plus-infra""]",[],true,"{""workflow"": {""bqDestinationTableProjects"": [""paramount-plus""], ""bqJobProjects"": [""paramount-plus""], ""enabled"": true, ""offset"": ""P1D"", ""orchestrationType"": ""orchestrator"", ""parentComponentId"": ""component:default/big-brother"", ""schedule"": ""weeks"", ""serviceAccount"": ""big-brother@paramount-plus.iam.gserviceaccount.com"", ""orchestratorComponentId"": ""big-brother"", ""orchestratorWorkflowId"": ""derek_frazier"", ""workflowType"": ""cast-member-query""}}",2026-10-01,2026-10-01T08:00:00Z
workflow:big-brother/azah_awasum,workflow,azah_awasum,https://backstage.example.com/workflows/azah_awasum/instances,"[""group:default/paramount-plus-infra""]",[],true,"{""workflow"": {""bqDestinationTableProjects"": [""paramount-plus""], ""bqJobProjects"": [""paramount-plus""], ""enabled"": true, ""offset"": ""PT1H"", ""orchestrationType"": ""orchestrator"", ""parentComponentId"": ""component:default/big-brother"", ""schedule"": ""days"", ""serviceAccount"": ""big-brother@paramount-plus.iam.gserviceaccount.com"", ""orchestratorComponentId"": ""big-brother"", ""orchestratorWorkflowId"": ""azah_awasum"", ""workflowType"": ""cast-member-query""}}",2026-10-01,2026-10-01T08:00:00Z
workflow:big-brother/johnny_mac_mcguire,workflow,johnny_mac_mcguire,https://backstage.example.com/workflows/johnny_mac_mcguire/instances,"[""group:default/paramount-plus-infra""]",[],true,"{""workflow"": {""bqDestinationTableProjects"": [""paramount-plus""], ""bqJobProjects"": [""paramount-plus""], ""enabled"": true, ""offset"": ""PT15M"", ""orchestrationType"": ""orchestrator"", ""parentComponentId"": ""component:default/big-brother"", ""schedule"": ""hours"", ""serviceAccount"": ""big-brother@paramount-plus.iam.gserviceaccount.com"", ""orchestratorComponentId"": ""big-brother"", ""orchestratorWorkflowId"": ""johnny_mac_mcguire"", ""workflowType"": ""cast-member-query""}}",2026-10-01,2026-10-01T08:00:00Z
workflow:big-brother/julia_nolan,workflow,julia_nolan,https://backstage.example.com/workflows/julia_nolan/instances,"[""group:default/paramount-plus-infra""]",[],true,"{""workflow"": {""bqDestinationTableProjects"": [""paramount-plus""], ""bqJobProjects"": [""paramount-plus""], ""enabled"": true, ""offset"": ""PT1H"", ""orchestrationType"": ""orchestrator"", ""parentComponentId"": ""component:default/big-brother"", ""schedule"": ""days"", ""serviceAccount"": ""big-brother@paramount-plus.iam.gserviceaccount.com"", ""orchestratorComponentId"": ""big-brother"", ""orchestratorWorkflowId"": ""julia_nolan"", ""workflowType"": ""cast-member-query""}}",2026-10-01,2026-10-01T08:00:00Z
workflow:big-brother/alex_ow,workflow,alex_ow,https://backstage.example.com/workflows/alex_ow/instances,"[""group:default/paramount-plus-infra""]",[],true,"{""workflow"": {""bqDestinationTableProjects"": [""paramount-plus""], ""bqJobProjects"": [""paramount-plus""], ""enabled"": true, ""offset"": ""P1D"", ""orchestrationType"": ""orchestrator"", ""parentComponentId"": ""component:default/big-brother"", ""schedule"": ""weeks"", ""serviceAccount"": ""big-brother@paramount-plus.iam.gserviceaccount.com"", ""orchestratorComponentId"": ""big-brother"", ""orchestratorWorkflowId"": ""alex_ow"", ""workflowType"": ""cast-member-query""}}",2026-10-01,2026-10-01T08:00:00Z
workflow:big-brother/sam_bledsoe,workflow,sam_bledsoe,https://backstage.example.com/workflows/sam_bledsoe/instances,"[""group:default/paramount-plus-infra""]",[],true,"{""workflow"": {""bqDestinationTableProjects"": [""paramount-plus""], ""bqJobProjects"": [""paramount-plus""], ""enabled"": true, ""offset"": ""PT1H"", ""orchestrationType"": ""orchestrator"", ""parentComponentId"": ""component:default/big-brother"", ""schedule"": ""days"", ""serviceAccount"": ""big-brother@paramount-plus.iam.gserviceaccount.com"", ""orchestratorComponentId"": ""big-brother"", ""orchestratorWorkflowId"": ""sam_bledsoe"", ""workflowType"": ""cast-member-query""}}",2026-10-01,2026-10-01T08:00:00Z
workflow:big-brother/kimo_apaka,workflow,kimo_apaka,https://backstage.example.com/workflows/kimo_apaka/instances,"[""group:default/paramount-plus-infra""]",[],true,"{""workflow"": {""bqDestinationTableProjects"": [""paramount-plus""], ""bqJobProjects"": [""paramount-plus""], ""enabled"": true, ""offset"": ""P1D"", ""orchestrationType"": ""orchestrator"", ""parentComponentId"": ""component:default/big-brother"", ""schedule"": ""weeks"", ""serviceAccount"": ""big-brother@paramount-plus.iam.gserviceaccount.com"", ""orchestratorComponentId"": ""big-brother"", ""orchestratorWorkflowId"": ""kimo_apaka"", ""workflowType"": ""cast-member-query""}}",2026-10-01,2026-10-01T08:00:00Z
workflow:big-brother/barrett_pfeiffer,workflow,barrett_pfeiffer,https://backstage.example.com/workflows/barrett_pfeiffer/instances,"[""group:default/paramount-plus-infra""]",[],true,"{""workflow"": {""bqDestinationTableProjects"": [""paramount-plus""], ""bqJobProjects"": [""paramount-plus""], ""enabled"": true, ""offset"": ""PT1H"", ""orchestrationType"": ""orchestrator"", ""parentComponentId"": ""component:default/big-brother"", ""schedule"": ""days"", ""serviceAccount"": ""big-brother@paramount-plus.iam.gserviceaccount.com"", ""orchestratorComponentId"": ""big-brother"", ""orchestratorWorkflowId"": ""barrett_pfeiffer"", ""workflowType"": ""cast-member-query""}}",2026-10-01,2026-10-01T08:00:00Z
workflow:big-brother/yash_patel,workflow,yash_patel,https://backstage.example.com/workflows/yash_patel/instances,"[""group:default/paramount-plus-infra""]",[],true,"{""workflow"": {""bqDestinationTableProjects"": [""paramount-plus""], ""bqJobProjects"": [""paramount-plus""], ""enabled"": true, ""offset"": ""PT1H"", ""orchestrationType"": ""orchestrator"", ""parentComponentId"": ""component:default/big-brother"", ""schedule"": ""days"", ""serviceAccount"": ""big-brother@paramount-plus.iam.gserviceaccount.com"", ""orchestratorComponentId"": ""big-brother"", ""orchestratorWorkflowId"": ""yash_patel"", ""workflowType"": ""cast-member-query""}}",2026-10-01,2026-10-01T08:00:00Z
workflow:big-brother/nakomis_dedmon,workflow,nakomis_dedmon,https://backstage.example.com/workflows/nakomis_dedmon/instances,"[""group:default/paramount-plus-infra""]",[],true,"{""workflow"": {""bqDestinationTableProjects"": [""paramount-plus""], ""bqJobProjects"": [""paramount-plus""], ""enabled"": true, ""offset"": ""PT1H"", ""orchestrationType"": ""orchestrator"", ""parentComponentId"": ""component:default/big-brother"", ""schedule"": ""days"", ""serviceAccount"": ""big-brother@paramount-plus.iam.gserviceaccount.com"", ""orchestratorComponentId"": ""big-brother"", ""orchestratorWorkflowId"": ""nakomis_dedmon"", ""workflowType"": ""cast-member-query""}}",2026-10-01,2026-10-01T08:00:00Z
workflow:big-brother/kyland_young,workflow,kyland_young,https://backstage.example.com/workflows/kyland_young/instances,"[""group:default/paramount-plus-infra""]",[],true,"{""workflow"": {""bqDestinationTableProjects"": [""paramount-plus""], ""bqJobProjects"": [""paramount-plus""], ""enabled"": true, ""offset"": ""PT1H"", ""orchestrationType"": ""orchestrator"", ""parentComponentId"": ""component:default/big-brother"", ""schedule"": ""days"", ""serviceAccount"": ""big-brother@paramount-plus.iam.gserviceaccount.com"", ""orchestratorComponentId"": ""big-brother"", ""orchestratorWorkflowId"": ""kyland_young"", ""workflowType"": ""cast-member-query""}}",2026-10-01,2026-10-01T08:00:00Z
workflow:big-brother/leah_peters,workflow,leah_peters,https://backstage.example.com/workflows/leah_peters/instances,"[""group:default/paramount-plus-infra""]",[],true,"{""workflow"": {""bqDestinationTableProjects"": [""paramount-plus""], ""bqJobProjects"": [""paramount-plus""], ""enabled"": false, ""offset"": ""PT1H"", ""orchestrationType"": ""orchestrator"", ""parentComponentId"": ""component:default/big-brother"", ""schedule"": ""days"", ""serviceAccount"": ""big-brother@paramount-plus.iam.gserviceaccount.com"", ""orchestratorComponentId"": ""big-brother"", ""orchestratorWorkflowId"": ""leah_peters"", ""workflowType"": ""cast-member-query""}}",2026-10-01,2026-10-01T08:00:00Z
workflow:big-brother/cory_wurtenberger,workflow,cory_wurtenberger,https://backstage.example.com/workflows/cory_wurtenberger/instances,"[""group:default/paramount-plus-infra""]",[],true,"{""workflow"": {""bqDestinationTableProjects"": [""paramount-plus""], ""bqJobProjects"": [""paramount-plus""], ""enabled"": true, ""offset"": ""PT15M"", ""orchestrationType"": ""orchestrator"", ""parentComponentId"": ""component:default/big-brother"", ""schedule"": ""hours"", ""serviceAccount"": ""big-brother@paramount-plus.iam.gserviceaccount.com"", ""orchestratorComponentId"": ""big-brother"", ""orchestratorWorkflowId"": ""cory_wurtenberger"", ""workflowType"": ""cast-member-query""}}",2026-10-01,2026-10-01T08:00:00Z
workflow:big-brother/spencer_clawson,workflow,spencer_clawson,https://backstage.example.com/workflows/spencer_clawson/instances,"[""group:default/paramount-plus-infra""]",[],true,"{""workflow"": {""bqDestinationTableProjects"": [""paramount-plus""], ""bqJobProjects"": [""paramount-plus""], ""enabled"": true, ""offset"": ""PT15M"", ""orchestrationType"": ""orchestrator"", ""parentComponentId"": ""component:default/big-brother"", ""schedule"": ""hours"", ""serviceAccount"": ""big-brother@paramount-plus.iam.gserviceaccount.com"", ""orchestratorComponentId"": ""big-brother"", ""orchestratorWorkflowId"": ""spencer_clawson"", ""workflowType"": ""cast-member-query""}}",2026-10-01,2026-10-01T08:00:00Z
component:default/the-amazing-race,component,the-amazing-race,https://backstage.example.com/catalog/default/Component/the-amazing-race,"[""group:default/paramount-plus-infra""]",[],true,"{""component"": {""componentType"": ""service"", ""lifecycle"": ""production""}}",2026-10-01,2026-10-01T08:00:00Z
repository:github.com/streaming-infra/TheAmazingRace,repository,TheAmazingRace,https://github.com/streaming-infra/TheAmazingRace,[],[],true,"{""repository"": {""archived"": false, ""createdAt"": ""2024-01-15T10:00:00.000Z"", ""defaultBranchLastCommit"": {""sha"": ""abc123def456"", ""url"": ""https://github.com/streaming-infra/TheAmazingRace/commit/abc123def456""}, ""description"": ""Repository for TheAmazingRace"", ""fullName"": ""streaming-infra/TheAmazingRace"", ""host"": ""github.com"", ""organization"": ""streaming-infra"", ""pushedAt"": ""2026-09-28T12:00:00.000Z"", ""repositoryName"": ""TheAmazingRace""}}",2026-10-01,2026-10-01T08:00:00Z
workflow:the-amazing-race/phil_keoghan,workflow,phil_keoghan,https://backstage.example.com/workflows/phil_keoghan/instances,"[""group:default/paramount-plus-infra""]",[],true,"{""workflow"": {""bqDestinationTableProjects"": [""paramount-plus""], ""bqJobProjects"": [""paramount-plus""], ""enabled"": true, ""offset"": ""PT1H"", ""orchestrationType"": ""orchestrator"", ""parentComponentId"": ""component:default/the-amazing-race"", ""schedule"": ""days"", ""serviceAccount"": ""the-amazing-race@paramount-plus.iam.gserviceaccount.com"", ""orchestratorComponentId"": ""the-amazing-race"", ""orchestratorWorkflowId"": ""phil_keoghan"", ""workflowType"": ""cast-member-query""}}",2026-10-01,2026-10-01T08:00:00Z
workflow:the-amazing-race/cord_mccoy,workflow,cord_mccoy,https://backstage.example.com/workflows/cord_mccoy/instances,"[""group:default/paramount-plus-infra""]",[],true,"{""workflow"": {""bqDestinationTableProjects"": [""paramount-plus""], ""bqJobProjects"": [""paramount-plus""], ""enabled"": true, ""offset"": ""PT1H"", ""orchestrationType"": ""orchestrator"", ""parentComponentId"": ""component:default/the-amazing-race"", ""schedule"": ""days"", ""serviceAccount"": ""the-amazing-race@paramount-plus.iam.gserviceaccount.com"", ""orchestratorComponentId"": ""the-amazing-race"", ""orchestratorWorkflowId"": ""cord_mccoy"", ""workflowType"": ""cast-member-query""}}",2026-10-01,2026-10-01T08:00:00Z
workflow:the-amazing-race/izzy_gleicher,workflow,izzy_gleicher,https://backstage.example.com/workflows/izzy_gleicher/instances,"[""group:default/paramount-plus-infra""]",[],true,"{""workflow"": {""bqDestinationTableProjects"": [""paramount-plus""], ""bqJobProjects"": [""paramount-plus""], ""enabled"": true, ""offset"": ""P1D"", ""orchestrationType"": ""orchestrator"", ""parentComponentId"": ""component:default/the-amazing-race"", ""schedule"": ""weeks"", ""serviceAccount"": ""the-amazing-race@paramount-plus.iam.gserviceaccount.com"", ""orchestratorComponentId"": ""the-amazing-race"", ""orchestratorWorkflowId"": ""izzy_gleicher"", ""workflowType"": ""cast-member-query""}}",2026-10-01,2026-10-01T08:00:00Z
workflow:the-amazing-race/joseph_abdin,workflow,joseph_abdin,https://backstage.example.com/workflows/joseph_abdin/instances,"[""group:default/paramount-plus-infra""]",[],true,"{""workflow"": {""bqDestinationTableProjects"": [""paramount-plus""], ""bqJobProjects"": [""paramount-plus""], ""enabled"": true, ""offset"": ""P1D"", ""orchestrationType"": ""orchestrator"", ""parentComponentId"": ""component:default/the-amazing-race"", ""schedule"": ""weeks"", ""serviceAccount"": ""the-amazing-race@paramount-plus.iam.gserviceaccount.com"", ""orchestratorComponentId"": ""the-amazing-race"", ""orchestratorWorkflowId"": ""joseph_abdin"", ""workflowType"": ""cast-member-query""}}",2026-10-01,2026-10-01T08:00:00Z
workflow:the-amazing-race/meghan_camarena,workflow,meghan_camarena,https://backstage.example.com/workflows/meghan_camarena/instances,"[""group:default/paramount-plus-infra""]",[],true,"{""workflow"": {""bqDestinationTableProjects"": [""paramount-plus""], ""bqJobProjects"": [""paramount-plus""], ""enabled"": true, ""offset"": ""PT1H"", ""orchestrationType"": ""orchestrator"", ""parentComponentId"": ""component:default/the-amazing-race"", ""schedule"": ""days"", ""serviceAccount"": ""the-amazing-race@paramount-plus.iam.gserviceaccount.com"", ""orchestratorComponentId"": ""the-amazing-race"", ""orchestratorWorkflowId"": ""meghan_camarena"", ""workflowType"": ""cast-member-query""}}",2026-10-01,2026-10-01T08:00:00Z
workflow:the-amazing-race/tucker_des_lauriers,workflow,tucker_des_lauriers,https://backstage.example.com/workflows/tucker_des_lauriers/instances,"[""group:default/paramount-plus-infra""]",[],true,"{""workflow"": {""bqDestinationTableProjects"": [""paramount-plus""], ""bqJobProjects"": [""paramount-plus""], ""enabled"": true, ""offset"": ""PT1H"", ""orchestrationType"": ""orchestrator"", ""parentComponentId"": ""component:default/the-amazing-race"", ""schedule"": ""days"", ""serviceAccount"": ""the-amazing-race@paramount-plus.iam.gserviceaccount.com"", ""orchestratorComponentId"": ""the-amazing-race"", ""orchestratorWorkflowId"": ""tucker_des_lauriers"", ""workflowType"": ""cast-member-query""}}",2026-10-01,2026-10-01T08:00:00Z
workflow:the-amazing-race/mel_white,workflow,mel_white,https://backstage.example.com/workflows/mel_white/instances,"[""group:default/paramount-plus-infra""]",[],true,"{""workflow"": {""bqDestinationTableProjects"": [""paramount-plus""], ""bqJobProjects"": [""paramount-plus""], ""enabled"": true, ""offset"": ""PT1H"", ""orchestrationType"": ""orchestrator"", ""parentComponentId"": ""component:default/the-amazing-race"", ""schedule"": ""days"", ""serviceAccount"": ""the-amazing-race@paramount-plus.iam.gserviceaccount.com"", ""orchestratorComponentId"": ""the-amazing-race"", ""orchestratorWorkflowId"": ""mel_white"", ""workflowType"": ""cast-member-query""}}",2026-10-01,2026-10-01T08:00:00Z
workflow:the-amazing-race/mike_white,workflow,mike_white,https://backstage.example.com/workflows/mike_white/instances,"[""group:default/paramount-plus-infra""]",[],true,"{""workflow"": {""bqDestinationTableProjects"": [""paramount-plus""], ""bqJobProjects"": [""paramount-plus""], ""enabled"": false, ""offset"": ""PT1H"", ""orchestrationType"": ""orchestrator"", ""parentComponentId"": ""component:default/the-amazing-race"", ""schedule"": ""days"", ""serviceAccount"": ""the-amazing-race@paramount-plus.iam.gserviceaccount.com"", ""orchestratorComponentId"": ""the-amazing-race"", ""orchestratorWorkflowId"": ""mike_white"", ""workflowType"": ""cast-member-query""}}",2026-10-01,2026-10-01T08:00:00Z
workflow:the-amazing-race/hannah_chaddha,workflow,hannah_chaddha,https://backstage.example.com/workflows/hannah_chaddha/instances,"[""group:default/paramount-plus-infra""]",[],true,"{""workflow"": {""bqDestinationTableProjects"": [""paramount-plus""], ""bqJobProjects"": [""paramount-plus""], ""enabled"": true, ""offset"": ""PT1H"", ""orchestrationType"": ""orchestrator"", ""parentComponentId"": ""component:default/the-amazing-race"", ""schedule"": ""days"", ""serviceAccount"": ""the-amazing-race@paramount-plus.iam.gserviceaccount.com"", ""orchestratorComponentId"": ""the-amazing-race"", ""orchestratorWorkflowId"": ""hannah_chaddha"", ""workflowType"": ""cast-member-query""}}",2026-10-01,2026-10-01T08:00:00Z
workflow:the-amazing-race/arnold_chun,workflow,arnold_chun,https://backstage.example.com/workflows/arnold_chun/instances,"[""group:default/paramount-plus-infra""]",[],true,"{""workflow"": {""bqDestinationTableProjects"": [""paramount-plus""], ""bqJobProjects"": [""paramount-plus""], ""enabled"": true, ""offset"": ""P1D"", ""orchestrationType"": ""orchestrator"", ""parentComponentId"": ""component:default/the-amazing-race"", ""schedule"": ""weeks"", ""serviceAccount"": ""the-amazing-race@paramount-plus.iam.gserviceaccount.com"", ""orchestratorComponentId"": ""the-amazing-race"", ""orchestratorWorkflowId"": ""arnold_chun"", ""workflowType"": ""cast-member-query""}}",2026-10-01,2026-10-01T08:00:00Z
workflow:the-amazing-race/kathryn_dunn,workflow,kathryn_dunn,https://backstage.example.com/workflows/kathryn_dunn/instances,"[""group:default/paramount-plus-infra""]",[],true,"{""workflow"": {""bqDestinationTableProjects"": [""paramount-plus""], ""bqJobProjects"": [""paramount-plus""], ""enabled"": true, ""offset"": ""PT1H"", ""orchestrationType"": ""orchestrator"", ""parentComponentId"": ""component:default/the-amazing-race"", ""schedule"": ""days"", ""serviceAccount"": ""the-amazing-race@paramount-plus.iam.gserviceaccount.com"", ""orchestratorComponentId"": ""the-amazing-race"", ""orchestratorWorkflowId"": ""kathryn_dunn"", ""workflowType"": ""cast-member-query""}}",2026-10-01,2026-10-01T08:00:00Z
workflow:the-amazing-race/matt_turner,workflow,matt_turner,https://backstage.example.com/workflows/matt_turner/instances,"[""group:default/paramount-plus-infra""]",[],true,"{""workflow"": {""bqDestinationTableProjects"": [""paramount-plus""], ""bqJobProjects"": [""paramount-plus""], ""enabled"": true, ""offset"": ""PT15M"", ""orchestrationType"": ""orchestrator"", ""parentComponentId"": ""component:default/the-amazing-race"", ""schedule"": ""hours"", ""serviceAccount"": ""the-amazing-race@paramount-plus.iam.gserviceaccount.com"", ""orchestratorComponentId"": ""the-amazing-race"", ""orchestratorWorkflowId"": ""matt_turner"", ""workflowType"": ""cast-member-query""}}",2026-10-01,2026-10-01T08:00:00Z
workflow:the-amazing-race/lafur_darri_lafsson,workflow,lafur_darri_lafsson,https://backstage.example.com/workflows/lafur_darri_lafsson/instances,"[""group:default/paramount-plus-infra""]",[],true,"{""workflow"": {""bqDestinationTableProjects"": [""paramount-plus""], ""bqJobProjects"": [""paramount-plus""], ""enabled"": true, ""offset"": ""PT1H"", ""orchestrationType"": ""orchestrator"", ""parentComponentId"": ""component:default/the-amazing-race"", ""schedule"": ""days"", ""serviceAccount"": ""the-amazing-race@paramount-plus.iam.gserviceaccount.com"", ""orchestratorComponentId"": ""the-amazing-race"", ""orchestratorWorkflowId"": ""lafur_darri_lafsson"", ""workflowType"": ""cast-member-query""}}",2026-10-01,2026-10-01T08:00:00Z
workflow:the-amazing-race/ted_otis,workflow,ted_otis,https://backstage.example.com/workflows/ted_otis/instances,"[""group:default/paramount-plus-infra""]",[],true,"{""workflow"": {""bqDestinationTableProjects"": [""paramount-plus""], ""bqJobProjects"": [""paramount-plus""], ""enabled"": true, ""offset"": ""P1D"", ""orchestrationType"": ""orchestrator"", ""parentComponentId"": ""component:default/the-amazing-race"", ""schedule"": ""weeks"", ""serviceAccount"": ""the-amazing-race@paramount-plus.iam.gserviceaccount.com"", ""orchestratorComponentId"": ""the-amazing-race"", ""orchestratorWorkflowId"": ""ted_otis"", ""workflowType"": ""cast-member-query""}}",2026-10-01,2026-10-01T08:00:00Z
workflow:the-amazing-race/donald_imm,workflow,donald_imm,https://backstage.example.com/workflows/donald_imm/instances,"[""group:default/paramount-plus-infra""]",[],true,"{""workflow"": {""bqDestinationTableProjects"": [""paramount-plus""], ""bqJobProjects"": [""paramount-plus""], ""enabled"": true, ""offset"": ""PT15M"", ""orchestrationType"": ""orchestrator"", ""parentComponentId"": ""component:default/the-amazing-race"", ""schedule"": ""hours"", ""serviceAccount"": ""the-amazing-race@paramount-plus.iam.gserviceaccount.com"", ""orchestratorComponentId"": ""the-amazing-race"", ""orchestratorWorkflowId"": ""donald_imm"", ""workflowType"": ""cast-member-query""}}",2026-10-01,2026-10-01T08:00:00Z
workflow:the-amazing-race/kevin_r_hershberger,workflow,kevin_r_hershberger,https://backstage.example.com/workflows/kevin_r_hershberger/instances,"[""group:default/paramount-plus-infra""]",[],true,"{""workflow"": {""bqDestinationTableProjects"": [""paramount-plus""], ""bqJobProjects"": [""paramount-plus""], ""enabled"": true, ""offset"": ""PT1H"", ""orchestrationType"": ""orchestrator"", ""parentComponentId"": ""component:default/the-amazing-race"", ""schedule"": ""days"", ""serviceAccount"": ""the-amazing-race@paramount-plus.iam.gserviceaccount.com"", ""orchestratorComponentId"": ""the-amazing-race"", ""orchestratorWorkflowId"": ""kevin_r_hershberger"", ""workflowType"": ""cast-member-query""}}",2026-10-01,2026-10-01T08:00:00Z
workflow:the-amazing-race/wayne_newton,workflow,wayne_newton,https://backstage.example.com/workflows/wayne_newton/instances,"[""group:default/paramount-plus-infra""]",[],true,"{""workflow"": {""bqDestinationTableProjects"": [""paramount-plus""], ""bqJobProjects"": [""paramount-plus""], ""enabled"": true, ""offset"": ""P1D"", ""orchestrationType"": ""orchestrator"", ""parentComponentId"": ""component:default/the-amazing-race"", ""schedule"": ""weeks"", ""serviceAccount"": ""the-amazing-race@paramount-plus.iam.gserviceaccount.com"", ""orchestratorComponentId"": ""the-amazing-race"", ""orchestratorWorkflowId"": ""wayne_newton"", ""workflowType"": ""cast-member-query""}}",2026-10-01,2026-10-01T08:00:00Z
workflow:the-amazing-race/taylor_wily,workflow,taylor_wily,https://backstage.example.com/workflows/taylor_wily/instances,"[""group:default/paramount-plus-infra""]",[],true,"{""workflow"": {""bqDestinationTableProjects"": [""paramount-plus""], ""bqJobProjects"": [""paramount-plus""], ""enabled"": true, ""offset"": ""PT1H"", ""orchestrationType"": ""orchestrator"", ""parentComponentId"": ""component:default/the-amazing-race"", ""schedule"": ""days"", ""serviceAccount"": ""the-amazing-race@paramount-plus.iam.gserviceaccount.com"", ""orchestratorComponentId"": ""the-amazing-race"", ""orchestratorWorkflowId"": ""taylor_wily"", ""workflowType"": ""cast-member-query""}}",2026-10-01,2026-10-01T08:00:00Z
workflow:the-amazing-race/gurmit_singh,workflow,gurmit_singh,https://backstage.example.com/workflows/gurmit_singh/instances,"[""group:default/paramount-plus-infra""]",[],true,"{""workflow"": {""bqDestinationTableProjects"": [""paramount-plus""], ""bqJobProjects"": [""paramount-plus""], ""enabled"": false, ""offset"": ""P1D"", ""orchestrationType"": ""orchestrator"", ""parentComponentId"": ""component:default/the-amazing-race"", ""schedule"": ""weeks"", ""serviceAccount"": ""the-amazing-race@paramount-plus.iam.gserviceaccount.com"", ""orchestratorComponentId"": ""the-amazing-race"", ""orchestratorWorkflowId"": ""gurmit_singh"", ""workflowType"": ""cast-member-query""}}",2026-10-01,2026-10-01T08:00:00Z
workflow:the-amazing-race/bob_eubanks,workflow,bob_eubanks,https://backstage.example.com/workflows/bob_eubanks/instances,"[""group:default/paramount-plus-infra""]",[],true,"{""workflow"": {""bqDestinationTableProjects"": [""paramount-plus""], ""bqJobProjects"": [""paramount-plus""], ""enabled"": true, ""offset"": ""PT15M"", ""orchestrationType"": ""orchestrator"", ""parentComponentId"": ""component:default/the-amazing-race"", ""schedule"": ""hours"", ""serviceAccount"": ""the-amazing-race@paramount-plus.iam.gserviceaccount.com"", ""orchestratorComponentId"": ""the-amazing-race"", ""orchestratorWorkflowId"": ""bob_eubanks"", ""workflowType"": ""cast-member-query""}}",2026-10-01,2026-10-01T08:00:00Z
workflow:the-amazing-race/allan_wu,workflow,allan_wu,https://backstage.example.com/workflows/allan_wu/instances,"[""group:default/paramount-plus-infra""]",[],true,"{""workflow"": {""bqDestinationTableProjects"": [""paramount-plus""], ""bqJobProjects"": [""paramount-plus""], ""enabled"": true, ""offset"": ""PT1H"", ""orchestrationType"": ""orchestrator"", ""parentComponentId"": ""component:default/the-amazing-race"", ""schedule"": ""days"", ""serviceAccount"": ""the-amazing-race@paramount-plus.iam.gserviceaccount.com"", ""orchestratorComponentId"": ""the-amazing-race"", ""orchestratorWorkflowId"": ""allan_wu"", ""workflowType"": ""cast-member-query""}}",2026-10-01,2026-10-01T08:00:00Z
workflow:the-amazing-race/david_copperfield,workflow,david_copperfield,https://backstage.example.com/workflows/david_copperfield/instances,"[""group:default/paramount-plus-infra""]",[],true,"{""workflow"": {""bqDestinationTableProjects"": [""paramount-plus""], ""bqJobProjects"": [""paramount-plus""], ""enabled"": true, ""offset"": ""PT1H"", ""orchestrationType"": ""orchestrator"", ""parentComponentId"": ""component:default/the-amazing-race"", ""schedule"": ""days"", ""serviceAccount"": ""the-amazing-race@paramount-plus.iam.gserviceaccount.com"", ""orchestratorComponentId"": ""the-amazing-race"", ""orchestratorWorkflowId"": ""david_copperfield"", ""workflowType"": ""cast-member-query""}}",2026-10-01,2026-10-01T08:00:00Z
workflow:the-amazing-race/ali_krieger,workflow,ali_krieger,https://backstage.example.com/workflows/ali_krieger/instances,"[""group:default/paramount-plus-infra""]",[],true,"{""workflow"": {""bqDestinationTableProjects"": [""paramount-plus""], ""bqJobProjects"": [""paramount-plus""], ""enabled"": true, ""offset"": ""PT1H"", ""orchestrationType"": ""orchestrator"", ""parentComponentId"": ""component:default/the-amazing-race"", ""schedule"": ""days"", ""serviceAccount"": ""the-amazing-race@paramount-plus.iam.gserviceaccount.com"", ""orchestratorComponentId"": ""the-amazing-race"", ""orchestratorWorkflowId"": ""ali_krieger"", ""workflowType"": ""cast-member-query""}}",2026-10-01,2026-10-01T08:00:00Z
workflow:the-amazing-race/joanna_lohman,workflow,joanna_lohman,https://backstage.example.com/workflows/joanna_lohman/instances,"[""group:default/paramount-plus-infra""]",[],true,"{""workflow"": {""bqDestinationTableProjects"": [""paramount-plus""], ""bqJobProjects"": [""paramount-plus""], ""enabled"": true, ""offset"": ""PT1H"", ""orchestrationType"": ""orchestrator"", ""parentComponentId"": ""component:default/the-amazing-race"", ""schedule"": ""days"", ""serviceAccount"": ""the-amazing-race@paramount-plus.iam.gserviceaccount.com"", ""orchestratorComponentId"": ""the-amazing-race"", ""orchestratorWorkflowId"": ""joanna_lohman"", ""workflowType"": ""cast-member-query""}}",2026-10-01,2026-10-01T08:00:00Z
workflow:the-amazing-race/ann_marie_tejcek,workflow,ann_marie_tejcek,https://backstage.example.com/workflows/ann_marie_tejcek/instances,"[""group:default/paramount-plus-infra""]",[],true,"{""workflow"": {""bqDestinationTableProjects"": [""paramount-plus""], ""bqJobProjects"": [""paramount-plus""], ""enabled"": true, ""offset"": ""PT1H"", ""orchestrationType"": ""orchestrator"", ""parentComponentId"": ""component:default/the-amazing-race"", ""schedule"": ""days"", ""serviceAccount"": ""the-amazing-race@paramount-plus.iam.gserviceaccount.com"", ""orchestratorComponentId"": ""the-amazing-race"", ""orchestratorWorkflowId"": ""ann_marie_tejcek"", ""workflowType"": ""cast-member-query""}}",2026-10-01,2026-10-01T08:00:00Z
workflow:the-amazing-race/riley_tejcek,workflow,riley_tejcek,https://backstage.example.com/workflows/riley_tejcek/instances,"[""group:default/paramount-plus-infra""]",[],true,"{""workflow"": {""bqDestinationTableProjects"": [""paramount-plus""], ""bqJobProjects"": [""paramount-plus""], ""enabled"": true, ""offset"": ""PT1H"", ""orchestrationType"": ""orchestrator"", ""parentComponentId"": ""component:default/the-amazing-race"", ""schedule"": ""days"", ""serviceAccount"": ""the-amazing-race@paramount-plus.iam.gserviceaccount.com"", ""orchestratorComponentId"": ""the-amazing-race"", ""orchestratorWorkflowId"": ""riley_tejcek"", ""workflowType"": ""cast-member-query""}}",2026-10-01,2026-10-01T08:00:00Z
workflow:the-amazing-race/anuar_tager,workflow,anuar_tager,https://backstage.example.com/workflows/anuar_tager/instances,"[""group:default/paramount-plus-infra""]",[],true,"{""workflow"": {""bqDestinationTableProjects"": [""paramount-plus""], ""bqJobProjects"": [""paramount-plus""], ""enabled"": true, ""offset"": ""PT1H"", ""orchestrationType"": ""orchestrator"", ""parentComponentId"": ""component:default/the-amazing-race"", ""schedule"": ""days"", ""serviceAccount"": ""the-amazing-race@paramount-plus.iam.gserviceaccount.com"", ""orchestratorComponentId"": ""the-amazing-race"", ""orchestratorWorkflowId"": ""anuar_tager"", ""workflowType"": ""cast-member-query""}}",2026-10-01,2026-10-01T08:00:00Z
workflow:the-amazing-race/andrea_tager_ballesca,workflow,andrea_tager_ballesca,https://backstage.example.com/workflows/andrea_tager_ballesca/instances,"[""group:default/paramount-plus-infra""]",[],true,"{""workflow"": {""bqDestinationTableProjects"": [""paramount-plus""], ""bqJobProjects"": [""paramount-plus""], ""enabled"": true, ""offset"": ""P1D"", ""orchestrationType"": ""orchestrator"", ""parentComponentId"": ""component:default/the-amazing-race"", ""schedule"": ""weeks"", ""serviceAccount"": ""the-amazing-race@paramount-plus.iam.gserviceaccount.com"", ""orchestratorComponentId"": ""the-amazing-race"", ""orchestratorWorkflowId"": ""andrea_tager_ballesca"", ""workflowType"": ""cast-member-query""}}",2026-10-01,2026-10-01T08:00:00Z
workflow:the-amazing-race/cody_langois,workflow,cody_langois,https://backstage.example.com/workflows/cody_langois/instances,"[""group:default/paramount-plus-infra""]",[],true,"{""workflow"": {""bqDestinationTableProjects"": [""paramount-plus""], ""bqJobProjects"": [""paramount-plus""], ""enabled"": true, ""offset"": ""P1D"", ""orchestrationType"": ""orchestrator"", ""parentComponentId"": ""component:default/the-amazing-race"", ""schedule"": ""weeks"", ""serviceAccount"": ""the-amazing-race@paramount-plus.iam.gserviceaccount.com"", ""orchestratorComponentId"": ""the-amazing-race"", ""orchestratorWorkflowId"": ""cody_langois"", ""workflowType"": ""cast-member-query""}}",2026-10-01,2026-10-01T08:00:00Z
workflow:the-amazing-race/jaime_tribo,workflow,jaime_tribo,https://backstage.example.com/workflows/jaime_tribo/instances,"[""group:default/paramount-plus-infra""]",[],true,"{""workflow"": {""bqDestinationTableProjects"": [""paramount-plus""], ""bqJobProjects"": [""paramount-plus""], ""enabled"": true, ""offset"": ""PT15M"", ""orchestrationType"": ""orchestrator"", ""parentComponentId"": ""component:default/the-amazing-race"", ""schedule"": ""hours"", ""serviceAccount"": ""the-amazing-race@paramount-plus.iam.gserviceaccount.com"", ""orchestratorComponentId"": ""the-amazing-race"", ""orchestratorWorkflowId"": ""jaime_tribo"", ""workflowType"": ""cast-member-query""}}",2026-10-01,2026-10-01T08:00:00Z
workflow:the-amazing-race/conner_wilson,workflow,conner_wilson,https://backstage.example.com/workflows/conner_wilson/instances,"[""group:default/paramount-plus-infra""]",[],true,"{""workflow"": {""bqDestinationTableProjects"": [""paramount-plus""], ""bqJobProjects"": [""paramount-plus""], ""enabled"": true, ""offset"": ""PT1H"", ""orchestrationType"": ""orchestrator"", ""parentComponentId"": ""component:default/the-amazing-race"", ""schedule"": ""days"", ""serviceAccount"": ""the-amazing-race@paramount-plus.iam.gserviceaccount.com"", ""orchestratorComponentId"": ""the-amazing-race"", ""orchestratorWorkflowId"": ""conner_wilson"", ""workflowType"": ""cast-member-query""}}",2026-10-01,2026-10-01T08:00:00Z
workflow:the-amazing-race/garrett_mcguire,workflow,garrett_mcguire,https://backstage.example.com/workflows/garrett_mcguire/instances,"[""group:default/paramount-plus-infra""]",[],true,"{""workflow"": {""bqDestinationTableProjects"": [""paramount-plus""], ""bqJobProjects"": [""paramount-plus""], ""enabled"": true, ""offset"": ""PT1H"", ""orchestrationType"": ""orchestrator"", ""parentComponentId"": ""component:default/the-amazing-race"", ""schedule"": ""days"", ""serviceAccount"": ""the-amazing-race@paramount-plus.iam.gserviceaccount.com"", ""orchestratorComponentId"": ""the-amazing-race"", ""orchestratorWorkflowId"": ""garrett_mcguire"", ""workflowType"": ""cast-member-query""}}",2026-10-01,2026-10-01T08:00:00Z
workflow:the-amazing-race/dafina_dunmore,workflow,dafina_dunmore,https://backstage.example.com/workflows/dafina_dunmore/instances,"[""group:default/paramount-plus-infra""]",[],true,"{""workflow"": {""bqDestinationTableProjects"": [""paramount-plus""], ""bqJobProjects"": [""paramount-plus""], ""enabled"": true, ""offset"": ""PT15M"", ""orchestrationType"": ""orchestrator"", ""parentComponentId"": ""component:default/the-amazing-race"", ""schedule"": ""hours"", ""serviceAccount"": ""the-amazing-race@paramount-plus.iam.gserviceaccount.com"", ""orchestratorComponentId"": ""the-amazing-race"", ""orchestratorWorkflowId"": ""dafina_dunmore"", ""workflowType"": ""cast-member-query""}}",2026-10-01,2026-10-01T08:00:00Z
workflow:the-amazing-race/saran_dunmore,workflow,saran_dunmore,https://backstage.example.com/workflows/saran_dunmore/instances,"[""group:default/paramount-plus-infra""]",[],true,"{""workflow"": {""bqDestinationTableProjects"": [""paramount-plus""], ""bqJobProjects"": [""paramount-plus""], ""enabled"": false, ""offset"": ""PT1H"", ""orchestrationType"": ""orchestrator"", ""parentComponentId"": ""component:default/the-amazing-race"", ""schedule"": ""days"", ""serviceAccount"": ""the-amazing-race@paramount-plus.iam.gserviceaccount.com"", ""orchestratorComponentId"": ""the-amazing-race"", ""orchestratorWorkflowId"": ""saran_dunmore"", ""workflowType"": ""cast-member-query""}}",2026-10-01,2026-10-01T08:00:00Z
workflow:the-amazing-race/daisha_wilks,workflow,daisha_wilks,https://backstage.example.com/workflows/daisha_wilks/instances,"[""group:default/paramount-plus-infra""]",[],true,"{""workflow"": {""bqDestinationTableProjects"": [""paramount-plus""], ""bqJobProjects"": [""paramount-plus""], ""enabled"": false, ""offset"": ""PT1H"", ""orchestrationType"": ""orchestrator"", ""parentComponentId"": ""component:default/the-amazing-race"", ""schedule"": ""days"", ""serviceAccount"": ""the-amazing-race@paramount-plus.iam.gserviceaccount.com"", ""orchestratorComponentId"": ""the-amazing-race"", ""orchestratorWorkflowId"": ""daisha_wilks"", ""workflowType"": ""cast-member-query""}}",2026-10-01,2026-10-01T08:00:00Z
workflow:the-amazing-race/dalton_hamby,workflow,dalton_hamby,https://backstage.example.com/workflows/dalton_hamby/instances,"[""group:default/paramount-plus-infra""]",[],true,"{""workflow"": {""bqDestinationTableProjects"": [""paramount-plus""], ""bqJobProjects"": [""paramount-plus""], ""enabled"": true, ""offset"": ""P1D"", ""orchestrationType"": ""orchestrator"", ""parentComponentId"": ""component:default/the-amazing-race"", ""schedule"": ""weeks"", ""serviceAccount"": ""the-amazing-race@paramount-plus.iam.gserviceaccount.com"", ""orchestratorComponentId"": ""the-amazing-race"", ""orchestratorWorkflowId"": ""dalton_hamby"", ""workflowType"": ""cast-member-query""}}",2026-10-01,2026-10-01T08:00:00Z
workflow:the-amazing-race/doug_matter,workflow,doug_matter,https://backstage.example.com/workflows/doug_matter/instances,"[""group:default/paramount-plus-infra""]",[],true,"{""workflow"": {""bqDestinationTableProjects"": [""paramount-plus""], ""bqJobProjects"": [""paramount-plus""], ""enabled"": true, ""offset"": ""PT1H"", ""orchestrationType"": ""orchestrator"", ""parentComponentId"": ""component:default/the-amazing-race"", ""schedule"": ""days"", ""serviceAccount"": ""the-amazing-race@paramount-plus.iam.gserviceaccount.com"", ""orchestratorComponentId"": ""the-amazing-race"", ""orchestratorWorkflowId"": ""doug_matter"", ""workflowType"": ""cast-member-query""}}",2026-10-01,2026-10-01T08:00:00Z
workflow:the-amazing-race/dylan_matter,workflow,dylan_matter,https://backstage.example.com/workflows/dylan_matter/instances,"[""group:default/paramount-plus-infra""]",[],true,"{""workflow"": {""bqDestinationTableProjects"": [""paramount-plus""], ""bqJobProjects"": [""paramount-plus""], ""enabled"": true, ""offset"": ""PT1H"", ""orchestrationType"": ""orchestrator"", ""parentComponentId"": ""component:default/the-amazing-race"", ""schedule"": ""days"", ""serviceAccount"": ""the-amazing-race@paramount-plus.iam.gserviceaccount.com"", ""orchestratorComponentId"": ""the-amazing-race"", ""orchestratorWorkflowId"": ""dylan_matter"", ""workflowType"": ""cast-member-query""}}",2026-10-01,2026-10-01T08:00:00Z
workflow:the-amazing-race/erin_taylor,workflow,erin_taylor,https://backstage.example.com/workflows/erin_taylor/instances,"[""group:default/paramount-plus-infra""]",[],true,"{""workflow"": {""bqDestinationTableProjects"": [""paramount-plus""], ""bqJobProjects"": [""paramount-plus""], ""enabled"": false, ""offset"": ""PT15M"", ""orchestrationType"": ""orchestrator"", ""parentComponentId"": ""component:default/the-amazing-race"", ""schedule"": ""hours"", ""serviceAccount"": ""the-amazing-race@paramount-plus.iam.gserviceaccount.com"", ""orchestratorComponentId"": ""the-amazing-race"", ""orchestratorWorkflowId"": ""erin_taylor"", ""workflowType"": ""cast-member-query""}}",2026-10-01,2026-10-01T08:00:00Z
workflow:the-amazing-race/javi_vintimilla,workflow,javi_vintimilla,https://backstage.example.com/workflows/javi_vintimilla/instances,"[""group:default/paramount-plus-infra""]",[],true,"{""workflow"": {""bqDestinationTableProjects"": [""paramount-plus""], ""bqJobProjects"": [""paramount-plus""], ""enabled"": true, ""offset"": ""P1D"", ""orchestrationType"": ""orchestrator"", ""parentComponentId"": ""component:default/the-amazing-race"", ""schedule"": ""weeks"", ""serviceAccount"": ""the-amazing-race@paramount-plus.iam.gserviceaccount.com"", ""orchestratorComponentId"": ""the-amazing-race"", ""orchestratorWorkflowId"": ""javi_vintimilla"", ""workflowType"": ""cast-member-query""}}",2026-10-01,2026-10-01T08:00:00Z
workflow:the-amazing-race/jody_rebhun,workflow,jody_rebhun,https://backstage.example.com/workflows/jody_rebhun/instances,"[""group:default/paramount-plus-infra""]",[],true,"{""workflow"": {""bqDestinationTableProjects"": [""paramount-plus""], ""bqJobProjects"": [""paramount-plus""], ""enabled"": true, ""offset"": ""PT1H"", ""orchestrationType"": ""orchestrator"", ""parentComponentId"": ""component:default/the-amazing-race"", ""schedule"": ""days"", ""serviceAccount"": ""the-amazing-race@paramount-plus.iam.gserviceaccount.com"", ""orchestratorComponentId"": ""the-amazing-race"", ""orchestratorWorkflowId"": ""jody_rebhun"", ""workflowType"": ""cast-member-query""}}",2026-10-01,2026-10-01T08:00:00Z
workflow:the-amazing-race/jenn_naso,workflow,jenn_naso,https://backstage.example.com/workflows/jenn_naso/instances,"[""group:default/paramount-plus-infra""]",[],true,"{""workflow"": {""bqDestinationTableProjects"": [""paramount-plus""], ""bqJobProjects"": [""paramount-plus""], ""enabled"": true, ""offset"": ""PT1H"", ""orchestrationType"": ""orchestrator"", ""parentComponentId"": ""component:default/the-amazing-race"", ""schedule"": ""days"", ""serviceAccount"": ""the-amazing-race@paramount-plus.iam.gserviceaccount.com"", ""orchestratorComponentId"": ""the-amazing-race"", ""orchestratorWorkflowId"": ""jenn_naso"", ""workflowType"": ""cast-member-query""}}",2026-10-01,2026-10-01T08:00:00Z
workflow:the-amazing-race/katie_schultz,workflow,katie_schultz,https://backstage.example.com/workflows/katie_schultz/instances,"[""group:default/paramount-plus-infra""]",[],true,"{""workflow"": {""bqDestinationTableProjects"": [""paramount-plus""], ""bqJobProjects"": [""paramount-plus""], ""enabled"": true, ""offset"": ""P1D"", ""orchestrationType"": ""orchestrator"", ""parentComponentId"": ""component:default/the-amazing-race"", ""schedule"": ""weeks"", ""serviceAccount"": ""the-amazing-race@paramount-plus.iam.gserviceaccount.com"", ""orchestratorComponentId"": ""the-amazing-race"", ""orchestratorWorkflowId"": ""katie_schultz"", ""workflowType"": ""cast-member-query""}}",2026-10-01,2026-10-01T08:00:00Z
workflow:the-amazing-race/charlotte_schultz,workflow,charlotte_schultz,https://backstage.example.com/workflows/charlotte_schultz/instances,"[""group:default/paramount-plus-infra""]",[],true,"{""workflow"": {""bqDestinationTableProjects"": [""paramount-plus""], ""bqJobProjects"": [""paramount-plus""], ""enabled"": true, ""offset"": ""P1D"", ""orchestrationType"": ""orchestrator"", ""parentComponentId"": ""component:default/the-amazing-race"", ""schedule"": ""weeks"", ""serviceAccount"": ""the-amazing-race@paramount-plus.iam.gserviceaccount.com"", ""orchestratorComponentId"": ""the-amazing-race"", ""orchestratorWorkflowId"": ""charlotte_schultz"", ""workflowType"": ""cast-member-query""}}",2026-10-01,2026-10-01T08:00:00Z
workflow:the-amazing-race/michelle_rozalski_patterson,workflow,michelle_rozalski_patterson,https://backstage.example.com/workflows/michelle_rozalski_patterson/instances,"[""group:default/paramount-plus-infra""]",[],true,"{""workflow"": {""bqDestinationTableProjects"": [""paramount-plus""], ""bqJobProjects"": [""paramount-plus""], ""enabled"": true, ""offset"": ""PT1H"", ""orchestrationType"": ""orchestrator"", ""parentComponentId"": ""component:default/the-amazing-race"", ""schedule"": ""days"", ""serviceAccount"": ""the-amazing-race@paramount-plus.iam.gserviceaccount.com"", ""orchestratorComponentId"": ""the-amazing-race"", ""orchestratorWorkflowId"": ""michelle_rozalski_patterson"", ""workflowType"": ""cast-member-query""}}",2026-10-01,2026-10-01T08:00:00Z
workflow:the-amazing-race/matthew_patterson,workflow,matthew_patterson,https://backstage.example.com/workflows/matthew_patterson/instances,"[""group:default/paramount-plus-infra""]",[],true,"{""workflow"": {""bqDestinationTableProjects"": [""paramount-plus""], ""bqJobProjects"": [""paramount-plus""], ""enabled"": true, ""offset"": ""P1D"", ""orchestrationType"": ""orchestrator"", ""parentComponentId"": ""component:default/the-amazing-race"", ""schedule"": ""weeks"", ""serviceAccount"": ""the-amazing-race@paramount-plus.iam.gserviceaccount.com"", ""orchestratorComponentId"": ""the-amazing-race"", ""orchestratorWorkflowId"": ""matthew_patterson"", ""workflowType"": ""cast-member-query""}}",2026-10-01,2026-10-01T08:00:00Z
workflow:the-amazing-race/zach_johnson,workflow,zach_johnson,https://backstage.example.com/workflows/zach_johnson/instances,"[""group:default/paramount-plus-infra""]",[],true,"{""workflow"": {""bqDestinationTableProjects"": [""paramount-plus""], ""bqJobProjects"": [""paramount-plus""], ""enabled"": true, ""offset"": ""P1D"", ""orchestrationType"": ""orchestrator"", ""parentComponentId"": ""component:default/the-amazing-race"", ""schedule"": ""weeks"", ""serviceAccount"": ""the-amazing-race@paramount-plus.iam.gserviceaccount.com"", ""orchestratorComponentId"": ""the-amazing-race"", ""orchestratorWorkflowId"": ""zach_johnson"", ""workflowType"": ""cast-member-query""}}",2026-10-01,2026-10-01T08:00:00Z
workflow:the-amazing-race/nate_johnson,workflow,nate_johnson,https://backstage.example.com/workflows/nate_johnson/instances,"[""group:default/paramount-plus-infra""]",[],true,"{""workflow"": {""bqDestinationTableProjects"": [""paramount-plus""], ""bqJobProjects"": [""paramount-plus""], ""enabled"": true, ""offset"": ""PT1H"", ""orchestrationType"": ""orchestrator"", ""parentComponentId"": ""component:default/the-amazing-race"", ""schedule"": ""days"", ""serviceAccount"": ""the-amazing-race@paramount-plus.iam.gserviceaccount.com"", ""orchestratorComponentId"": ""the-amazing-race"", ""orchestratorWorkflowId"": ""nate_johnson"", ""workflowType"": ""cast-member-query""}}",2026-10-01,2026-10-01T08:00:00Z
component:default/tuner,component,tuner,https://backstage.example.com/catalog/default/Component/tuner,"[""group:default/paramount-plus-infra""]",[],true,"{""component"": {""componentType"": ""service"", ""lifecycle"": ""production""}}",2026-10-01,2026-10-01T08:00:00Z
repository:github.com/streaming-infra/Tuner,repository,Tuner,https://github.com/streaming-infra/Tuner,[],[],true,"{""repository"": {""archived"": false, ""createdAt"": ""2024-01-15T10:00:00.000Z"", ""defaultBranchLastCommit"": {""sha"": ""abc123def456"", ""url"": ""https://github.com/streaming-infra/Tuner/commit/abc123def456""}, ""description"": ""Repository for Tuner"", ""fullName"": ""streaming-infra/Tuner"", ""host"": ""github.com"", ""organization"": ""streaming-infra"", ""pushedAt"": ""2026-09-28T12:00:00.000Z"", ""repositoryName"": ""Tuner""}}",2026-10-01,2026-10-01T08:00:00Z
workflow:tuner/leo_woodall,workflow,leo_woodall,https://backstage.example.com/workflows/leo_woodall/instances,"[""group:default/paramount-plus-infra""]",[],true,"{""workflow"": {""bqDestinationTableProjects"": [""paramount-plus""], ""bqJobProjects"": [""paramount-plus""], ""enabled"": true, ""offset"": ""PT1H"", ""orchestrationType"": ""orchestrator"", ""parentComponentId"": ""component:default/tuner"", ""schedule"": ""days"", ""serviceAccount"": ""tuner@paramount-plus.iam.gserviceaccount.com"", ""orchestratorComponentId"": ""tuner"", ""orchestratorWorkflowId"": ""leo_woodall"", ""workflowType"": ""cast-member-query""}}",2026-10-01,2026-10-01T08:00:00Z
workflow:tuner/dustin_hoffman,workflow,dustin_hoffman,https://backstage.example.com/workflows/dustin_hoffman/instances,"[""group:default/paramount-plus-infra""]",[],true,"{""workflow"": {""bqDestinationTableProjects"": [""paramount-plus""], ""bqJobProjects"": [""paramount-plus""], ""enabled"": true, ""offset"": ""P1D"", ""orchestrationType"": ""orchestrator"", ""parentComponentId"": ""component:default/tuner"", ""schedule"": ""weeks"", ""serviceAccount"": ""tuner@paramount-plus.iam.gserviceaccount.com"", ""orchestratorComponentId"": ""tuner"", ""orchestratorWorkflowId"": ""dustin_hoffman"", ""workflowType"": ""cast-member-query""}}",2026-10-01,2026-10-01T08:00:00Z
workflow:tuner/havana_rose_liu,workflow,havana_rose_liu,https://backstage.example.com/workflows/havana_rose_liu/instances,"[""group:default/paramount-plus-infra""]",[],true,"{""workflow"": {""bqDestinationTableProjects"": [""paramount-plus""], ""bqJobProjects"": [""paramount-plus""], ""enabled"": true, ""offset"": ""P1D"", ""orchestrationType"": ""orchestrator"", ""parentComponentId"": ""component:default/tuner"", ""schedule"": ""weeks"", ""serviceAccount"": ""tuner@paramount-plus.iam.gserviceaccount.com"", ""orchestratorComponentId"": ""tuner"", ""orchestratorWorkflowId"": ""havana_rose_liu"", ""workflowType"": ""cast-member-query""}}",2026-10-01,2026-10-01T08:00:00Z
component:default/shutter-island,component,shutter-island,https://backstage.example.com/catalog/default/Component/shutter-island,"[""group:default/paramount-plus-infra""]",[],true,"{""component"": {""componentType"": ""service"", ""lifecycle"": ""production""}}",2026-10-01,2026-10-01T08:00:00Z
repository:github.com/streaming-infra/ShutterIsland,repository,ShutterIsland,https://github.com/streaming-infra/ShutterIsland,[],[],true,"{""repository"": {""archived"": false, ""createdAt"": ""2024-01-15T10:00:00.000Z"", ""defaultBranchLastCommit"": {""sha"": ""abc123def456"", ""url"": ""https://github.com/streaming-infra/ShutterIsland/commit/abc123def456""}, ""description"": ""Repository for ShutterIsland"", ""fullName"": ""streaming-infra/ShutterIsland"", ""host"": ""github.com"", ""organization"": ""streaming-infra"", ""pushedAt"": ""2026-09-28T12:00:00.000Z"", ""repositoryName"": ""ShutterIsland""}}",2026-10-01,2026-10-01T08:00:00Z
workflow:shutter-island/leonardo_dicaprio,workflow,leonardo_dicaprio,https://backstage.example.com/workflows/leonardo_dicaprio/instances,"[""group:default/paramount-plus-infra""]",[],true,"{""workflow"": {""bqDestinationTableProjects"": [""paramount-plus""], ""bqJobProjects"": [""paramount-plus""], ""enabled"": true, ""offset"": ""PT15M"", ""orchestrationType"": ""orchestrator"", ""parentComponentId"": ""component:default/shutter-island"", ""schedule"": ""hours"", ""serviceAccount"": ""shutter-island@paramount-plus.iam.gserviceaccount.com"", ""orchestratorComponentId"": ""shutter-island"", ""orchestratorWorkflowId"": ""leonardo_dicaprio"", ""workflowType"": ""cast-member-query""}}",2026-10-01,2026-10-01T08:00:00Z
workflow:shutter-island/mark_ruffalo,workflow,mark_ruffalo,https://backstage.example.com/workflows/mark_ruffalo/instances,"[""group:default/paramount-plus-infra""]",[],true,"{""workflow"": {""bqDestinationTableProjects"": [""paramount-plus""], ""bqJobProjects"": [""paramount-plus""], ""enabled"": true, ""offset"": ""PT15M"", ""orchestrationType"": ""orchestrator"", ""parentComponentId"": ""component:default/shutter-island"", ""schedule"": ""hours"", ""serviceAccount"": ""shutter-island@paramount-plus.iam.gserviceaccount.com"", ""orchestratorComponentId"": ""shutter-island"", ""orchestratorWorkflowId"": ""mark_ruffalo"", ""workflowType"": ""cast-member-query""}}",2026-10-01,2026-10-01T08:00:00Z
workflow:shutter-island/ben_kingsley,workflow,ben_kingsley,https://backstage.example.com/workflows/ben_kingsley/instances,"[""group:default/paramount-plus-infra""]",[],true,"{""workflow"": {""bqDestinationTableProjects"": [""paramount-plus""], ""bqJobProjects"": [""paramount-plus""], ""enabled"": true, ""offset"": ""PT1H"", ""orchestrationType"": ""orchestrator"", ""parentComponentId"": ""component:default/shutter-island"", ""schedule"": ""days"", ""serviceAccount"": ""shutter-island@paramount-plus.iam.gserviceaccount.com"", ""orchestratorComponentId"": ""shutter-island"", ""orchestratorWorkflowId"": ""ben_kingsley"", ""workflowType"": ""cast-member-query""}}",2026-10-01,2026-10-01T08:00:00Z
workflow:shutter-island/max_von_sydow,workflow,max_von_sydow,https://backstage.example.com/workflows/max_von_sydow/instances,"[""group:default/paramount-plus-infra""]",[],true,"{""workflow"": {""bqDestinationTableProjects"": [""paramount-plus""], ""bqJobProjects"": [""paramount-plus""], ""enabled"": true, ""offset"": ""PT15M"", ""orchestrationType"": ""orchestrator"", ""parentComponentId"": ""component:default/shutter-island"", ""schedule"": ""hours"", ""serviceAccount"": ""shutter-island@paramount-plus.iam.gserviceaccount.com"", ""orchestratorComponentId"": ""shutter-island"", ""orchestratorWorkflowId"": ""max_von_sydow"", ""workflowType"": ""cast-member-query""}}",2026-10-01,2026-10-01T08:00:00Z
workflow:shutter-island/michelle_williams,workflow,michelle_williams,https://backstage.example.com/workflows/michelle_williams/instances,"[""group:default/paramount-plus-infra""]",[],true,"{""workflow"": {""bqDestinationTableProjects"": [""paramount-plus""], ""bqJobProjects"": [""paramount-plus""], ""enabled"": true, ""offset"": ""PT1H"", ""orchestrationType"": ""orchestrator"", ""parentComponentId"": ""component:default/shutter-island"", ""schedule"": ""days"", ""serviceAccount"": ""shutter-island@paramount-plus.iam.gserviceaccount.com"", ""orchestratorComponentId"": ""shutter-island"", ""orchestratorWorkflowId"": ""michelle_williams"", ""workflowType"": ""cast-member-query""}}",2026-10-01,2026-10-01T08:00:00Z
component:default/interstellar,component,interstellar,https://backstage.example.com/catalog/default/Component/interstellar,"[""group:default/paramount-plus-infra""]",[],true,"{""component"": {""componentType"": ""service"", ""lifecycle"": ""production""}}",2026-10-01,2026-10-01T08:00:00Z
repository:github.com/streaming-infra/Interstellar,repository,Interstellar,https://github.com/streaming-infra/Interstellar,[],[],true,"{""repository"": {""archived"": false, ""createdAt"": ""2024-01-15T10:00:00.000Z"", ""defaultBranchLastCommit"": {""sha"": ""abc123def456"", ""url"": ""https://github.com/streaming-infra/Interstellar/commit/abc123def456""}, ""description"": ""Repository for Interstellar"", ""fullName"": ""streaming-infra/Interstellar"", ""host"": ""github.com"", ""organization"": ""streaming-infra"", ""pushedAt"": ""2026-09-28T12:00:00.000Z"", ""repositoryName"": ""Interstellar""}}",2026-10-01,2026-10-01T08:00:00Z
workflow:interstellar/lynda_obst,workflow,lynda_obst,https://backstage.example.com/workflows/lynda_obst/instances,"[""group:default/paramount-plus-infra""]",[],true,"{""workflow"": {""bqDestinationTableProjects"": [""paramount-plus""], ""bqJobProjects"": [""paramount-plus""], ""enabled"": false, ""offset"": ""P1D"", ""orchestrationType"": ""orchestrator"", ""parentComponentId"": ""component:default/interstellar"", ""schedule"": ""weeks"", ""serviceAccount"": ""interstellar@paramount-plus.iam.gserviceaccount.com"", ""orchestratorComponentId"": ""interstellar"", ""orchestratorWorkflowId"": ""lynda_obst"", ""workflowType"": ""crew-member-query""}}",2026-10-01,2026-10-01T08:00:00Z
workflow:interstellar/christopher_nolan,workflow,christopher_nolan,https://backstage.example.com/workflows/christopher_nolan/instances,"[""group:default/paramount-plus-infra""]",[],true,"{""workflow"": {""bqDestinationTableProjects"": [""paramount-plus""], ""bqJobProjects"": [""paramount-plus""], ""enabled"": true, ""offset"": ""PT1H"", ""orchestrationType"": ""orchestrator"", ""parentComponentId"": ""component:default/interstellar"", ""schedule"": ""days"", ""serviceAccount"": ""interstellar@paramount-plus.iam.gserviceaccount.com"", ""orchestratorComponentId"": ""interstellar"", ""orchestratorWorkflowId"": ""christopher_nolan"", ""workflowType"": ""crew-member-query""}}",2026-10-01,2026-10-01T08:00:00Z
workflow:interstellar/hoyte_van_hoytema,workflow,hoyte_van_hoytema,https://backstage.example.com/workflows/hoyte_van_hoytema/instances,"[""group:default/paramount-plus-infra""]",[],true,"{""workflow"": {""bqDestinationTableProjects"": [""paramount-plus""], ""bqJobProjects"": [""paramount-plus""], ""enabled"": true, ""offset"": ""PT1H"", ""orchestrationType"": ""orchestrator"", ""parentComponentId"": ""component:default/interstellar"", ""schedule"": ""days"", ""serviceAccount"": ""interstellar@paramount-plus.iam.gserviceaccount.com"", ""orchestratorComponentId"": ""interstellar"", ""orchestratorWorkflowId"": ""hoyte_van_hoytema"", ""workflowType"": ""crew-member-query""}}",2026-10-01,2026-10-01T08:00:00Z
workflow:interstellar/hans_zimmer,workflow,hans_zimmer,https://backstage.example.com/workflows/hans_zimmer/instances,"[""group:default/paramount-plus-infra""]",[],true,"{""workflow"": {""bqDestinationTableProjects"": [""paramount-plus""], ""bqJobProjects"": [""paramount-plus""], ""enabled"": true, ""offset"": ""PT15M"", ""orchestrationType"": ""orchestrator"", ""parentComponentId"": ""component:default/interstellar"", ""schedule"": ""hours"", ""serviceAccount"": ""interstellar@paramount-plus.iam.gserviceaccount.com"", ""orchestratorComponentId"": ""interstellar"", ""orchestratorWorkflowId"": ""hans_zimmer"", ""workflowType"": ""crew-member-query""}}",2026-10-01,2026-10-01T08:00:00Z
workflow:interstellar/lee_smith,workflow,lee_smith,https://backstage.example.com/workflows/lee_smith/instances,"[""group:default/paramount-plus-infra""]",[],true,"{""workflow"": {""bqDestinationTableProjects"": [""paramount-plus""], ""bqJobProjects"": [""paramount-plus""], ""enabled"": true, ""offset"": ""PT1H"", ""orchestrationType"": ""orchestrator"", ""parentComponentId"": ""component:default/interstellar"", ""schedule"": ""days"", ""serviceAccount"": ""interstellar@paramount-plus.iam.gserviceaccount.com"", ""orchestratorComponentId"": ""interstellar"", ""orchestratorWorkflowId"": ""lee_smith"", ""workflowType"": ""crew-member-query""}}",2026-10-01,2026-10-01T08:00:00Z
component:default/yellowjackets,component,yellowjackets,https://backstage.example.com/catalog/default/Component/yellowjackets,"[""group:default/paramount-plus-infra""]",[],true,"{""component"": {""componentType"": ""service"", ""lifecycle"": ""production""}}",2026-10-01,2026-10-01T08:00:00Z
repository:github.com/streaming-infra/Yellowjackets,repository,Yellowjackets,https://github.com/streaming-infra/Yellowjackets,[],[],true,"{""repository"": {""archived"": false, ""createdAt"": ""2024-01-15T10:00:00.000Z"", ""defaultBranchLastCommit"": {""sha"": ""abc123def456"", ""url"": ""https://github.com/streaming-infra/Yellowjackets/commit/abc123def456""}, ""description"": ""Repository for Yellowjackets"", ""fullName"": ""streaming-infra/Yellowjackets"", ""host"": ""github.com"", ""organization"": ""streaming-infra"", ""pushedAt"": ""2026-09-28T12:00:00.000Z"", ""repositoryName"": ""Yellowjackets""}}",2026-10-01,2026-10-01T08:00:00Z
workflow:yellowjackets/shauna_sadecki,workflow,shauna_sadecki,https://backstage.example.com/workflows/shauna_sadecki/instances,"[""group:default/paramount-plus-infra""]",[],true,"{""workflow"": {""bqDestinationTableProjects"": [""paramount-plus""], ""bqJobProjects"": [""paramount-plus""], ""enabled"": true, ""offset"": ""PT15M"", ""orchestrationType"": ""orchestrator"", ""parentComponentId"": ""component:default/yellowjackets"", ""schedule"": ""hours"", ""serviceAccount"": ""yellowjackets@paramount-plus.iam.gserviceaccount.com"", ""orchestratorComponentId"": ""yellowjackets"", ""orchestratorWorkflowId"": ""shauna_sadecki"", ""workflowType"": ""character-query""}}",2026-10-01,2026-10-01T08:00:00Z
workflow:yellowjackets/taissa_turner,workflow,taissa_turner,https://backstage.example.com/workflows/taissa_turner/instances,"[""group:default/paramount-plus-infra""]",[],true,"{""workflow"": {""bqDestinationTableProjects"": [""paramount-plus""], ""bqJobProjects"": [""paramount-plus""], ""enabled"": true, ""offset"": ""P1D"", ""orchestrationType"": ""orchestrator"", ""parentComponentId"": ""component:default/yellowjackets"", ""schedule"": ""weeks"", ""serviceAccount"": ""yellowjackets@paramount-plus.iam.gserviceaccount.com"", ""orchestratorComponentId"": ""yellowjackets"", ""orchestratorWorkflowId"": ""taissa_turner"", ""workflowType"": ""character-query""}}",2026-10-01,2026-10-01T08:00:00Z
workflow:yellowjackets/teen_shauna_shipman,workflow,teen_shauna_shipman,https://backstage.example.com/workflows/teen_shauna_shipman/instances,"[""group:default/paramount-plus-infra""]",[],true,"{""workflow"": {""bqDestinationTableProjects"": [""paramount-plus""], ""bqJobProjects"": [""paramount-plus""], ""enabled"": true, ""offset"": ""PT1H"", ""orchestrationType"": ""orchestrator"", ""parentComponentId"": ""component:default/yellowjackets"", ""schedule"": ""days"", ""serviceAccount"": ""yellowjackets@paramount-plus.iam.gserviceaccount.com"", ""orchestratorComponentId"": ""yellowjackets"", ""orchestratorWorkflowId"": ""teen_shauna_shipman"", ""workflowType"": ""character-query""}}",2026-10-01,2026-10-01T08:00:00Z
workflow:yellowjackets/teen_taissa_turner,workflow,teen_taissa_turner,https://backstage.example.com/workflows/teen_taissa_turner/instances,"[""group:default/paramount-plus-infra""]",[],true,"{""workflow"": {""bqDestinationTableProjects"": [""paramount-plus""], ""bqJobProjects"": [""paramount-plus""], ""enabled"": true, ""offset"": ""PT1H"", ""orchestrationType"": ""orchestrator"", ""parentComponentId"": ""component:default/yellowjackets"", ""schedule"": ""days"", ""serviceAccount"": ""yellowjackets@paramount-plus.iam.gserviceaccount.com"", ""orchestratorComponentId"": ""yellowjackets"", ""orchestratorWorkflowId"": ""teen_taissa_turner"", ""workflowType"": ""character-query""}}",2026-10-01,2026-10-01T08:00:00Z
workflow:yellowjackets/teen_natalie_scatorccio,workflow,teen_natalie_scatorccio,https://backstage.example.com/workflows/teen_natalie_scatorccio/instances,"[""group:default/paramount-plus-infra""]",[],true,"{""workflow"": {""bqDestinationTableProjects"": [""paramount-plus""], ""bqJobProjects"": [""paramount-plus""], ""enabled"": true, ""offset"": ""PT1H"", ""orchestrationType"": ""orchestrator"", ""parentComponentId"": ""component:default/yellowjackets"", ""schedule"": ""days"", ""serviceAccount"": ""yellowjackets@paramount-plus.iam.gserviceaccount.com"", ""orchestratorComponentId"": ""yellowjackets"", ""orchestratorWorkflowId"": ""teen_natalie_scatorccio"", ""workflowType"": ""character-query""}}",2026-10-01,2026-10-01T08:00:00Z
gcp-project:netflix,gcp_project,netflix,https://console.cloud.google.com/home/dashboard?project=netflix,"[""group:default/netflix-infra""]",[],true,"{""gcp-project"": {""project_id"": ""netflix""}}",2026-10-01,2026-10-01T08:00:00Z
component:default/the-great-british-baking-show,component,the-great-british-baking-show,https://backstage.example.com/catalog/default/Component/the-great-british-baking-show,"[""group:default/netflix-infra""]",[],true,"{""component"": {""componentType"": ""service"", ""lifecycle"": ""production""}}",2026-10-01,2026-10-01T08:00:00Z
repository:github.com/streaming-infra/GreatBritishBakingShow,repository,GreatBritishBakingShow,https://github.com/streaming-infra/GreatBritishBakingShow,[],[],true,"{""repository"": {""archived"": false, ""createdAt"": ""2024-01-15T10:00:00.000Z"", ""defaultBranchLastCommit"": {""sha"": ""abc123def456"", ""url"": ""https://github.com/streaming-infra/GreatBritishBakingShow/commit/abc123def456""}, ""description"": ""Repository for GreatBritishBakingShow"", ""fullName"": ""streaming-infra/GreatBritishBakingShow"", ""host"": ""github.com"", ""organization"": ""streaming-infra"", ""pushedAt"": ""2026-09-28T12:00:00.000Z"", ""repositoryName"": ""GreatBritishBakingShow""}}",2026-10-01,2026-10-01T08:00:00Z
workflow:the-great-british-baking-show/paul_hollywood,workflow,paul_hollywood,https://backstage.example.com/workflows/paul_hollywood/instances,"[""group:default/netflix-infra""]",[],true,"{""workflow"": {""bqDestinationTableProjects"": [""netflix""], ""bqJobProjects"": [""netflix""], ""enabled"": true, ""offset"": ""PT1H"", ""orchestrationType"": ""orchestrator"", ""parentComponentId"": ""component:default/the-great-british-baking-show"", ""schedule"": ""days"", ""serviceAccount"": ""the-great-british-baking-show@netflix.iam.gserviceaccount.com"", ""orchestratorComponentId"": ""the-great-british-baking-show"", ""orchestratorWorkflowId"": ""paul_hollywood"", ""workflowType"": ""cast-member-query""}}",2026-10-01,2026-10-01T08:00:00Z
workflow:the-great-british-baking-show/noel_fielding,workflow,noel_fielding,https://backstage.example.com/workflows/noel_fielding/instances,"[""group:default/netflix-infra""]",[],true,"{""workflow"": {""bqDestinationTableProjects"": [""netflix""], ""bqJobProjects"": [""netflix""], ""enabled"": true, ""offset"": ""PT15M"", ""orchestrationType"": ""orchestrator"", ""parentComponentId"": ""component:default/the-great-british-baking-show"", ""schedule"": ""hours"", ""serviceAccount"": ""the-great-british-baking-show@netflix.iam.gserviceaccount.com"", ""orchestratorComponentId"": ""the-great-british-baking-show"", ""orchestratorWorkflowId"": ""noel_fielding"", ""workflowType"": ""cast-member-query""}}",2026-10-01,2026-10-01T08:00:00Z
workflow:the-great-british-baking-show/prue_leith,workflow,prue_leith,https://backstage.example.com/workflows/prue_leith/instances,"[""group:default/netflix-infra""]",[],true,"{""workflow"": {""bqDestinationTableProjects"": [""netflix""], ""bqJobProjects"": [""netflix""], ""enabled"": true, ""offset"": ""PT1H"", ""orchestrationType"": ""orchestrator"", ""parentComponentId"": ""component:default/the-great-british-baking-show"", ""schedule"": ""days"", ""serviceAccount"": ""the-great-british-baking-show@netflix.iam.gserviceaccount.com"", ""orchestratorComponentId"": ""the-great-british-baking-show"", ""orchestratorWorkflowId"": ""prue_leith"", ""workflowType"": ""cast-member-query""}}",2026-10-01,2026-10-01T08:00:00Z
workflow:the-great-british-baking-show/alison_hammond,workflow,alison_hammond,https://backstage.example.com/workflows/alison_hammond/instances,"[""group:default/netflix-infra""]",[],true,"{""workflow"": {""bqDestinationTableProjects"": [""netflix""], ""bqJobProjects"": [""netflix""], ""enabled"": true, ""offset"": ""P1D"", ""orchestrationType"": ""orchestrator"", ""parentComponentId"": ""component:default/the-great-british-baking-show"", ""schedule"": ""weeks"", ""serviceAccount"": ""the-great-british-baking-show@netflix.iam.gserviceaccount.com"", ""orchestratorComponentId"": ""the-great-british-baking-show"", ""orchestratorWorkflowId"": ""alison_hammond"", ""workflowType"": ""cast-member-query""}}",2026-10-01,2026-10-01T08:00:00Z
workflow:the-great-british-baking-show/matt_lucas,workflow,matt_lucas,https://backstage.example.com/workflows/matt_lucas/instances,"[""group:default/netflix-infra""]",[],true,"{""workflow"": {""bqDestinationTableProjects"": [""netflix""], ""bqJobProjects"": [""netflix""], ""enabled"": true, ""offset"": ""PT1H"", ""orchestrationType"": ""orchestrator"", ""parentComponentId"": ""component:default/the-great-british-baking-show"", ""schedule"": ""days"", ""serviceAccount"": ""the-great-british-baking-show@netflix.iam.gserviceaccount.com"", ""orchestratorComponentId"": ""the-great-british-baking-show"", ""orchestratorWorkflowId"": ""matt_lucas"", ""workflowType"": ""cast-member-query""}}",2026-10-01,2026-10-01T08:00:00Z
component:default/the-great-british-baking-show-juniors,component,the-great-british-baking-show-juniors,https://backstage.example.com/catalog/default/Component/the-great-british-baking-show-juniors,"[""group:default/netflix-infra""]",[],true,"{""component"": {""componentType"": ""service"", ""lifecycle"": ""production""}}",2026-10-01,2026-10-01T08:00:00Z
workflow:the-great-british-baking-show-juniors/harry_hill,workflow,harry_hill,https://backstage.example.com/workflows/harry_hill/instances,"[""group:default/netflix-infra""]",[],true,"{""workflow"": {""bqDestinationTableProjects"": [""netflix""], ""bqJobProjects"": [""netflix""], ""enabled"": true, ""offset"": ""PT1H"", ""orchestrationType"": ""orchestrator"", ""parentComponentId"": ""component:default/the-great-british-baking-show-juniors"", ""schedule"": ""days"", ""serviceAccount"": ""the-great-british-baking-show-juniors@netflix.iam.gserviceaccount.com"", ""orchestratorComponentId"": ""the-great-british-baking-show-juniors"", ""orchestratorWorkflowId"": ""harry_hill"", ""workflowType"": ""cast-member-query""}}",2026-10-01,2026-10-01T08:00:00Z
workflow:the-great-british-baking-show-juniors/liam_charles,workflow,liam_charles,https://backstage.example.com/workflows/liam_charles/instances,"[""group:default/netflix-infra""]",[],true,"{""workflow"": {""bqDestinationTableProjects"": [""netflix""], ""bqJobProjects"": [""netflix""], ""enabled"": true, ""offset"": ""P1D"", ""orchestrationType"": ""orchestrator"", ""parentComponentId"": ""component:default/the-great-british-baking-show-juniors"", ""schedule"": ""weeks"", ""serviceAccount"": ""the-great-british-baking-show-juniors@netflix.iam.gserviceaccount.com"", ""orchestratorComponentId"": ""the-great-british-baking-show-juniors"", ""orchestratorWorkflowId"": ""liam_charles"", ""workflowType"": ""cast-member-query""}}",2026-10-01,2026-10-01T08:00:00Z
workflow:the-great-british-baking-show-juniors/ravneet_gill,workflow,ravneet_gill,https://backstage.example.com/workflows/ravneet_gill/instances,"[""group:default/netflix-infra""]",[],true,"{""workflow"": {""bqDestinationTableProjects"": [""netflix""], ""bqJobProjects"": [""netflix""], ""enabled"": true, ""offset"": ""PT15M"", ""orchestrationType"": ""orchestrator"", ""parentComponentId"": ""component:default/the-great-british-baking-show-juniors"", ""schedule"": ""hours"", ""serviceAccount"": ""the-great-british-baking-show-juniors@netflix.iam.gserviceaccount.com"", ""orchestratorComponentId"": ""the-great-british-baking-show-juniors"", ""orchestratorWorkflowId"": ""ravneet_gill"", ""workflowType"": ""cast-member-query""}}",2026-10-01,2026-10-01T08:00:00Z
component:default/breaking-bad,component,breaking-bad,https://backstage.example.com/catalog/default/Component/breaking-bad,"[""group:default/netflix-infra""]",[],true,"{""component"": {""componentType"": ""service"", ""lifecycle"": ""production""}}",2026-10-01,2026-10-01T08:00:00Z
repository:github.com/streaming-infra/BreakingBadUniverse,repository,BreakingBadUniverse,https://github.com/streaming-infra/BreakingBadUniverse,[],[],true,"{""repository"": {""archived"": false, ""createdAt"": ""2024-01-15T10:00:00.000Z"", ""defaultBranchLastCommit"": {""sha"": ""abc123def456"", ""url"": ""https://github.com/streaming-infra/BreakingBadUniverse/commit/abc123def456""}, ""description"": ""Repository for BreakingBadUniverse"", ""fullName"": ""streaming-infra/BreakingBadUniverse"", ""host"": ""github.com"", ""organization"": ""streaming-infra"", ""pushedAt"": ""2026-09-28T12:00:00.000Z"", ""repositoryName"": ""BreakingBadUniverse""}}",2026-10-01,2026-10-01T08:00:00Z
workflow:breaking-bad/bryan_cranston,workflow,bryan_cranston,https://backstage.example.com/workflows/bryan_cranston/instances,"[""group:default/netflix-infra""]",[],true,"{""workflow"": {""bqDestinationTableProjects"": [""netflix""], ""bqJobProjects"": [""netflix""], ""enabled"": true, ""offset"": ""PT1H"", ""orchestrationType"": ""orchestrator"", ""parentComponentId"": ""component:default/breaking-bad"", ""schedule"": ""days"", ""serviceAccount"": ""breaking-bad@netflix.iam.gserviceaccount.com"", ""orchestratorComponentId"": ""breaking-bad"", ""orchestratorWorkflowId"": ""bryan_cranston"", ""workflowType"": ""cast-member-query""}}",2026-10-01,2026-10-01T08:00:00Z
workflow:breaking-bad/aaron_paul,workflow,aaron_paul,https://backstage.example.com/workflows/aaron_paul/instances,"[""group:default/netflix-infra""]",[],true,"{""workflow"": {""bqDestinationTableProjects"": [""netflix""], ""bqJobProjects"": [""netflix""], ""enabled"": true, ""offset"": ""PT1H"", ""orchestrationType"": ""orchestrator"", ""parentComponentId"": ""component:default/breaking-bad"", ""schedule"": ""days"", ""serviceAccount"": ""breaking-bad@netflix.iam.gserviceaccount.com"", ""orchestratorComponentId"": ""breaking-bad"", ""orchestratorWorkflowId"": ""aaron_paul"", ""workflowType"": ""cast-member-query""}}",2026-10-01,2026-10-01T08:00:00Z
workflow:breaking-bad/anna_gunn,workflow,anna_gunn,https://backstage.example.com/workflows/anna_gunn/instances,"[""group:default/netflix-infra""]",[],true,"{""workflow"": {""bqDestinationTableProjects"": [""netflix""], ""bqJobProjects"": [""netflix""], ""enabled"": true, ""offset"": ""PT15M"", ""orchestrationType"": ""orchestrator"", ""parentComponentId"": ""component:default/breaking-bad"", ""schedule"": ""hours"", ""serviceAccount"": ""breaking-bad@netflix.iam.gserviceaccount.com"", ""orchestratorComponentId"": ""breaking-bad"", ""orchestratorWorkflowId"": ""anna_gunn"", ""workflowType"": ""cast-member-query""}}",2026-10-01,2026-10-01T08:00:00Z
workflow:breaking-bad/rj_mitte,workflow,rj_mitte,https://backstage.example.com/workflows/rj_mitte/instances,"[""group:default/netflix-infra""]",[],true,"{""workflow"": {""bqDestinationTableProjects"": [""netflix""], ""bqJobProjects"": [""netflix""], ""enabled"": true, ""offset"": ""P1D"", ""orchestrationType"": ""orchestrator"", ""parentComponentId"": ""component:default/breaking-bad"", ""schedule"": ""weeks"", ""serviceAccount"": ""breaking-bad@netflix.iam.gserviceaccount.com"", ""orchestratorComponentId"": ""breaking-bad"", ""orchestratorWorkflowId"": ""rj_mitte"", ""workflowType"": ""cast-member-query""}}",2026-10-01,2026-10-01T08:00:00Z
workflow:breaking-bad/dean_norris,workflow,dean_norris,https://backstage.example.com/workflows/dean_norris/instances,"[""group:default/netflix-infra""]",[],true,"{""workflow"": {""bqDestinationTableProjects"": [""netflix""], ""bqJobProjects"": [""netflix""], ""enabled"": true, ""offset"": ""PT1H"", ""orchestrationType"": ""orchestrator"", ""parentComponentId"": ""component:default/breaking-bad"", ""schedule"": ""days"", ""serviceAccount"": ""breaking-bad@netflix.iam.gserviceaccount.com"", ""orchestratorComponentId"": ""breaking-bad"", ""orchestratorWorkflowId"": ""dean_norris"", ""workflowType"": ""cast-member-query""}}",2026-10-01,2026-10-01T08:00:00Z
component:default/better-call-saul,component,better-call-saul,https://backstage.example.com/catalog/default/Component/better-call-saul,"[""group:default/netflix-infra""]",[],true,"{""component"": {""componentType"": ""service"", ""lifecycle"": ""production""}}",2026-10-01,2026-10-01T08:00:00Z
workflow:better-call-saul/jimmy_mcgill,workflow,jimmy_mcgill,https://backstage.example.com/workflows/jimmy_mcgill/instances,"[""group:default/netflix-infra""]",[],true,"{""workflow"": {""bqDestinationTableProjects"": [""netflix""], ""bqJobProjects"": [""netflix""], ""enabled"": false, ""offset"": ""PT1H"", ""orchestrationType"": ""orchestrator"", ""parentComponentId"": ""component:default/better-call-saul"", ""schedule"": ""days"", ""serviceAccount"": ""better-call-saul@netflix.iam.gserviceaccount.com"", ""orchestratorComponentId"": ""better-call-saul"", ""orchestratorWorkflowId"": ""jimmy_mcgill"", ""workflowType"": ""character-query""}}",2026-10-01,2026-10-01T08:00:00Z
workflow:better-call-saul/mike_ehrmantraut,workflow,mike_ehrmantraut,https://backstage.example.com/workflows/mike_ehrmantraut/instances,"[""group:default/netflix-infra""]",[],true,"{""workflow"": {""bqDestinationTableProjects"": [""netflix""], ""bqJobProjects"": [""netflix""], ""enabled"": true, ""offset"": ""PT15M"", ""orchestrationType"": ""orchestrator"", ""parentComponentId"": ""component:default/better-call-saul"", ""schedule"": ""hours"", ""serviceAccount"": ""better-call-saul@netflix.iam.gserviceaccount.com"", ""orchestratorComponentId"": ""better-call-saul"", ""orchestratorWorkflowId"": ""mike_ehrmantraut"", ""workflowType"": ""character-query""}}",2026-10-01,2026-10-01T08:00:00Z
workflow:better-call-saul/kim_wexler,workflow,kim_wexler,https://backstage.example.com/workflows/kim_wexler/instances,"[""group:default/netflix-infra""]",[],true,"{""workflow"": {""bqDestinationTableProjects"": [""netflix""], ""bqJobProjects"": [""netflix""], ""enabled"": true, ""offset"": ""P1D"", ""orchestrationType"": ""orchestrator"", ""parentComponentId"": ""component:default/better-call-saul"", ""schedule"": ""weeks"", ""serviceAccount"": ""better-call-saul@netflix.iam.gserviceaccount.com"", ""orchestratorComponentId"": ""better-call-saul"", ""orchestratorWorkflowId"": ""kim_wexler"", ""workflowType"": ""character-query""}}",2026-10-01,2026-10-01T08:00:00Z
workflow:better-call-saul/howard_hamlin,workflow,howard_hamlin,https://backstage.example.com/workflows/howard_hamlin/instances,"[""group:default/netflix-infra""]",[],true,"{""workflow"": {""bqDestinationTableProjects"": [""netflix""], ""bqJobProjects"": [""netflix""], ""enabled"": true, ""offset"": ""PT1H"", ""orchestrationType"": ""orchestrator"", ""parentComponentId"": ""component:default/better-call-saul"", ""schedule"": ""days"", ""serviceAccount"": ""better-call-saul@netflix.iam.gserviceaccount.com"", ""orchestratorComponentId"": ""better-call-saul"", ""orchestratorWorkflowId"": ""howard_hamlin"", ""workflowType"": ""character-query""}}",2026-10-01,2026-10-01T08:00:00Z
workflow:better-call-saul/nacho_varga,workflow,nacho_varga,https://backstage.example.com/workflows/nacho_varga/instances,"[""group:default/netflix-infra""]",[],true,"{""workflow"": {""bqDestinationTableProjects"": [""netflix""], ""bqJobProjects"": [""netflix""], ""enabled"": true, ""offset"": ""PT1H"", ""orchestrationType"": ""orchestrator"", ""parentComponentId"": ""component:default/better-call-saul"", ""schedule"": ""days"", ""serviceAccount"": ""better-call-saul@netflix.iam.gserviceaccount.com"", ""orchestratorComponentId"": ""better-call-saul"", ""orchestratorWorkflowId"": ""nacho_varga"", ""workflowType"": ""character-query""}}",2026-10-01,2026-10-01T08:00:00Z
component:default/el-camino,component,el-camino,https://backstage.example.com/catalog/default/Component/el-camino,"[""group:default/netflix-infra""]",[],true,"{""component"": {""componentType"": ""service"", ""lifecycle"": ""production""}}",2026-10-01,2026-10-01T08:00:00Z
workflow:el-camino/vince_gilligan,workflow,vince_gilligan,https://backstage.example.com/workflows/vince_gilligan/instances,"[""group:default/netflix-infra""]",[],true,"{""workflow"": {""bqDestinationTableProjects"": [""netflix""], ""bqJobProjects"": [""netflix""], ""enabled"": true, ""offset"": ""PT15M"", ""orchestrationType"": ""orchestrator"", ""parentComponentId"": ""component:default/el-camino"", ""schedule"": ""hours"", ""serviceAccount"": ""el-camino@netflix.iam.gserviceaccount.com"", ""orchestratorComponentId"": ""el-camino"", ""orchestratorWorkflowId"": ""vince_gilligan"", ""workflowType"": ""crew-member-query""}}",2026-10-01,2026-10-01T08:00:00Z
workflow:el-camino/dave_porter,workflow,dave_porter,https://backstage.example.com/workflows/dave_porter/instances,"[""group:default/netflix-infra""]",[],true,"{""workflow"": {""bqDestinationTableProjects"": [""netflix""], ""bqJobProjects"": [""netflix""], ""enabled"": true, ""offset"": ""P1D"", ""orchestrationType"": ""orchestrator"", ""parentComponentId"": ""component:default/el-camino"", ""schedule"": ""weeks"", ""serviceAccount"": ""el-camino@netflix.iam.gserviceaccount.com"", ""orchestratorComponentId"": ""el-camino"", ""orchestratorWorkflowId"": ""dave_porter"", ""workflowType"": ""crew-member-query""}}",2026-10-01,2026-10-01T08:00:00Z
workflow:el-camino/marshall_adams,workflow,marshall_adams,https://backstage.example.com/workflows/marshall_adams/instances,"[""group:default/netflix-infra""]",[],true,"{""workflow"": {""bqDestinationTableProjects"": [""netflix""], ""bqJobProjects"": [""netflix""], ""enabled"": true, ""offset"": ""PT1H"", ""orchestrationType"": ""orchestrator"", ""parentComponentId"": ""component:default/el-camino"", ""schedule"": ""days"", ""serviceAccount"": ""el-camino@netflix.iam.gserviceaccount.com"", ""orchestratorComponentId"": ""el-camino"", ""orchestratorWorkflowId"": ""marshall_adams"", ""workflowType"": ""crew-member-query""}}",2026-10-01,2026-10-01T08:00:00Z
component:default/pop-culture-jeopardy,component,pop-culture-jeopardy,https://backstage.example.com/catalog/default/Component/pop-culture-jeopardy,"[""group:default/netflix-infra""]",[],true,"{""component"": {""componentType"": ""service"", ""lifecycle"": ""production""}}",2026-10-01,2026-10-01T08:00:00Z
repository:github.com/streaming-infra/PopCultureJeopardy,repository,PopCultureJeopardy,https://github.com/streaming-infra/PopCultureJeopardy,[],[],true,"{""repository"": {""archived"": false, ""createdAt"": ""2024-01-15T10:00:00.000Z"", ""defaultBranchLastCommit"": {""sha"": ""abc123def456"", ""url"": ""https://github.com/streaming-infra/PopCultureJeopardy/commit/abc123def456""}, ""description"": ""Repository for PopCultureJeopardy"", ""fullName"": ""streaming-infra/PopCultureJeopardy"", ""host"": ""github.com"", ""organization"": ""streaming-infra"", ""pushedAt"": ""2026-09-28T12:00:00.000Z"", ""repositoryName"": ""PopCultureJeopardy""}}",2026-10-01,2026-10-01T08:00:00Z
workflow:pop-culture-jeopardy/colin_jost,workflow,colin_jost,https://backstage.example.com/workflows/colin_jost/instances,"[""group:default/netflix-infra""]",[],true,"{""workflow"": {""bqDestinationTableProjects"": [""netflix""], ""bqJobProjects"": [""netflix""], ""enabled"": true, ""offset"": ""P1D"", ""orchestrationType"": ""orchestrator"", ""parentComponentId"": ""component:default/pop-culture-jeopardy"", ""schedule"": ""weeks"", ""serviceAccount"": ""pop-culture-jeopardy@netflix.iam.gserviceaccount.com"", ""orchestratorComponentId"": ""pop-culture-jeopardy"", ""orchestratorWorkflowId"": ""colin_jost"", ""workflowType"": ""cast-member-query""}}",2026-10-01,2026-10-01T08:00:00Z
workflow:pop-culture-jeopardy/alex_dyon,workflow,alex_dyon,https://backstage.example.com/workflows/alex_dyon/instances,"[""group:default/netflix-infra""]",[],true,"{""workflow"": {""bqDestinationTableProjects"": [""netflix""], ""bqJobProjects"": [""netflix""], ""enabled"": true, ""offset"": ""P1D"", ""orchestrationType"": ""orchestrator"", ""parentComponentId"": ""component:default/pop-culture-jeopardy"", ""schedule"": ""weeks"", ""serviceAccount"": ""pop-culture-jeopardy@netflix.iam.gserviceaccount.com"", ""orchestratorComponentId"": ""pop-culture-jeopardy"", ""orchestratorWorkflowId"": ""alex_dyon"", ""workflowType"": ""cast-member-query""}}",2026-10-01,2026-10-01T08:00:00Z
workflow:pop-culture-jeopardy/sonny_dyon_jr,workflow,sonny_dyon_jr,https://backstage.example.com/workflows/sonny_dyon_jr/instances,"[""group:default/netflix-infra""]",[],true,"{""workflow"": {""bqDestinationTableProjects"": [""netflix""], ""bqJobProjects"": [""netflix""], ""enabled"": true, ""offset"": ""PT1H"", ""orchestrationType"": ""orchestrator"", ""parentComponentId"": ""component:default/pop-culture-jeopardy"", ""schedule"": ""days"", ""serviceAccount"": ""pop-culture-jeopardy@netflix.iam.gserviceaccount.com"", ""orchestratorComponentId"": ""pop-culture-jeopardy"", ""orchestratorWorkflowId"": ""sonny_dyon_jr"", ""workflowType"": ""cast-member-query""}}",2026-10-01,2026-10-01T08:00:00Z
component:default/train-dreams,component,train-dreams,https://backstage.example.com/catalog/default/Component/train-dreams,"[""group:default/netflix-infra""]",[],true,"{""component"": {""componentType"": ""service"", ""lifecycle"": ""production""}}",2026-10-01,2026-10-01T08:00:00Z
repository:github.com/streaming-infra/TrainDreams,repository,TrainDreams,https://github.com/streaming-infra/TrainDreams,[],[],true,"{""repository"": {""archived"": false, ""createdAt"": ""2024-01-15T10:00:00.000Z"", ""defaultBranchLastCommit"": {""sha"": ""abc123def456"", ""url"": ""https://github.com/streaming-infra/TrainDreams/commit/abc123def456""}, ""description"": ""Repository for TrainDreams"", ""fullName"": ""streaming-infra/TrainDreams"", ""host"": ""github.com"", ""organization"": ""streaming-infra"", ""pushedAt"": ""2026-09-28T12:00:00.000Z"", ""repositoryName"": ""TrainDreams""}}",2026-10-01,2026-10-01T08:00:00Z
workflow:train-dreams/joel_edgerton,workflow,joel_edgerton,https://backstage.example.com/workflows/joel_edgerton/instances,"[""group:default/netflix-infra""]",[],true,"{""workflow"": {""bqDestinationTableProjects"": [""netflix""], ""bqJobProjects"": [""netflix""], ""enabled"": true, ""offset"": ""PT15M"", ""orchestrationType"": ""orchestrator"", ""parentComponentId"": ""component:default/train-dreams"", ""schedule"": ""hours"", ""serviceAccount"": ""train-dreams@netflix.iam.gserviceaccount.com"", ""orchestratorComponentId"": ""train-dreams"", ""orchestratorWorkflowId"": ""joel_edgerton"", ""workflowType"": ""cast-member-query""}}",2026-10-01,2026-10-01T08:00:00Z
workflow:train-dreams/felicity_jones,workflow,felicity_jones,https://backstage.example.com/workflows/felicity_jones/instances,"[""group:default/netflix-infra""]",[],true,"{""workflow"": {""bqDestinationTableProjects"": [""netflix""], ""bqJobProjects"": [""netflix""], ""enabled"": true, ""offset"": ""P1D"", ""orchestrationType"": ""orchestrator"", ""parentComponentId"": ""component:default/train-dreams"", ""schedule"": ""weeks"", ""serviceAccount"": ""train-dreams@netflix.iam.gserviceaccount.com"", ""orchestratorComponentId"": ""train-dreams"", ""orchestratorWorkflowId"": ""felicity_jones"", ""workflowType"": ""cast-member-query""}}",2026-10-01,2026-10-01T08:00:00Z
workflow:train-dreams/nathaniel_arcand,workflow,nathaniel_arcand,https://backstage.example.com/workflows/nathaniel_arcand/instances,"[""group:default/netflix-infra""]",[],true,"{""workflow"": {""bqDestinationTableProjects"": [""netflix""], ""bqJobProjects"": [""netflix""], ""enabled"": true, ""offset"": ""PT1H"", ""orchestrationType"": ""orchestrator"", ""parentComponentId"": ""component:default/train-dreams"", ""schedule"": ""days"", ""serviceAccount"": ""train-dreams@netflix.iam.gserviceaccount.com"", ""orchestratorComponentId"": ""train-dreams"", ""orchestratorWorkflowId"": ""nathaniel_arcand"", ""workflowType"": ""cast-member-query""}}",2026-10-01,2026-10-01T08:00:00Z
component:default/adolescence,component,adolescence,https://backstage.example.com/catalog/default/Component/adolescence,"[""group:default/netflix-infra""]",[],true,"{""component"": {""componentType"": ""service"", ""lifecycle"": ""production""}}",2026-10-01,2026-10-01T08:00:00Z
repository:github.com/streaming-infra/Adolescence,repository,Adolescence,https://github.com/streaming-infra/Adolescence,[],[],true,"{""repository"": {""archived"": false, ""createdAt"": ""2024-01-15T10:00:00.000Z"", ""defaultBranchLastCommit"": {""sha"": ""abc123def456"", ""url"": ""https://github.com/streaming-infra/Adolescence/commit/abc123def456""}, ""description"": ""Repository for Adolescence"", ""fullName"": ""streaming-infra/Adolescence"", ""host"": ""github.com"", ""organization"": ""streaming-infra"", ""pushedAt"": ""2026-09-28T12:00:00.000Z"", ""repositoryName"": ""Adolescence""}}",2026-10-01,2026-10-01T08:00:00Z
workflow:adolescence/stephen_graham,workflow,stephen_graham,https://backstage.example.com/workflows/stephen_graham/instances,"[""group:default/netflix-infra""]",[],true,"{""workflow"": {""bqDestinationTableProjects"": [""netflix""], ""bqJobProjects"": [""netflix""], ""enabled"": true, ""offset"": ""PT15M"", ""orchestrationType"": ""orchestrator"", ""parentComponentId"": ""component:default/adolescence"", ""schedule"": ""hours"", ""serviceAccount"": ""adolescence@netflix.iam.gserviceaccount.com"", ""orchestratorComponentId"": ""adolescence"", ""orchestratorWorkflowId"": ""stephen_graham"", ""workflowType"": ""cast-member-query""}}",2026-10-01,2026-10-01T08:00:00Z
workflow:adolescence/owen_cooper,workflow,owen_cooper,https://backstage.example.com/workflows/owen_cooper/instances,"[""group:default/netflix-infra""]",[],true,"{""workflow"": {""bqDestinationTableProjects"": [""netflix""], ""bqJobProjects"": [""netflix""], ""enabled"": true, ""offset"": ""P1D"", ""orchestrationType"": ""orchestrator"", ""parentComponentId"": ""component:default/adolescence"", ""schedule"": ""weeks"", ""serviceAccount"": ""adolescence@netflix.iam.gserviceaccount.com"", ""orchestratorComponentId"": ""adolescence"", ""orchestratorWorkflowId"": ""owen_cooper"", ""workflowType"": ""cast-member-query""}}",2026-10-01,2026-10-01T08:00:00Z
workflow:adolescence/bidi_iredale,workflow,bidi_iredale,https://backstage.example.com/workflows/bidi_iredale/instances,"[""group:default/netflix-infra""]",[],true,"{""workflow"": {""bqDestinationTableProjects"": [""netflix""], ""bqJobProjects"": [""netflix""], ""enabled"": true, ""offset"": ""PT1H"", ""orchestrationType"": ""orchestrator"", ""parentComponentId"": ""component:default/adolescence"", ""schedule"": ""days"", ""serviceAccount"": ""adolescence@netflix.iam.gserviceaccount.com"", ""orchestratorComponentId"": ""adolescence"", ""orchestratorWorkflowId"": ""bidi_iredale"", ""workflowType"": ""cast-member-query""}}",2026-10-01,2026-10-01T08:00:00Z
workflow:adolescence/amlie_pease,workflow,amlie_pease,https://backstage.example.com/workflows/amlie_pease/instances,"[""group:default/netflix-infra""]",[],true,"{""workflow"": {""bqDestinationTableProjects"": [""netflix""], ""bqJobProjects"": [""netflix""], ""enabled"": true, ""offset"": ""PT15M"", ""orchestrationType"": ""orchestrator"", ""parentComponentId"": ""component:default/adolescence"", ""schedule"": ""hours"", ""serviceAccount"": ""adolescence@netflix.iam.gserviceaccount.com"", ""orchestratorComponentId"": ""adolescence"", ""orchestratorWorkflowId"": ""amlie_pease"", ""workflowType"": ""cast-member-query""}}",2026-10-01,2026-10-01T08:00:00Z
component:default/bo-burnham-inside,component,bo-burnham-inside,https://backstage.example.com/catalog/default/Component/bo-burnham-inside,"[""group:default/netflix-infra""]",[],true,"{""component"": {""componentType"": ""service"", ""lifecycle"": ""production""}}",2026-10-01,2026-10-01T08:00:00Z
repository:github.com/streaming-infra/BoBurnham,repository,BoBurnham,https://github.com/streaming-infra/BoBurnham,[],[],true,"{""repository"": {""archived"": false, ""createdAt"": ""2024-01-15T10:00:00.000Z"", ""defaultBranchLastCommit"": {""sha"": ""abc123def456"", ""url"": ""https://github.com/streaming-infra/BoBurnham/commit/abc123def456""}, ""description"": ""Repository for BoBurnham"", ""fullName"": ""streaming-infra/BoBurnham"", ""host"": ""github.com"", ""organization"": ""streaming-infra"", ""pushedAt"": ""2026-09-28T12:00:00.000Z"", ""repositoryName"": ""BoBurnham""}}",2026-10-01,2026-10-01T08:00:00Z
workflow:bo-burnham-inside/bo_burnham,workflow,bo_burnham,https://backstage.example.com/workflows/bo_burnham/instances,"[""group:default/netflix-infra""]",[],true,"{""workflow"": {""bqDestinationTableProjects"": [""netflix""], ""bqJobProjects"": [""netflix""], ""enabled"": true, ""offset"": ""PT15M"", ""orchestrationType"": ""orchestrator"", ""parentComponentId"": ""component:default/bo-burnham-inside"", ""schedule"": ""hours"", ""serviceAccount"": ""bo-burnham-inside@netflix.iam.gserviceaccount.com"", ""orchestratorComponentId"": ""bo-burnham-inside"", ""orchestratorWorkflowId"": ""bo_burnham"", ""workflowType"": ""crew-member-query""}}",2026-10-01,2026-10-01T08:00:00Z
workflow:bo-burnham-inside/josh_senior,workflow,josh_senior,https://backstage.example.com/workflows/josh_senior/instances,"[""group:default/netflix-infra""]",[],true,"{""workflow"": {""bqDestinationTableProjects"": [""netflix""], ""bqJobProjects"": [""netflix""], ""enabled"": true, ""offset"": ""PT1H"", ""orchestrationType"": ""orchestrator"", ""parentComponentId"": ""component:default/bo-burnham-inside"", ""schedule"": ""days"", ""serviceAccount"": ""bo-burnham-inside@netflix.iam.gserviceaccount.com"", ""orchestratorComponentId"": ""bo-burnham-inside"", ""orchestratorWorkflowId"": ""josh_senior"", ""workflowType"": ""crew-member-query""}}",2026-10-01,2026-10-01T08:00:00Z
workflow:bo-burnham-inside/andrew_wehde,workflow,andrew_wehde,https://backstage.example.com/workflows/andrew_wehde/instances,"[""group:default/netflix-infra""]",[],true,"{""workflow"": {""bqDestinationTableProjects"": [""netflix""], ""bqJobProjects"": [""netflix""], ""enabled"": true, ""offset"": ""P1D"", ""orchestrationType"": ""orchestrator"", ""parentComponentId"": ""component:default/bo-burnham-inside"", ""schedule"": ""weeks"", ""serviceAccount"": ""bo-burnham-inside@netflix.iam.gserviceaccount.com"", ""orchestratorComponentId"": ""bo-burnham-inside"", ""orchestratorWorkflowId"": ""andrew_wehde"", ""workflowType"": ""crew-member-query""}}",2026-10-01,2026-10-01T08:00:00Z
component:default/eighth-grade,component,eighth-grade,https://backstage.example.com/catalog/default/Component/eighth-grade,"[""group:default/netflix-infra""]",[],true,"{""component"": {""componentType"": ""service"", ""lifecycle"": ""production""}}",2026-10-01,2026-10-01T08:00:00Z
repository:github.com/streaming-infra/EighthGrade,repository,EighthGrade,https://github.com/streaming-infra/EighthGrade,[],[],true,"{""repository"": {""archived"": false, ""createdAt"": ""2024-01-15T10:00:00.000Z"", ""defaultBranchLastCommit"": {""sha"": ""abc123def456"", ""url"": ""https://github.com/streaming-infra/EighthGrade/commit/abc123def456""}, ""description"": ""Repository for EighthGrade"", ""fullName"": ""streaming-infra/EighthGrade"", ""host"": ""github.com"", ""organization"": ""streaming-infra"", ""pushedAt"": ""2026-09-28T12:00:00.000Z"", ""repositoryName"": ""EighthGrade""}}",2026-10-01,2026-10-01T08:00:00Z
workflow:eighth-grade/elsie_fisher,workflow,elsie_fisher,https://backstage.example.com/workflows/elsie_fisher/instances,"[""group:default/netflix-infra""]",[],true,"{""workflow"": {""bqDestinationTableProjects"": [""netflix""], ""bqJobProjects"": [""netflix""], ""enabled"": true, ""offset"": ""P1D"", ""orchestrationType"": ""orchestrator"", ""parentComponentId"": ""component:default/eighth-grade"", ""schedule"": ""weeks"", ""serviceAccount"": ""eighth-grade@netflix.iam.gserviceaccount.com"", ""orchestratorComponentId"": ""eighth-grade"", ""orchestratorWorkflowId"": ""elsie_fisher"", ""workflowType"": ""cast-member-query""}}",2026-10-01,2026-10-01T08:00:00Z
workflow:eighth-grade/josh_hamilton,workflow,josh_hamilton,https://backstage.example.com/workflows/josh_hamilton/instances,"[""group:default/netflix-infra""]",[],true,"{""workflow"": {""bqDestinationTableProjects"": [""netflix""], ""bqJobProjects"": [""netflix""], ""enabled"": true, ""offset"": ""PT1H"", ""orchestrationType"": ""orchestrator"", ""parentComponentId"": ""component:default/eighth-grade"", ""schedule"": ""days"", ""serviceAccount"": ""eighth-grade@netflix.iam.gserviceaccount.com"", ""orchestratorComponentId"": ""eighth-grade"", ""orchestratorWorkflowId"": ""josh_hamilton"", ""workflowType"": ""cast-member-query""}}",2026-10-01,2026-10-01T08:00:00Z
workflow:eighth-grade/emily_robinson,workflow,emily_robinson,https://backstage.example.com/workflows/emily_robinson/instances,"[""group:default/netflix-infra""]",[],true,"{""workflow"": {""bqDestinationTableProjects"": [""netflix""], ""bqJobProjects"": [""netflix""], ""enabled"": true, ""offset"": ""PT1H"", ""orchestrationType"": ""orchestrator"", ""parentComponentId"": ""component:default/eighth-grade"", ""schedule"": ""days"", ""serviceAccount"": ""eighth-grade@netflix.iam.gserviceaccount.com"", ""orchestratorComponentId"": ""eighth-grade"", ""orchestratorWorkflowId"": ""emily_robinson"", ""workflowType"": ""cast-member-query""}}",2026-10-01,2026-10-01T08:00:00Z
workflow:eighth-grade/jake_ryan,workflow,jake_ryan,https://backstage.example.com/workflows/jake_ryan/instances,"[""group:default/netflix-infra""]",[],true,"{""workflow"": {""bqDestinationTableProjects"": [""netflix""], ""bqJobProjects"": [""netflix""], ""enabled"": true, ""offset"": ""PT15M"", ""orchestrationType"": ""orchestrator"", ""parentComponentId"": ""component:default/eighth-grade"", ""schedule"": ""hours"", ""serviceAccount"": ""eighth-grade@netflix.iam.gserviceaccount.com"", ""orchestratorComponentId"": ""eighth-grade"", ""orchestratorWorkflowId"": ""jake_ryan"", ""workflowType"": ""cast-member-query""}}",2026-10-01,2026-10-01T08:00:00Z
component:default/knives-out-glass-onion,component,knives-out-glass-onion,https://backstage.example.com/catalog/default/Component/knives-out-glass-onion,"[""group:default/netflix-infra""]",[],true,"{""component"": {""componentType"": ""service"", ""lifecycle"": ""production""}}",2026-10-01,2026-10-01T08:00:00Z
repository:github.com/streaming-infra/KnivesOutUniverse,repository,KnivesOutUniverse,https://github.com/streaming-infra/KnivesOutUniverse,[],[],true,"{""repository"": {""archived"": false, ""createdAt"": ""2024-01-15T10:00:00.000Z"", ""defaultBranchLastCommit"": {""sha"": ""abc123def456"", ""url"": ""https://github.com/streaming-infra/KnivesOutUniverse/commit/abc123def456""}, ""description"": ""Repository for KnivesOutUniverse"", ""fullName"": ""streaming-infra/KnivesOutUniverse"", ""host"": ""github.com"", ""organization"": ""streaming-infra"", ""pushedAt"": ""2026-09-28T12:00:00.000Z"", ""repositoryName"": ""KnivesOutUniverse""}}",2026-10-01,2026-10-01T08:00:00Z
workflow:knives-out-glass-onion/daniel_craig,workflow,daniel_craig,https://backstage.example.com/workflows/daniel_craig/instances,"[""group:default/netflix-infra""]",[],true,"{""workflow"": {""bqDestinationTableProjects"": [""netflix""], ""bqJobProjects"": [""netflix""], ""enabled"": true, ""offset"": ""PT1H"", ""orchestrationType"": ""orchestrator"", ""parentComponentId"": ""component:default/knives-out-glass-onion"", ""schedule"": ""days"", ""serviceAccount"": ""knives-out-glass-onion@netflix.iam.gserviceaccount.com"", ""orchestratorComponentId"": ""knives-out-glass-onion"", ""orchestratorWorkflowId"": ""daniel_craig"", ""workflowType"": ""cast-member-query""}}",2026-10-01,2026-10-01T08:00:00Z
workflow:knives-out-glass-onion/edward_norton,workflow,edward_norton,https://backstage.example.com/workflows/edward_norton/instances,"[""group:default/netflix-infra""]",[],true,"{""workflow"": {""bqDestinationTableProjects"": [""netflix""], ""bqJobProjects"": [""netflix""], ""enabled"": true, ""offset"": ""PT1H"", ""orchestrationType"": ""orchestrator"", ""parentComponentId"": ""component:default/knives-out-glass-onion"", ""schedule"": ""days"", ""serviceAccount"": ""knives-out-glass-onion@netflix.iam.gserviceaccount.com"", ""orchestratorComponentId"": ""knives-out-glass-onion"", ""orchestratorWorkflowId"": ""edward_norton"", ""workflowType"": ""cast-member-query""}}",2026-10-01,2026-10-01T08:00:00Z
workflow:knives-out-glass-onion/janelle_mone,workflow,janelle_mone,https://backstage.example.com/workflows/janelle_mone/instances,"[""group:default/netflix-infra""]",[],true,"{""workflow"": {""bqDestinationTableProjects"": [""netflix""], ""bqJobProjects"": [""netflix""], ""enabled"": true, ""offset"": ""PT1H"", ""orchestrationType"": ""orchestrator"", ""parentComponentId"": ""component:default/knives-out-glass-onion"", ""schedule"": ""days"", ""serviceAccount"": ""knives-out-glass-onion@netflix.iam.gserviceaccount.com"", ""orchestratorComponentId"": ""knives-out-glass-onion"", ""orchestratorWorkflowId"": ""janelle_mone"", ""workflowType"": ""cast-member-query""}}",2026-10-01,2026-10-01T08:00:00Z
workflow:knives-out-glass-onion/kathryn_hahn,workflow,kathryn_hahn,https://backstage.example.com/workflows/kathryn_hahn/instances,"[""group:default/netflix-infra""]",[],true,"{""workflow"": {""bqDestinationTableProjects"": [""netflix""], ""bqJobProjects"": [""netflix""], ""enabled"": true, ""offset"": ""PT1H"", ""orchestrationType"": ""orchestrator"", ""parentComponentId"": ""component:default/knives-out-glass-onion"", ""schedule"": ""days"", ""serviceAccount"": ""knives-out-glass-onion@netflix.iam.gserviceaccount.com"", ""orchestratorComponentId"": ""knives-out-glass-onion"", ""orchestratorWorkflowId"": ""kathryn_hahn"", ""workflowType"": ""cast-member-query""}}",2026-10-01,2026-10-01T08:00:00Z
workflow:knives-out-glass-onion/leslie_odom_jr,workflow,leslie_odom_jr,https://backstage.example.com/workflows/leslie_odom_jr/instances,"[""group:default/netflix-infra""]",[],true,"{""workflow"": {""bqDestinationTableProjects"": [""netflix""], ""bqJobProjects"": [""netflix""], ""enabled"": true, ""offset"": ""PT1H"", ""orchestrationType"": ""orchestrator"", ""parentComponentId"": ""component:default/knives-out-glass-onion"", ""schedule"": ""days"", ""serviceAccount"": ""knives-out-glass-onion@netflix.iam.gserviceaccount.com"", ""orchestratorComponentId"": ""knives-out-glass-onion"", ""orchestratorWorkflowId"": ""leslie_odom_jr"", ""workflowType"": ""cast-member-query""}}",2026-10-01,2026-10-01T08:00:00Z
component:default/knives-out-wake-up-dead-man,component,knives-out-wake-up-dead-man,https://backstage.example.com/catalog/default/Component/knives-out-wake-up-dead-man,"[""group:default/netflix-infra""]",[],true,"{""component"": {""componentType"": ""service"", ""lifecycle"": ""production""}}",2026-10-01,2026-10-01T08:00:00Z
workflow:knives-out-wake-up-dead-man/benoit_blanc,workflow,benoit_blanc,https://backstage.example.com/workflows/benoit_blanc/instances,"[""group:default/netflix-infra""]",[],true,"{""workflow"": {""bqDestinationTableProjects"": [""netflix""], ""bqJobProjects"": [""netflix""], ""enabled"": true, ""offset"": ""P1D"", ""orchestrationType"": ""orchestrator"", ""parentComponentId"": ""component:default/knives-out-wake-up-dead-man"", ""schedule"": ""weeks"", ""serviceAccount"": ""knives-out-wake-up-dead-man@netflix.iam.gserviceaccount.com"", ""orchestratorComponentId"": ""knives-out-wake-up-dead-man"", ""orchestratorWorkflowId"": ""benoit_blanc"", ""workflowType"": ""character-query""}}",2026-10-01,2026-10-01T08:00:00Z
workflow:knives-out-wake-up-dead-man/fr_jud_duplenticy,workflow,fr_jud_duplenticy,https://backstage.example.com/workflows/fr_jud_duplenticy/instances,"[""group:default/netflix-infra""]",[],true,"{""workflow"": {""bqDestinationTableProjects"": [""netflix""], ""bqJobProjects"": [""netflix""], ""enabled"": true, ""offset"": ""PT15M"", ""orchestrationType"": ""orchestrator"", ""parentComponentId"": ""component:default/knives-out-wake-up-dead-man"", ""schedule"": ""hours"", ""serviceAccount"": ""knives-out-wake-up-dead-man@netflix.iam.gserviceaccount.com"", ""orchestratorComponentId"": ""knives-out-wake-up-dead-man"", ""orchestratorWorkflowId"": ""fr_jud_duplenticy"", ""workflowType"": ""character-query""}}",2026-10-01,2026-10-01T08:00:00Z
workflow:knives-out-wake-up-dead-man/martha_delacroix,workflow,martha_delacroix,https://backstage.example.com/workflows/martha_delacroix/instances,"[""group:default/netflix-infra""]",[],true,"{""workflow"": {""bqDestinationTableProjects"": [""netflix""], ""bqJobProjects"": [""netflix""], ""enabled"": true, ""offset"": ""P1D"", ""orchestrationType"": ""orchestrator"", ""parentComponentId"": ""component:default/knives-out-wake-up-dead-man"", ""schedule"": ""weeks"", ""serviceAccount"": ""knives-out-wake-up-dead-man@netflix.iam.gserviceaccount.com"", ""orchestratorComponentId"": ""knives-out-wake-up-dead-man"", ""orchestratorWorkflowId"": ""martha_delacroix"", ""workflowType"": ""character-query""}}",2026-10-01,2026-10-01T08:00:00Z
workflow:knives-out-wake-up-dead-man/mons_jefferson_wicks,workflow,mons_jefferson_wicks,https://backstage.example.com/workflows/mons_jefferson_wicks/instances,"[""group:default/netflix-infra""]",[],true,"{""workflow"": {""bqDestinationTableProjects"": [""netflix""], ""bqJobProjects"": [""netflix""], ""enabled"": true, ""offset"": ""PT1H"", ""orchestrationType"": ""orchestrator"", ""parentComponentId"": ""component:default/knives-out-wake-up-dead-man"", ""schedule"": ""days"", ""serviceAccount"": ""knives-out-wake-up-dead-man@netflix.iam.gserviceaccount.com"", ""orchestratorComponentId"": ""knives-out-wake-up-dead-man"", ""orchestratorWorkflowId"": ""mons_jefferson_wicks"", ""workflowType"": ""character-query""}}",2026-10-01,2026-10-01T08:00:00Z
workflow:knives-out-wake-up-dead-man/chief_geraldine_scott,workflow,chief_geraldine_scott,https://backstage.example.com/workflows/chief_geraldine_scott/instances,"[""group:default/netflix-infra""]",[],true,"{""workflow"": {""bqDestinationTableProjects"": [""netflix""], ""bqJobProjects"": [""netflix""], ""enabled"": true, ""offset"": ""PT1H"", ""orchestrationType"": ""orchestrator"", ""parentComponentId"": ""component:default/knives-out-wake-up-dead-man"", ""schedule"": ""days"", ""serviceAccount"": ""knives-out-wake-up-dead-man@netflix.iam.gserviceaccount.com"", ""orchestratorComponentId"": ""knives-out-wake-up-dead-man"", ""orchestratorWorkflowId"": ""chief_geraldine_scott"", ""workflowType"": ""character-query""}}",2026-10-01,2026-10-01T08:00:00Z
component:default/top-gun-maverick,component,top-gun-maverick,https://backstage.example.com/catalog/default/Component/top-gun-maverick,"[""group:default/netflix-infra""]",[],true,"{""component"": {""componentType"": ""service"", ""lifecycle"": ""production""}}",2026-10-01,2026-10-01T08:00:00Z
repository:github.com/streaming-infra/TopGunMaverick,repository,TopGunMaverick,https://github.com/streaming-infra/TopGunMaverick,[],[],true,"{""repository"": {""archived"": false, ""createdAt"": ""2024-01-15T10:00:00.000Z"", ""defaultBranchLastCommit"": {""sha"": ""abc123def456"", ""url"": ""https://github.com/streaming-infra/TopGunMaverick/commit/abc123def456""}, ""description"": ""Repository for TopGunMaverick"", ""fullName"": ""streaming-infra/TopGunMaverick"", ""host"": ""github.com"", ""organization"": ""streaming-infra"", ""pushedAt"": ""2026-09-28T12:00:00.000Z"", ""repositoryName"": ""TopGunMaverick""}}",2026-10-01,2026-10-01T08:00:00Z
workflow:top-gun-maverick/tom_cruise,workflow,tom_cruise,https://backstage.example.com/workflows/tom_cruise/instances,"[""group:default/netflix-infra""]",[],true,"{""workflow"": {""bqDestinationTableProjects"": [""netflix""], ""bqJobProjects"": [""netflix""], ""enabled"": true, ""offset"": ""P1D"", ""orchestrationType"": ""orchestrator"", ""parentComponentId"": ""component:default/top-gun-maverick"", ""schedule"": ""weeks"", ""serviceAccount"": ""top-gun-maverick@netflix.iam.gserviceaccount.com"", ""orchestratorComponentId"": ""top-gun-maverick"", ""orchestratorWorkflowId"": ""tom_cruise"", ""workflowType"": ""cast-member-query""}}",2026-10-01,2026-10-01T08:00:00Z
workflow:top-gun-maverick/miles_teller,workflow,miles_teller,https://backstage.example.com/workflows/miles_teller/instances,"[""group:default/netflix-infra""]",[],true,"{""workflow"": {""bqDestinationTableProjects"": [""netflix""], ""bqJobProjects"": [""netflix""], ""enabled"": false, ""offset"": ""PT1H"", ""orchestrationType"": ""orchestrator"", ""parentComponentId"": ""component:default/top-gun-maverick"", ""schedule"": ""days"", ""serviceAccount"": ""top-gun-maverick@netflix.iam.gserviceaccount.com"", ""orchestratorComponentId"": ""top-gun-maverick"", ""orchestratorWorkflowId"": ""miles_teller"", ""workflowType"": ""cast-member-query""}}",2026-10-01,2026-10-01T08:00:00Z
workflow:top-gun-maverick/jennifer_connelly,workflow,jennifer_connelly,https://backstage.example.com/workflows/jennifer_connelly/instances,"[""group:default/netflix-infra""]",[],true,"{""workflow"": {""bqDestinationTableProjects"": [""netflix""], ""bqJobProjects"": [""netflix""], ""enabled"": true, ""offset"": ""PT15M"", ""orchestrationType"": ""orchestrator"", ""parentComponentId"": ""component:default/top-gun-maverick"", ""schedule"": ""hours"", ""serviceAccount"": ""top-gun-maverick@netflix.iam.gserviceaccount.com"", ""orchestratorComponentId"": ""top-gun-maverick"", ""orchestratorWorkflowId"": ""jennifer_connelly"", ""workflowType"": ""cast-member-query""}}",2026-10-01,2026-10-01T08:00:00Z
workflow:top-gun-maverick/bashir_salahuddin,workflow,bashir_salahuddin,https://backstage.example.com/workflows/bashir_salahuddin/instances,"[""group:default/netflix-infra""]",[],true,"{""workflow"": {""bqDestinationTableProjects"": [""netflix""], ""bqJobProjects"": [""netflix""], ""enabled"": true, ""offset"": ""P1D"", ""orchestrationType"": ""orchestrator"", ""parentComponentId"": ""component:default/top-gun-maverick"", ""schedule"": ""weeks"", ""serviceAccount"": ""top-gun-maverick@netflix.iam.gserviceaccount.com"", ""orchestratorComponentId"": ""top-gun-maverick"", ""orchestratorWorkflowId"": ""bashir_salahuddin"", ""workflowType"": ""cast-member-query""}}",2026-10-01,2026-10-01T08:00:00Z
workflow:top-gun-maverick/jon_hamm,workflow,jon_hamm,https://backstage.example.com/workflows/jon_hamm/instances,"[""group:default/netflix-infra""]",[],true,"{""workflow"": {""bqDestinationTableProjects"": [""netflix""], ""bqJobProjects"": [""netflix""], ""enabled"": true, ""offset"": ""P1D"", ""orchestrationType"": ""orchestrator"", ""parentComponentId"": ""component:default/top-gun-maverick"", ""schedule"": ""weeks"", ""serviceAccount"": ""top-gun-maverick@netflix.iam.gserviceaccount.com"", ""orchestratorComponentId"": ""top-gun-maverick"", ""orchestratorWorkflowId"": ""jon_hamm"", ""workflowType"": ""cast-member-query""}}",2026-10-01,2026-10-01T08:00:00Z
component:default/nine-to-five,component,nine-to-five,https://backstage.example.com/catalog/default/Component/nine-to-five,"[""group:default/netflix-infra""]",[],true,"{""component"": {""componentType"": ""service"", ""lifecycle"": ""production""}}",2026-10-01,2026-10-01T08:00:00Z
repository:github.com/streaming-infra/NineToFive,repository,NineToFive,https://github.com/streaming-infra/NineToFive,[],[],true,"{""repository"": {""archived"": false, ""createdAt"": ""2024-01-15T10:00:00.000Z"", ""defaultBranchLastCommit"": {""sha"": ""abc123def456"", ""url"": ""https://github.com/streaming-infra/NineToFive/commit/abc123def456""}, ""description"": ""Repository for NineToFive"", ""fullName"": ""streaming-infra/NineToFive"", ""host"": ""github.com"", ""organization"": ""streaming-infra"", ""pushedAt"": ""2026-09-28T12:00:00.000Z"", ""repositoryName"": ""NineToFive""}}",2026-10-01,2026-10-01T08:00:00Z
workflow:nine-to-five/jane_fonda,workflow,jane_fonda,https://backstage.example.com/workflows/jane_fonda/instances,"[""group:default/netflix-infra""]",[],true,"{""workflow"": {""bqDestinationTableProjects"": [""netflix""], ""bqJobProjects"": [""netflix""], ""enabled"": true, ""offset"": ""PT15M"", ""orchestrationType"": ""orchestrator"", ""parentComponentId"": ""component:default/nine-to-five"", ""schedule"": ""hours"", ""serviceAccount"": ""nine-to-five@netflix.iam.gserviceaccount.com"", ""orchestratorComponentId"": ""nine-to-five"", ""orchestratorWorkflowId"": ""jane_fonda"", ""workflowType"": ""cast-member-query""}}",2026-10-01,2026-10-01T08:00:00Z
workflow:nine-to-five/lily_tomlin,workflow,lily_tomlin,https://backstage.example.com/workflows/lily_tomlin/instances,"[""group:default/netflix-infra""]",[],true,"{""workflow"": {""bqDestinationTableProjects"": [""netflix""], ""bqJobProjects"": [""netflix""], ""enabled"": true, ""offset"": ""PT1H"", ""orchestrationType"": ""orchestrator"", ""parentComponentId"": ""component:default/nine-to-five"", ""schedule"": ""days"", ""serviceAccount"": ""nine-to-five@netflix.iam.gserviceaccount.com"", ""orchestratorComponentId"": ""nine-to-five"", ""orchestratorWorkflowId"": ""lily_tomlin"", ""workflowType"": ""cast-member-query""}}",2026-10-01,2026-10-01T08:00:00Z
workflow:nine-to-five/dolly_parton,workflow,dolly_parton,https://backstage.example.com/workflows/dolly_parton/instances,"[""group:default/netflix-infra""]",[],true,"{""workflow"": {""bqDestinationTableProjects"": [""netflix""], ""bqJobProjects"": [""netflix""], ""enabled"": true, ""offset"": ""PT1H"", ""orchestrationType"": ""orchestrator"", ""parentComponentId"": ""component:default/nine-to-five"", ""schedule"": ""days"", ""serviceAccount"": ""nine-to-five@netflix.iam.gserviceaccount.com"", ""orchestratorComponentId"": ""nine-to-five"", ""orchestratorWorkflowId"": ""dolly_parton"", ""workflowType"": ""cast-member-query""}}",2026-10-01,2026-10-01T08:00:00Z
workflow:nine-to-five/dabney_coleman,workflow,dabney_coleman,https://backstage.example.com/workflows/dabney_coleman/instances,"[""group:default/netflix-infra""]",[],true,"{""workflow"": {""bqDestinationTableProjects"": [""netflix""], ""bqJobProjects"": [""netflix""], ""enabled"": true, ""offset"": ""PT1H"", ""orchestrationType"": ""orchestrator"", ""parentComponentId"": ""component:default/nine-to-five"", ""schedule"": ""days"", ""serviceAccount"": ""nine-to-five@netflix.iam.gserviceaccount.com"", ""orchestratorComponentId"": ""nine-to-five"", ""orchestratorWorkflowId"": ""dabney_coleman"", ""workflowType"": ""cast-member-query""}}",2026-10-01,2026-10-01T08:00:00Z
component:default/people-we-meet-on-vacation,component,people-we-meet-on-vacation,https://backstage.example.com/catalog/default/Component/people-we-meet-on-vacation,"[""group:default/netflix-infra""]",[],true,"{""component"": {""componentType"": ""service"", ""lifecycle"": ""production""}}",2026-10-01,2026-10-01T08:00:00Z
repository:github.com/streaming-infra/PeopleWeMeetOnVacation,repository,PeopleWeMeetOnVacation,https://github.com/streaming-infra/PeopleWeMeetOnVacation,[],[],true,"{""repository"": {""archived"": false, ""createdAt"": ""2024-01-15T10:00:00.000Z"", ""defaultBranchLastCommit"": {""sha"": ""abc123def456"", ""url"": ""https://github.com/streaming-infra/PeopleWeMeetOnVacation/commit/abc123def456""}, ""description"": ""Repository for PeopleWeMeetOnVacation"", ""fullName"": ""streaming-infra/PeopleWeMeetOnVacation"", ""host"": ""github.com"", ""organization"": ""streaming-infra"", ""pushedAt"": ""2026-09-28T12:00:00.000Z"", ""repositoryName"": ""PeopleWeMeetOnVacation""}}",2026-10-01,2026-10-01T08:00:00Z
workflow:people-we-meet-on-vacation/emily_bader,workflow,emily_bader,https://backstage.example.com/workflows/emily_bader/instances,"[""group:default/netflix-infra""]",[],true,"{""workflow"": {""bqDestinationTableProjects"": [""netflix""], ""bqJobProjects"": [""netflix""], ""enabled"": true, ""offset"": ""PT1H"", ""orchestrationType"": ""orchestrator"", ""parentComponentId"": ""component:default/people-we-meet-on-vacation"", ""schedule"": ""days"", ""serviceAccount"": ""people-we-meet-on-vacation@netflix.iam.gserviceaccount.com"", ""orchestratorComponentId"": ""people-we-meet-on-vacation"", ""orchestratorWorkflowId"": ""emily_bader"", ""workflowType"": ""cast-member-query""}}",2026-10-01,2026-10-01T08:00:00Z
workflow:people-we-meet-on-vacation/tom_blyth,workflow,tom_blyth,https://backstage.example.com/workflows/tom_blyth/instances,"[""group:default/netflix-infra""]",[],true,"{""workflow"": {""bqDestinationTableProjects"": [""netflix""], ""bqJobProjects"": [""netflix""], ""enabled"": true, ""offset"": ""P1D"", ""orchestrationType"": ""orchestrator"", ""parentComponentId"": ""component:default/people-we-meet-on-vacation"", ""schedule"": ""weeks"", ""serviceAccount"": ""people-we-meet-on-vacation@netflix.iam.gserviceaccount.com"", ""orchestratorComponentId"": ""people-we-meet-on-vacation"", ""orchestratorWorkflowId"": ""tom_blyth"", ""workflowType"": ""cast-member-query""}}",2026-10-01,2026-10-01T08:00:00Z
workflow:people-we-meet-on-vacation/sarah_catherine_hook,workflow,sarah_catherine_hook,https://backstage.example.com/workflows/sarah_catherine_hook/instances,"[""group:default/netflix-infra""]",[],true,"{""workflow"": {""bqDestinationTableProjects"": [""netflix""], ""bqJobProjects"": [""netflix""], ""enabled"": true, ""offset"": ""PT1H"", ""orchestrationType"": ""orchestrator"", ""parentComponentId"": ""component:default/people-we-meet-on-vacation"", ""schedule"": ""days"", ""serviceAccount"": ""people-we-meet-on-vacation@netflix.iam.gserviceaccount.com"", ""orchestratorComponentId"": ""people-we-meet-on-vacation"", ""orchestratorWorkflowId"": ""sarah_catherine_hook"", ""workflowType"": ""cast-member-query""}}",2026-10-01,2026-10-01T08:00:00Z
component:default/dawsons-creek,component,dawsons-creek,https://backstage.example.com/catalog/default/Component/dawsons-creek,"[""group:default/netflix-infra""]",[],true,"{""component"": {""componentType"": ""service"", ""lifecycle"": ""production""}}",2026-10-01,2026-10-01T08:00:00Z
repository:github.com/streaming-infra/DawsonsCreek,repository,DawsonsCreek,https://github.com/streaming-infra/DawsonsCreek,[],[],true,"{""repository"": {""archived"": false, ""createdAt"": ""2024-01-15T10:00:00.000Z"", ""defaultBranchLastCommit"": {""sha"": ""abc123def456"", ""url"": ""https://github.com/streaming-infra/DawsonsCreek/commit/abc123def456""}, ""description"": ""Repository for DawsonsCreek"", ""fullName"": ""streaming-infra/DawsonsCreek"", ""host"": ""github.com"", ""organization"": ""streaming-infra"", ""pushedAt"": ""2026-09-28T12:00:00.000Z"", ""repositoryName"": ""DawsonsCreek""}}",2026-10-01,2026-10-01T08:00:00Z
workflow:dawsons-creek/dawson_leery,workflow,dawson_leery,https://backstage.example.com/workflows/dawson_leery/instances,"[""group:default/netflix-infra""]",[],true,"{""workflow"": {""bqDestinationTableProjects"": [""netflix""], ""bqJobProjects"": [""netflix""], ""enabled"": true, ""offset"": ""PT1H"", ""orchestrationType"": ""orchestrator"", ""parentComponentId"": ""component:default/dawsons-creek"", ""schedule"": ""days"", ""serviceAccount"": ""dawsons-creek@netflix.iam.gserviceaccount.com"", ""orchestratorComponentId"": ""dawsons-creek"", ""orchestratorWorkflowId"": ""dawson_leery"", ""workflowType"": ""character-query""}}",2026-10-01,2026-10-01T08:00:00Z
workflow:dawsons-creek/joey_potter,workflow,joey_potter,https://backstage.example.com/workflows/joey_potter/instances,"[""group:default/netflix-infra""]",[],true,"{""workflow"": {""bqDestinationTableProjects"": [""netflix""], ""bqJobProjects"": [""netflix""], ""enabled"": true, ""offset"": ""PT1H"", ""orchestrationType"": ""orchestrator"", ""parentComponentId"": ""component:default/dawsons-creek"", ""schedule"": ""days"", ""serviceAccount"": ""dawsons-creek@netflix.iam.gserviceaccount.com"", ""orchestratorComponentId"": ""dawsons-creek"", ""orchestratorWorkflowId"": ""joey_potter"", ""workflowType"": ""character-query""}}",2026-10-01,2026-10-01T08:00:00Z
workflow:dawsons-creek/jen_lindley,workflow,jen_lindley,https://backstage.example.com/workflows/jen_lindley/instances,"[""group:default/netflix-infra""]",[],true,"{""workflow"": {""bqDestinationTableProjects"": [""netflix""], ""bqJobProjects"": [""netflix""], ""enabled"": true, ""offset"": ""P1D"", ""orchestrationType"": ""orchestrator"", ""parentComponentId"": ""component:default/dawsons-creek"", ""schedule"": ""weeks"", ""serviceAccount"": ""dawsons-creek@netflix.iam.gserviceaccount.com"", ""orchestratorComponentId"": ""dawsons-creek"", ""orchestratorWorkflowId"": ""jen_lindley"", ""workflowType"": ""character-query""}}",2026-10-01,2026-10-01T08:00:00Z
workflow:dawsons-creek/pacey_witter,workflow,pacey_witter,https://backstage.example.com/workflows/pacey_witter/instances,"[""group:default/netflix-infra""]",[],true,"{""workflow"": {""bqDestinationTableProjects"": [""netflix""], ""bqJobProjects"": [""netflix""], ""enabled"": true, ""offset"": ""P1D"", ""orchestrationType"": ""orchestrator"", ""parentComponentId"": ""component:default/dawsons-creek"", ""schedule"": ""weeks"", ""serviceAccount"": ""dawsons-creek@netflix.iam.gserviceaccount.com"", ""orchestratorComponentId"": ""dawsons-creek"", ""orchestratorWorkflowId"": ""pacey_witter"", ""workflowType"": ""character-query""}}",2026-10-01,2026-10-01T08:00:00Z
workflow:dawsons-creek/evelyn_grams_ryan,workflow,evelyn_grams_ryan,https://backstage.example.com/workflows/evelyn_grams_ryan/instances,"[""group:default/netflix-infra""]",[],true,"{""workflow"": {""bqDestinationTableProjects"": [""netflix""], ""bqJobProjects"": [""netflix""], ""enabled"": true, ""offset"": ""P1D"", ""orchestrationType"": ""orchestrator"", ""parentComponentId"": ""component:default/dawsons-creek"", ""schedule"": ""weeks"", ""serviceAccount"": ""dawsons-creek@netflix.iam.gserviceaccount.com"", ""orchestratorComponentId"": ""dawsons-creek"", ""orchestratorWorkflowId"": ""evelyn_grams_ryan"", ""workflowType"": ""character-query""}}",2026-10-01,2026-10-01T08:00:00Z
component:default/the-west-wing,component,the-west-wing,https://backstage.example.com/catalog/default/Component/the-west-wing,"[""group:default/netflix-infra""]",[],true,"{""component"": {""componentType"": ""service"", ""lifecycle"": ""production""}}",2026-10-01,2026-10-01T08:00:00Z
repository:github.com/streaming-infra/TheWestWing,repository,TheWestWing,https://github.com/streaming-infra/TheWestWing,[],[],true,"{""repository"": {""archived"": false, ""createdAt"": ""2024-01-15T10:00:00.000Z"", ""defaultBranchLastCommit"": {""sha"": ""abc123def456"", ""url"": ""https://github.com/streaming-infra/TheWestWing/commit/abc123def456""}, ""description"": ""Repository for TheWestWing"", ""fullName"": ""streaming-infra/TheWestWing"", ""host"": ""github.com"", ""organization"": ""streaming-infra"", ""pushedAt"": ""2026-09-28T12:00:00.000Z"", ""repositoryName"": ""TheWestWing""}}",2026-10-01,2026-10-01T08:00:00Z
workflow:the-west-wing/josiah_bartlet,workflow,josiah_bartlet,https://backstage.example.com/workflows/josiah_bartlet/instances,"[""group:default/netflix-infra""]",[],true,"{""workflow"": {""bqDestinationTableProjects"": [""netflix""], ""bqJobProjects"": [""netflix""], ""enabled"": true, ""offset"": ""PT1H"", ""orchestrationType"": ""orchestrator"", ""parentComponentId"": ""component:default/the-west-wing"", ""schedule"": ""days"", ""serviceAccount"": ""the-west-wing@netflix.iam.gserviceaccount.com"", ""orchestratorComponentId"": ""the-west-wing"", ""orchestratorWorkflowId"": ""josiah_bartlet"", ""workflowType"": ""character-query""}}",2026-10-01,2026-10-01T08:00:00Z
workflow:the-west-wing/cj_cregg,workflow,cj_cregg,https://backstage.example.com/workflows/cj_cregg/instances,"[""group:default/netflix-infra""]",[],true,"{""workflow"": {""bqDestinationTableProjects"": [""netflix""], ""bqJobProjects"": [""netflix""], ""enabled"": true, ""offset"": ""PT1H"", ""orchestrationType"": ""orchestrator"", ""parentComponentId"": ""component:default/the-west-wing"", ""schedule"": ""days"", ""serviceAccount"": ""the-west-wing@netflix.iam.gserviceaccount.com"", ""orchestratorComponentId"": ""the-west-wing"", ""orchestratorWorkflowId"": ""cj_cregg"", ""workflowType"": ""character-query""}}",2026-10-01,2026-10-01T08:00:00Z
workflow:the-west-wing/leo_mcgarry,workflow,leo_mcgarry,https://backstage.example.com/workflows/leo_mcgarry/instances,"[""group:default/netflix-infra""]",[],true,"{""workflow"": {""bqDestinationTableProjects"": [""netflix""], ""bqJobProjects"": [""netflix""], ""enabled"": true, ""offset"": ""PT1H"", ""orchestrationType"": ""orchestrator"", ""parentComponentId"": ""component:default/the-west-wing"", ""schedule"": ""days"", ""serviceAccount"": ""the-west-wing@netflix.iam.gserviceaccount.com"", ""orchestratorComponentId"": ""the-west-wing"", ""orchestratorWorkflowId"": ""leo_mcgarry"", ""workflowType"": ""character-query""}}",2026-10-01,2026-10-01T08:00:00Z
workflow:the-west-wing/josh_lyman,workflow,josh_lyman,https://backstage.example.com/workflows/josh_lyman/instances,"[""group:default/netflix-infra""]",[],true,"{""workflow"": {""bqDestinationTableProjects"": [""netflix""], ""bqJobProjects"": [""netflix""], ""enabled"": true, ""offset"": ""PT15M"", ""orchestrationType"": ""orchestrator"", ""parentComponentId"": ""component:default/the-west-wing"", ""schedule"": ""hours"", ""serviceAccount"": ""the-west-wing@netflix.iam.gserviceaccount.com"", ""orchestratorComponentId"": ""the-west-wing"", ""orchestratorWorkflowId"": ""josh_lyman"", ""workflowType"": ""character-query""}}",2026-10-01,2026-10-01T08:00:00Z
workflow:the-west-wing/donna_moss,workflow,donna_moss,https://backstage.example.com/workflows/donna_moss/instances,"[""group:default/netflix-infra""]",[],true,"{""workflow"": {""bqDestinationTableProjects"": [""netflix""], ""bqJobProjects"": [""netflix""], ""enabled"": true, ""offset"": ""P1D"", ""orchestrationType"": ""orchestrator"", ""parentComponentId"": ""component:default/the-west-wing"", ""schedule"": ""weeks"", ""serviceAccount"": ""the-west-wing@netflix.iam.gserviceaccount.com"", ""orchestratorComponentId"": ""the-west-wing"", ""orchestratorWorkflowId"": ""donna_moss"", ""workflowType"": ""character-query""}}",2026-10-01,2026-10-01T08:00:00Z
component:default/suits,component,suits,https://backstage.example.com/catalog/default/Component/suits,"[""group:default/netflix-infra""]",[],true,"{""component"": {""componentType"": ""service"", ""lifecycle"": ""production""}}",2026-10-01,2026-10-01T08:00:00Z
repository:github.com/streaming-infra/Suits,repository,Suits,https://github.com/streaming-infra/Suits,[],[],true,"{""repository"": {""archived"": false, ""createdAt"": ""2024-01-15T10:00:00.000Z"", ""defaultBranchLastCommit"": {""sha"": ""abc123def456"", ""url"": ""https://github.com/streaming-infra/Suits/commit/abc123def456""}, ""description"": ""Repository for Suits"", ""fullName"": ""streaming-infra/Suits"", ""host"": ""github.com"", ""organization"": ""streaming-infra"", ""pushedAt"": ""2026-09-28T12:00:00.000Z"", ""repositoryName"": ""Suits""}}",2026-10-01,2026-10-01T08:00:00Z
workflow:suits/gabriel_macht,workflow,gabriel_macht,https://backstage.example.com/workflows/gabriel_macht/instances,"[""group:default/netflix-infra""]",[],true,"{""workflow"": {""bqDestinationTableProjects"": [""netflix""], ""bqJobProjects"": [""netflix""], ""enabled"": true, ""offset"": ""PT1H"", ""orchestrationType"": ""orchestrator"", ""parentComponentId"": ""component:default/suits"", ""schedule"": ""days"", ""serviceAccount"": ""suits@netflix.iam.gserviceaccount.com"", ""orchestratorComponentId"": ""suits"", ""orchestratorWorkflowId"": ""gabriel_macht"", ""workflowType"": ""cast-member-query""}}",2026-10-01,2026-10-01T08:00:00Z
workflow:suits/rick_hoffman,workflow,rick_hoffman,https://backstage.example.com/workflows/rick_hoffman/instances,"[""group:default/netflix-infra""]",[],true,"{""workflow"": {""bqDestinationTableProjects"": [""netflix""], ""bqJobProjects"": [""netflix""], ""enabled"": true, ""offset"": ""PT1H"", ""orchestrationType"": ""orchestrator"", ""parentComponentId"": ""component:default/suits"", ""schedule"": ""days"", ""serviceAccount"": ""suits@netflix.iam.gserviceaccount.com"", ""orchestratorComponentId"": ""suits"", ""orchestratorWorkflowId"": ""rick_hoffman"", ""workflowType"": ""cast-member-query""}}",2026-10-01,2026-10-01T08:00:00Z
workflow:suits/sarah_rafferty,workflow,sarah_rafferty,https://backstage.example.com/workflows/sarah_rafferty/instances,"[""group:default/netflix-infra""]",[],true,"{""workflow"": {""bqDestinationTableProjects"": [""netflix""], ""bqJobProjects"": [""netflix""], ""enabled"": true, ""offset"": ""PT15M"", ""orchestrationType"": ""orchestrator"", ""parentComponentId"": ""component:default/suits"", ""schedule"": ""hours"", ""serviceAccount"": ""suits@netflix.iam.gserviceaccount.com"", ""orchestratorComponentId"": ""suits"", ""orchestratorWorkflowId"": ""sarah_rafferty"", ""workflowType"": ""cast-member-query""}}",2026-10-01,2026-10-01T08:00:00Z
workflow:suits/patrick_j_adams,workflow,patrick_j_adams,https://backstage.example.com/workflows/patrick_j_adams/instances,"[""group:default/netflix-infra""]",[],true,"{""workflow"": {""bqDestinationTableProjects"": [""netflix""], ""bqJobProjects"": [""netflix""], ""enabled"": true, ""offset"": ""PT1H"", ""orchestrationType"": ""orchestrator"", ""parentComponentId"": ""component:default/suits"", ""schedule"": ""days"", ""serviceAccount"": ""suits@netflix.iam.gserviceaccount.com"", ""orchestratorComponentId"": ""suits"", ""orchestratorWorkflowId"": ""patrick_j_adams"", ""workflowType"": ""cast-member-query""}}",2026-10-01,2026-10-01T08:00:00Z
workflow:suits/meghan_duchess_of_sussex,workflow,meghan_duchess_of_sussex,https://backstage.example.com/workflows/meghan_duchess_of_sussex/instances,"[""group:default/netflix-infra""]",[],true,"{""workflow"": {""bqDestinationTableProjects"": [""netflix""], ""bqJobProjects"": [""netflix""], ""enabled"": true, ""offset"": ""PT15M"", ""orchestrationType"": ""orchestrator"", ""parentComponentId"": ""component:default/suits"", ""schedule"": ""hours"", ""serviceAccount"": ""suits@netflix.iam.gserviceaccount.com"", ""orchestratorComponentId"": ""suits"", ""orchestratorWorkflowId"": ""meghan_duchess_of_sussex"", ""workflowType"": ""cast-member-query""}}",2026-10-01,2026-10-01T08:00:00Z
component:default/black-mirror,component,black-mirror,https://backstage.example.com/catalog/default/Component/black-mirror,"[""group:default/netflix-infra""]",[],true,"{""component"": {""componentType"": ""service"", ""lifecycle"": ""production""}}",2026-10-01,2026-10-01T08:00:00Z
repository:github.com/streaming-infra/BlackMirror,repository,BlackMirror,https://github.com/streaming-infra/BlackMirror,[],[],true,"{""repository"": {""archived"": false, ""createdAt"": ""2024-01-15T10:00:00.000Z"", ""defaultBranchLastCommit"": {""sha"": ""abc123def456"", ""url"": ""https://github.com/streaming-infra/BlackMirror/commit/abc123def456""}, ""description"": ""Repository for BlackMirror"", ""fullName"": ""streaming-infra/BlackMirror"", ""host"": ""github.com"", ""organization"": ""streaming-infra"", ""pushedAt"": ""2026-09-28T12:00:00.000Z"", ""repositoryName"": ""BlackMirror""}}",2026-10-01,2026-10-01T08:00:00Z
workflow:black-mirror/annabel_jones,workflow,annabel_jones,https://backstage.example.com/workflows/annabel_jones/instances,"[""group:default/netflix-infra""]",[],true,"{""workflow"": {""bqDestinationTableProjects"": [""netflix""], ""bqJobProjects"": [""netflix""], ""enabled"": true, ""offset"": ""PT1H"", ""orchestrationType"": ""orchestrator"", ""parentComponentId"": ""component:default/black-mirror"", ""schedule"": ""days"", ""serviceAccount"": ""black-mirror@netflix.iam.gserviceaccount.com"", ""orchestratorComponentId"": ""black-mirror"", ""orchestratorWorkflowId"": ""annabel_jones"", ""workflowType"": ""crew-member-query""}}",2026-10-01,2026-10-01T08:00:00Z
workflow:black-mirror/charlie_brooker,workflow,charlie_brooker,https://backstage.example.com/workflows/charlie_brooker/instances,"[""group:default/netflix-infra""]",[],true,"{""workflow"": {""bqDestinationTableProjects"": [""netflix""], ""bqJobProjects"": [""netflix""], ""enabled"": true, ""offset"": ""P1D"", ""orchestrationType"": ""orchestrator"", ""parentComponentId"": ""component:default/black-mirror"", ""schedule"": ""weeks"", ""serviceAccount"": ""black-mirror@netflix.iam.gserviceaccount.com"", ""orchestratorComponentId"": ""black-mirror"", ""orchestratorWorkflowId"": ""charlie_brooker"", ""workflowType"": ""crew-member-query""}}",2026-10-01,2026-10-01T08:00:00Z
workflow:black-mirror/ian_hogan,workflow,ian_hogan,https://backstage.example.com/workflows/ian_hogan/instances,"[""group:default/netflix-infra""]",[],true,"{""workflow"": {""bqDestinationTableProjects"": [""netflix""], ""bqJobProjects"": [""netflix""], ""enabled"": true, ""offset"": ""PT1H"", ""orchestrationType"": ""orchestrator"", ""parentComponentId"": ""component:default/black-mirror"", ""schedule"": ""days"", ""serviceAccount"": ""black-mirror@netflix.iam.gserviceaccount.com"", ""orchestratorComponentId"": ""black-mirror"", ""orchestratorWorkflowId"": ""ian_hogan"", ""workflowType"": ""crew-member-query""}}",2026-10-01,2026-10-01T08:00:00Z
workflow:black-mirror/bisha_k_ali,workflow,bisha_k_ali,https://backstage.example.com/workflows/bisha_k_ali/instances,"[""group:default/netflix-infra""]",[],true,"{""workflow"": {""bqDestinationTableProjects"": [""netflix""], ""bqJobProjects"": [""netflix""], ""enabled"": true, ""offset"": ""PT1H"", ""orchestrationType"": ""orchestrator"", ""parentComponentId"": ""component:default/black-mirror"", ""schedule"": ""days"", ""serviceAccount"": ""black-mirror@netflix.iam.gserviceaccount.com"", ""orchestratorComponentId"": ""black-mirror"", ""orchestratorWorkflowId"": ""bisha_k_ali"", ""workflowType"": ""crew-member-query""}}",2026-10-01,2026-10-01T08:00:00Z
component:default/beef,component,beef,https://backstage.example.com/catalog/default/Component/beef,"[""group:default/netflix-infra""]",[],true,"{""component"": {""componentType"": ""service"", ""lifecycle"": ""production""}}",2026-10-01,2026-10-01T08:00:00Z
repository:github.com/streaming-infra/Beef,repository,Beef,https://github.com/streaming-infra/Beef,[],[],true,"{""repository"": {""archived"": false, ""createdAt"": ""2024-01-15T10:00:00.000Z"", ""defaultBranchLastCommit"": {""sha"": ""abc123def456"", ""url"": ""https://github.com/streaming-infra/Beef/commit/abc123def456""}, ""description"": ""Repository for Beef"", ""fullName"": ""streaming-infra/Beef"", ""host"": ""github.com"", ""organization"": ""streaming-infra"", ""pushedAt"": ""2026-09-28T12:00:00.000Z"", ""repositoryName"": ""Beef""}}",2026-10-01,2026-10-01T08:00:00Z
workflow:beef/steven_yeun,workflow,steven_yeun,https://backstage.example.com/workflows/steven_yeun/instances,"[""group:default/netflix-infra""]",[],true,"{""workflow"": {""bqDestinationTableProjects"": [""netflix""], ""bqJobProjects"": [""netflix""], ""enabled"": true, ""offset"": ""PT15M"", ""orchestrationType"": ""orchestrator"", ""parentComponentId"": ""component:default/beef"", ""schedule"": ""hours"", ""serviceAccount"": ""beef@netflix.iam.gserviceaccount.com"", ""orchestratorComponentId"": ""beef"", ""orchestratorWorkflowId"": ""steven_yeun"", ""workflowType"": ""cast-member-query""}}",2026-10-01,2026-10-01T08:00:00Z
workflow:beef/ali_wong,workflow,ali_wong,https://backstage.example.com/workflows/ali_wong/instances,"[""group:default/netflix-infra""]",[],true,"{""workflow"": {""bqDestinationTableProjects"": [""netflix""], ""bqJobProjects"": [""netflix""], ""enabled"": false, ""offset"": ""PT1H"", ""orchestrationType"": ""orchestrator"", ""parentComponentId"": ""component:default/beef"", ""schedule"": ""days"", ""serviceAccount"": ""beef@netflix.iam.gserviceaccount.com"", ""orchestratorComponentId"": ""beef"", ""orchestratorWorkflowId"": ""ali_wong"", ""workflowType"": ""cast-member-query""}}",2026-10-01,2026-10-01T08:00:00Z
workflow:beef/joseph_lee,workflow,joseph_lee,https://backstage.example.com/workflows/joseph_lee/instances,"[""group:default/netflix-infra""]",[],true,"{""workflow"": {""bqDestinationTableProjects"": [""netflix""], ""bqJobProjects"": [""netflix""], ""enabled"": true, ""offset"": ""PT1H"", ""orchestrationType"": ""orchestrator"", ""parentComponentId"": ""component:default/beef"", ""schedule"": ""days"", ""serviceAccount"": ""beef@netflix.iam.gserviceaccount.com"", ""orchestratorComponentId"": ""beef"", ""orchestratorWorkflowId"": ""joseph_lee"", ""workflowType"": ""cast-member-query""}}",2026-10-01,2026-10-01T08:00:00Z
workflow:beef/young_mazino,workflow,young_mazino,https://backstage.example.com/workflows/young_mazino/instances,"[""group:default/netflix-infra""]",[],true,"{""workflow"": {""bqDestinationTableProjects"": [""netflix""], ""bqJobProjects"": [""netflix""], ""enabled"": true, ""offset"": ""PT1H"", ""orchestrationType"": ""orchestrator"", ""parentComponentId"": ""component:default/beef"", ""schedule"": ""days"", ""serviceAccount"": ""beef@netflix.iam.gserviceaccount.com"", ""orchestratorComponentId"": ""beef"", ""orchestratorWorkflowId"": ""young_mazino"", ""workflowType"": ""cast-member-query""}}",2026-10-01,2026-10-01T08:00:00Z
component:default/the-squid-and-the-whale,component,the-squid-and-the-whale,https://backstage.example.com/catalog/default/Component/the-squid-and-the-whale,"[""group:default/netflix-infra""]",[],true,"{""component"": {""componentType"": ""service"", ""lifecycle"": ""production""}}",2026-10-01,2026-10-01T08:00:00Z
repository:github.com/streaming-infra/TheSquidAndTheWhale,repository,TheSquidAndTheWhale,https://github.com/streaming-infra/TheSquidAndTheWhale,[],[],true,"{""repository"": {""archived"": false, ""createdAt"": ""2024-01-15T10:00:00.000Z"", ""defaultBranchLastCommit"": {""sha"": ""abc123def456"", ""url"": ""https://github.com/streaming-infra/TheSquidAndTheWhale/commit/abc123def456""}, ""description"": ""Repository for TheSquidAndTheWhale"", ""fullName"": ""streaming-infra/TheSquidAndTheWhale"", ""host"": ""github.com"", ""organization"": ""streaming-infra"", ""pushedAt"": ""2026-09-28T12:00:00.000Z"", ""repositoryName"": ""TheSquidAndTheWhale""}}",2026-10-01,2026-10-01T08:00:00Z
workflow:the-squid-and-the-whale/jeff_daniels,workflow,jeff_daniels,https://backstage.example.com/workflows/jeff_daniels/instances,"[""group:default/netflix-infra""]",[],true,"{""workflow"": {""bqDestinationTableProjects"": [""netflix""], ""bqJobProjects"": [""netflix""], ""enabled"": true, ""offset"": ""P1D"", ""orchestrationType"": ""orchestrator"", ""parentComponentId"": ""component:default/the-squid-and-the-whale"", ""schedule"": ""weeks"", ""serviceAccount"": ""the-squid-and-the-whale@netflix.iam.gserviceaccount.com"", ""orchestratorComponentId"": ""the-squid-and-the-whale"", ""orchestratorWorkflowId"": ""jeff_daniels"", ""workflowType"": ""cast-member-query""}}",2026-10-01,2026-10-01T08:00:00Z
workflow:the-squid-and-the-whale/laura_linney,workflow,laura_linney,https://backstage.example.com/workflows/laura_linney/instances,"[""group:default/netflix-infra""]",[],true,"{""workflow"": {""bqDestinationTableProjects"": [""netflix""], ""bqJobProjects"": [""netflix""], ""enabled"": true, ""offset"": ""P1D"", ""orchestrationType"": ""orchestrator"", ""parentComponentId"": ""component:default/the-squid-and-the-whale"", ""schedule"": ""weeks"", ""serviceAccount"": ""the-squid-and-the-whale@netflix.iam.gserviceaccount.com"", ""orchestratorComponentId"": ""the-squid-and-the-whale"", ""orchestratorWorkflowId"": ""laura_linney"", ""workflowType"": ""cast-member-query""}}",2026-10-01,2026-10-01T08:00:00Z
workflow:the-squid-and-the-whale/jesse_eisenberg,workflow,jesse_eisenberg,https://backstage.example.com/workflows/jesse_eisenberg/instances,"[""group:default/netflix-infra""]",[],true,"{""workflow"": {""bqDestinationTableProjects"": [""netflix""], ""bqJobProjects"": [""netflix""], ""enabled"": true, ""offset"": ""P1D"", ""orchestrationType"": ""orchestrator"", ""parentComponentId"": ""component:default/the-squid-and-the-whale"", ""schedule"": ""weeks"", ""serviceAccount"": ""the-squid-and-the-whale@netflix.iam.gserviceaccount.com"", ""orchestratorComponentId"": ""the-squid-and-the-whale"", ""orchestratorWorkflowId"": ""jesse_eisenberg"", ""workflowType"": ""cast-member-query""}}",2026-10-01,2026-10-01T08:00:00Z
workflow:the-squid-and-the-whale/owen_kline,workflow,owen_kline,https://backstage.example.com/workflows/owen_kline/instances,"[""group:default/netflix-infra""]",[],true,"{""workflow"": {""bqDestinationTableProjects"": [""netflix""], ""bqJobProjects"": [""netflix""], ""enabled"": true, ""offset"": ""PT1H"", ""orchestrationType"": ""orchestrator"", ""parentComponentId"": ""component:default/the-squid-and-the-whale"", ""schedule"": ""days"", ""serviceAccount"": ""the-squid-and-the-whale@netflix.iam.gserviceaccount.com"", ""orchestratorComponentId"": ""the-squid-and-the-whale"", ""orchestratorWorkflowId"": ""owen_kline"", ""workflowType"": ""cast-member-query""}}",2026-10-01,2026-10-01T08:00:00Z
component:default/the-big-picture,component,the-big-picture,https://backstage.example.com/catalog/default/Component/the-big-picture,"[""group:default/netflix-infra""]",[],true,"{""component"": {""componentType"": ""service"", ""lifecycle"": ""production""}}",2026-10-01,2026-10-01T08:00:00Z
repository:github.com/streaming-infra/TheBigPicture,repository,TheBigPicture,https://github.com/streaming-infra/TheBigPicture,[],[],true,"{""repository"": {""archived"": false, ""createdAt"": ""2024-01-15T10:00:00.000Z"", ""defaultBranchLastCommit"": {""sha"": ""abc123def456"", ""url"": ""https://github.com/streaming-infra/TheBigPicture/commit/abc123def456""}, ""description"": ""Repository for TheBigPicture"", ""fullName"": ""streaming-infra/TheBigPicture"", ""host"": ""github.com"", ""organization"": ""streaming-infra"", ""pushedAt"": ""2026-09-28T12:00:00.000Z"", ""repositoryName"": ""TheBigPicture""}}",2026-10-01,2026-10-01T08:00:00Z
workflow:the-big-picture/kevin_bacon,workflow,kevin_bacon,https://backstage.example.com/workflows/kevin_bacon/instances,"[""group:default/netflix-infra""]",[],true,"{""workflow"": {""bqDestinationTableProjects"": [""netflix""], ""bqJobProjects"": [""netflix""], ""enabled"": true, ""offset"": ""PT1H"", ""orchestrationType"": ""orchestrator"", ""parentComponentId"": ""component:default/the-big-picture"", ""schedule"": ""days"", ""serviceAccount"": ""the-big-picture@netflix.iam.gserviceaccount.com"", ""orchestratorComponentId"": ""the-big-picture"", ""orchestratorWorkflowId"": ""kevin_bacon"", ""workflowType"": ""cast-member-query""}}",2026-10-01,2026-10-01T08:00:00Z
workflow:the-big-picture/emily_longstreth,workflow,emily_longstreth,https://backstage.example.com/workflows/emily_longstreth/instances,"[""group:default/netflix-infra""]",[],true,"{""workflow"": {""bqDestinationTableProjects"": [""netflix""], ""bqJobProjects"": [""netflix""], ""enabled"": true, ""offset"": ""PT1H"", ""orchestrationType"": ""orchestrator"", ""parentComponentId"": ""component:default/the-big-picture"", ""schedule"": ""days"", ""serviceAccount"": ""the-big-picture@netflix.iam.gserviceaccount.com"", ""orchestratorComponentId"": ""the-big-picture"", ""orchestratorWorkflowId"": ""emily_longstreth"", ""workflowType"": ""cast-member-query""}}",2026-10-01,2026-10-01T08:00:00Z
workflow:the-big-picture/jt_walsh,workflow,jt_walsh,https://backstage.example.com/workflows/jt_walsh/instances,"[""group:default/netflix-infra""]",[],true,"{""workflow"": {""bqDestinationTableProjects"": [""netflix""], ""bqJobProjects"": [""netflix""], ""enabled"": true, ""offset"": ""PT1H"", ""orchestrationType"": ""orchestrator"", ""parentComponentId"": ""component:default/the-big-picture"", ""schedule"": ""days"", ""serviceAccount"": ""the-big-picture@netflix.iam.gserviceaccount.com"", ""orchestratorComponentId"": ""the-big-picture"", ""orchestratorWorkflowId"": ""jt_walsh"", ""workflowType"": ""cast-member-query""}}",2026-10-01,2026-10-01T08:00:00Z
gcp-project:hbo-max,gcp_project,hbo-max,https://console.cloud.google.com/home/dashboard?project=hbo-max,"[""group:default/hbo-max-infra""]",[],true,"{""gcp-project"": {""project_id"": ""hbo-max""}}",2026-10-01,2026-10-01T08:00:00Z
component:default/one-battle-after-another,component,one-battle-after-another,https://backstage.example.com/catalog/default/Component/one-battle-after-another,"[""group:default/hbo-max-infra""]",[],true,"{""component"": {""componentType"": ""service"", ""lifecycle"": ""production""}}",2026-10-01,2026-10-01T08:00:00Z
repository:github.com/streaming-infra/OneBattleAfterAnother,repository,OneBattleAfterAnother,https://github.com/streaming-infra/OneBattleAfterAnother,[],[],true,"{""repository"": {""archived"": false, ""createdAt"": ""2024-01-15T10:00:00.000Z"", ""defaultBranchLastCommit"": {""sha"": ""abc123def456"", ""url"": ""https://github.com/streaming-infra/OneBattleAfterAnother/commit/abc123def456""}, ""description"": ""Repository for OneBattleAfterAnother"", ""fullName"": ""streaming-infra/OneBattleAfterAnother"", ""host"": ""github.com"", ""organization"": ""streaming-infra"", ""pushedAt"": ""2026-09-28T12:00:00.000Z"", ""repositoryName"": ""OneBattleAfterAnother""}}",2026-10-01,2026-10-01T08:00:00Z
workflow:one-battle-after-another/sean_penn,workflow,sean_penn,https://backstage.example.com/workflows/sean_penn/instances,"[""group:default/hbo-max-infra""]",[],true,"{""workflow"": {""bqDestinationTableProjects"": [""hbo-max""], ""bqJobProjects"": [""hbo-max""], ""enabled"": true, ""offset"": ""PT1H"", ""orchestrationType"": ""orchestrator"", ""parentComponentId"": ""component:default/one-battle-after-another"", ""schedule"": ""days"", ""serviceAccount"": ""one-battle-after-another@hbo-max.iam.gserviceaccount.com"", ""orchestratorComponentId"": ""one-battle-after-another"", ""orchestratorWorkflowId"": ""sean_penn"", ""workflowType"": ""cast-member-query""}}",2026-10-01,2026-10-01T08:00:00Z
workflow:one-battle-after-another/chase_infiniti,workflow,chase_infiniti,https://backstage.example.com/workflows/chase_infiniti/instances,"[""group:default/hbo-max-infra""]",[],true,"{""workflow"": {""bqDestinationTableProjects"": [""hbo-max""], ""bqJobProjects"": [""hbo-max""], ""enabled"": true, ""offset"": ""PT1H"", ""orchestrationType"": ""orchestrator"", ""parentComponentId"": ""component:default/one-battle-after-another"", ""schedule"": ""days"", ""serviceAccount"": ""one-battle-after-another@hbo-max.iam.gserviceaccount.com"", ""orchestratorComponentId"": ""one-battle-after-another"", ""orchestratorWorkflowId"": ""chase_infiniti"", ""workflowType"": ""cast-member-query""}}",2026-10-01,2026-10-01T08:00:00Z
workflow:one-battle-after-another/benicio_del_toro,workflow,benicio_del_toro,https://backstage.example.com/workflows/benicio_del_toro/instances,"[""group:default/hbo-max-infra""]",[],true,"{""workflow"": {""bqDestinationTableProjects"": [""hbo-max""], ""bqJobProjects"": [""hbo-max""], ""enabled"": true, ""offset"": ""PT15M"", ""orchestrationType"": ""orchestrator"", ""parentComponentId"": ""component:default/one-battle-after-another"", ""schedule"": ""hours"", ""serviceAccount"": ""one-battle-after-another@hbo-max.iam.gserviceaccount.com"", ""orchestratorComponentId"": ""one-battle-after-another"", ""orchestratorWorkflowId"": ""benicio_del_toro"", ""workflowType"": ""cast-member-query""}}",2026-10-01,2026-10-01T08:00:00Z
component:default/sinners,component,sinners,https://backstage.example.com/catalog/default/Component/sinners,"[""group:default/hbo-max-infra""]",[],true,"{""component"": {""componentType"": ""service"", ""lifecycle"": ""production""}}",2026-10-01,2026-10-01T08:00:00Z
repository:github.com/streaming-infra/Sinners,repository,Sinners,https://github.com/streaming-infra/Sinners,[],[],true,"{""repository"": {""archived"": false, ""createdAt"": ""2024-01-15T10:00:00.000Z"", ""defaultBranchLastCommit"": {""sha"": ""abc123def456"", ""url"": ""https://github.com/streaming-infra/Sinners/commit/abc123def456""}, ""description"": ""Repository for Sinners"", ""fullName"": ""streaming-infra/Sinners"", ""host"": ""github.com"", ""organization"": ""streaming-infra"", ""pushedAt"": ""2026-09-28T12:00:00.000Z"", ""repositoryName"": ""Sinners""}}",2026-10-01,2026-10-01T08:00:00Z
workflow:sinners/michael_b_jordan,workflow,michael_b_jordan,https://backstage.example.com/workflows/michael_b_jordan/instances,"[""group:default/hbo-max-infra""]",[],true,"{""workflow"": {""bqDestinationTableProjects"": [""hbo-max""], ""bqJobProjects"": [""hbo-max""], ""enabled"": true, ""offset"": ""P1D"", ""orchestrationType"": ""orchestrator"", ""parentComponentId"": ""component:default/sinners"", ""schedule"": ""weeks"", ""serviceAccount"": ""sinners@hbo-max.iam.gserviceaccount.com"", ""orchestratorComponentId"": ""sinners"", ""orchestratorWorkflowId"": ""michael_b_jordan"", ""workflowType"": ""cast-member-query""}}",2026-10-01,2026-10-01T08:00:00Z
workflow:sinners/hailee_steinfeld,workflow,hailee_steinfeld,https://backstage.example.com/workflows/hailee_steinfeld/instances,"[""group:default/hbo-max-infra""]",[],true,"{""workflow"": {""bqDestinationTableProjects"": [""hbo-max""], ""bqJobProjects"": [""hbo-max""], ""enabled"": true, ""offset"": ""PT1H"", ""orchestrationType"": ""orchestrator"", ""parentComponentId"": ""component:default/sinners"", ""schedule"": ""days"", ""serviceAccount"": ""sinners@hbo-max.iam.gserviceaccount.com"", ""orchestratorComponentId"": ""sinners"", ""orchestratorWorkflowId"": ""hailee_steinfeld"", ""workflowType"": ""cast-member-query""}}",2026-10-01,2026-10-01T08:00:00Z
workflow:sinners/miles_caton,workflow,miles_caton,https://backstage.example.com/workflows/miles_caton/instances,"[""group:default/hbo-max-infra""]",[],true,"{""workflow"": {""bqDestinationTableProjects"": [""hbo-max""], ""bqJobProjects"": [""hbo-max""], ""enabled"": true, ""offset"": ""PT1H"", ""orchestrationType"": ""orchestrator"", ""parentComponentId"": ""component:default/sinners"", ""schedule"": ""days"", ""serviceAccount"": ""sinners@hbo-max.iam.gserviceaccount.com"", ""orchestratorComponentId"": ""sinners"", ""orchestratorWorkflowId"": ""miles_caton"", ""workflowType"": ""cast-member-query""}}",2026-10-01,2026-10-01T08:00:00Z
workflow:sinners/jack_oconnell,workflow,jack_oconnell,https://backstage.example.com/workflows/jack_oconnell/instances,"[""group:default/hbo-max-infra""]",[],true,"{""workflow"": {""bqDestinationTableProjects"": [""hbo-max""], ""bqJobProjects"": [""hbo-max""], ""enabled"": true, ""offset"": ""PT1H"", ""orchestrationType"": ""orchestrator"", ""parentComponentId"": ""component:default/sinners"", ""schedule"": ""days"", ""serviceAccount"": ""sinners@hbo-max.iam.gserviceaccount.com"", ""orchestratorComponentId"": ""sinners"", ""orchestratorWorkflowId"": ""jack_oconnell"", ""workflowType"": ""cast-member-query""}}",2026-10-01,2026-10-01T08:00:00Z
workflow:sinners/wunmi_mosaku,workflow,wunmi_mosaku,https://backstage.example.com/workflows/wunmi_mosaku/instances,"[""group:default/hbo-max-infra""]",[],true,"{""workflow"": {""bqDestinationTableProjects"": [""hbo-max""], ""bqJobProjects"": [""hbo-max""], ""enabled"": true, ""offset"": ""P1D"", ""orchestrationType"": ""orchestrator"", ""parentComponentId"": ""component:default/sinners"", ""schedule"": ""weeks"", ""serviceAccount"": ""sinners@hbo-max.iam.gserviceaccount.com"", ""orchestratorComponentId"": ""sinners"", ""orchestratorWorkflowId"": ""wunmi_mosaku"", ""workflowType"": ""cast-member-query""}}",2026-10-01,2026-10-01T08:00:00Z
component:default/materialists,component,materialists,https://backstage.example.com/catalog/default/Component/materialists,"[""group:default/hbo-max-infra""]",[],true,"{""component"": {""componentType"": ""service"", ""lifecycle"": ""production""}}",2026-10-01,2026-10-01T08:00:00Z
repository:github.com/streaming-infra/Materialists,repository,Materialists,https://github.com/streaming-infra/Materialists,[],[],true,"{""repository"": {""archived"": false, ""createdAt"": ""2024-01-15T10:00:00.000Z"", ""defaultBranchLastCommit"": {""sha"": ""abc123def456"", ""url"": ""https://github.com/streaming-infra/Materialists/commit/abc123def456""}, ""description"": ""Repository for Materialists"", ""fullName"": ""streaming-infra/Materialists"", ""host"": ""github.com"", ""organization"": ""streaming-infra"", ""pushedAt"": ""2026-09-28T12:00:00.000Z"", ""repositoryName"": ""Materialists""}}",2026-10-01,2026-10-01T08:00:00Z
workflow:materialists/dakota_johnson,workflow,dakota_johnson,https://backstage.example.com/workflows/dakota_johnson/instances,"[""group:default/hbo-max-infra""]",[],true,"{""workflow"": {""bqDestinationTableProjects"": [""hbo-max""], ""bqJobProjects"": [""hbo-max""], ""enabled"": true, ""offset"": ""PT15M"", ""orchestrationType"": ""orchestrator"", ""parentComponentId"": ""component:default/materialists"", ""schedule"": ""hours"", ""serviceAccount"": ""materialists@hbo-max.iam.gserviceaccount.com"", ""orchestratorComponentId"": ""materialists"", ""orchestratorWorkflowId"": ""dakota_johnson"", ""workflowType"": ""cast-member-query""}}",2026-10-01,2026-10-01T08:00:00Z
workflow:materialists/chris_evans,workflow,chris_evans,https://backstage.example.com/workflows/chris_evans/instances,"[""group:default/hbo-max-infra""]",[],true,"{""workflow"": {""bqDestinationTableProjects"": [""hbo-max""], ""bqJobProjects"": [""hbo-max""], ""enabled"": true, ""offset"": ""PT1H"", ""orchestrationType"": ""orchestrator"", ""parentComponentId"": ""component:default/materialists"", ""schedule"": ""days"", ""serviceAccount"": ""materialists@hbo-max.iam.gserviceaccount.com"", ""orchestratorComponentId"": ""materialists"", ""orchestratorWorkflowId"": ""chris_evans"", ""workflowType"": ""cast-member-query""}}",2026-10-01,2026-10-01T08:00:00Z
workflow:materialists/pedro_pascal,workflow,pedro_pascal,https://backstage.example.com/workflows/pedro_pascal/instances,"[""group:default/hbo-max-infra""]",[],true,"{""workflow"": {""bqDestinationTableProjects"": [""hbo-max""], ""bqJobProjects"": [""hbo-max""], ""enabled"": true, ""offset"": ""PT1H"", ""orchestrationType"": ""orchestrator"", ""parentComponentId"": ""component:default/materialists"", ""schedule"": ""days"", ""serviceAccount"": ""materialists@hbo-max.iam.gserviceaccount.com"", ""orchestratorComponentId"": ""materialists"", ""orchestratorWorkflowId"": ""pedro_pascal"", ""workflowType"": ""cast-member-query""}}",2026-10-01,2026-10-01T08:00:00Z
workflow:materialists/zo_winters,workflow,zo_winters,https://backstage.example.com/workflows/zo_winters/instances,"[""group:default/hbo-max-infra""]",[],true,"{""workflow"": {""bqDestinationTableProjects"": [""hbo-max""], ""bqJobProjects"": [""hbo-max""], ""enabled"": true, ""offset"": ""PT1H"", ""orchestrationType"": ""orchestrator"", ""parentComponentId"": ""component:default/materialists"", ""schedule"": ""days"", ""serviceAccount"": ""materialists@hbo-max.iam.gserviceaccount.com"", ""orchestratorComponentId"": ""materialists"", ""orchestratorWorkflowId"": ""zo_winters"", ""workflowType"": ""cast-member-query""}}",2026-10-01,2026-10-01T08:00:00Z
component:default/marty-supreme,component,marty-supreme,https://backstage.example.com/catalog/default/Component/marty-supreme,"[""group:default/hbo-max-infra""]",[],true,"{""component"": {""componentType"": ""service"", ""lifecycle"": ""production""}}",2026-10-01,2026-10-01T08:00:00Z
repository:github.com/streaming-infra/MartySupreme,repository,MartySupreme,https://github.com/streaming-infra/MartySupreme,[],[],true,"{""repository"": {""archived"": false, ""createdAt"": ""2024-01-15T10:00:00.000Z"", ""defaultBranchLastCommit"": {""sha"": ""abc123def456"", ""url"": ""https://github.com/streaming-infra/MartySupreme/commit/abc123def456""}, ""description"": ""Repository for MartySupreme"", ""fullName"": ""streaming-infra/MartySupreme"", ""host"": ""github.com"", ""organization"": ""streaming-infra"", ""pushedAt"": ""2026-09-28T12:00:00.000Z"", ""repositoryName"": ""MartySupreme""}}",2026-10-01,2026-10-01T08:00:00Z
workflow:marty-supreme/timothe_chalamet,workflow,timothe_chalamet,https://backstage.example.com/workflows/timothe_chalamet/instances,"[""group:default/hbo-max-infra""]",[],true,"{""workflow"": {""bqDestinationTableProjects"": [""hbo-max""], ""bqJobProjects"": [""hbo-max""], ""enabled"": false, ""offset"": ""PT1H"", ""orchestrationType"": ""orchestrator"", ""parentComponentId"": ""component:default/marty-supreme"", ""schedule"": ""days"", ""serviceAccount"": ""marty-supreme@hbo-max.iam.gserviceaccount.com"", ""orchestratorComponentId"": ""marty-supreme"", ""orchestratorWorkflowId"": ""timothe_chalamet"", ""workflowType"": ""cast-member-query""}}",2026-10-01,2026-10-01T08:00:00Z
workflow:marty-supreme/gwyneth_paltrow,workflow,gwyneth_paltrow,https://backstage.example.com/workflows/gwyneth_paltrow/instances,"[""group:default/hbo-max-infra""]",[],true,"{""workflow"": {""bqDestinationTableProjects"": [""hbo-max""], ""bqJobProjects"": [""hbo-max""], ""enabled"": true, ""offset"": ""PT1H"", ""orchestrationType"": ""orchestrator"", ""parentComponentId"": ""component:default/marty-supreme"", ""schedule"": ""days"", ""serviceAccount"": ""marty-supreme@hbo-max.iam.gserviceaccount.com"", ""orchestratorComponentId"": ""marty-supreme"", ""orchestratorWorkflowId"": ""gwyneth_paltrow"", ""workflowType"": ""cast-member-query""}}",2026-10-01,2026-10-01T08:00:00Z
workflow:marty-supreme/odessa_azion,workflow,odessa_azion,https://backstage.example.com/workflows/odessa_azion/instances,"[""group:default/hbo-max-infra""]",[],true,"{""workflow"": {""bqDestinationTableProjects"": [""hbo-max""], ""bqJobProjects"": [""hbo-max""], ""enabled"": true, ""offset"": ""P1D"", ""orchestrationType"": ""orchestrator"", ""parentComponentId"": ""component:default/marty-supreme"", ""schedule"": ""weeks"", ""serviceAccount"": ""marty-supreme@hbo-max.iam.gserviceaccount.com"", ""orchestratorComponentId"": ""marty-supreme"", ""orchestratorWorkflowId"": ""odessa_azion"", ""workflowType"": ""cast-member-query""}}",2026-10-01,2026-10-01T08:00:00Z
component:default/the-brutalist,component,the-brutalist,https://backstage.example.com/catalog/default/Component/the-brutalist,"[""group:default/hbo-max-infra""]",[],true,"{""component"": {""componentType"": ""service"", ""lifecycle"": ""production""}}",2026-10-01,2026-10-01T08:00:00Z
repository:github.com/streaming-infra/TheBrutalist,repository,TheBrutalist,https://github.com/streaming-infra/TheBrutalist,[],[],true,"{""repository"": {""archived"": false, ""createdAt"": ""2024-01-15T10:00:00.000Z"", ""defaultBranchLastCommit"": {""sha"": ""abc123def456"", ""url"": ""https://github.com/streaming-infra/TheBrutalist/commit/abc123def456""}, ""description"": ""Repository for TheBrutalist"", ""fullName"": ""streaming-infra/TheBrutalist"", ""host"": ""github.com"", ""organization"": ""streaming-infra"", ""pushedAt"": ""2026-09-28T12:00:00.000Z"", ""repositoryName"": ""TheBrutalist""}}",2026-10-01,2026-10-01T08:00:00Z
workflow:the-brutalist/adrien_brody,workflow,adrien_brody,https://backstage.example.com/workflows/adrien_brody/instances,"[""group:default/hbo-max-infra""]",[],true,"{""workflow"": {""bqDestinationTableProjects"": [""hbo-max""], ""bqJobProjects"": [""hbo-max""], ""enabled"": true, ""offset"": ""PT1H"", ""orchestrationType"": ""orchestrator"", ""parentComponentId"": ""component:default/the-brutalist"", ""schedule"": ""days"", ""serviceAccount"": ""the-brutalist@hbo-max.iam.gserviceaccount.com"", ""orchestratorComponentId"": ""the-brutalist"", ""orchestratorWorkflowId"": ""adrien_brody"", ""workflowType"": ""cast-member-query""}}",2026-10-01,2026-10-01T08:00:00Z
workflow:the-brutalist/guy_pearce,workflow,guy_pearce,https://backstage.example.com/workflows/guy_pearce/instances,"[""group:default/hbo-max-infra""]",[],true,"{""workflow"": {""bqDestinationTableProjects"": [""hbo-max""], ""bqJobProjects"": [""hbo-max""], ""enabled"": true, ""offset"": ""P1D"", ""orchestrationType"": ""orchestrator"", ""parentComponentId"": ""component:default/the-brutalist"", ""schedule"": ""weeks"", ""serviceAccount"": ""the-brutalist@hbo-max.iam.gserviceaccount.com"", ""orchestratorComponentId"": ""the-brutalist"", ""orchestratorWorkflowId"": ""guy_pearce"", ""workflowType"": ""cast-member-query""}}",2026-10-01,2026-10-01T08:00:00Z
workflow:the-brutalist/joe_alwyn,workflow,joe_alwyn,https://backstage.example.com/workflows/joe_alwyn/instances,"[""group:default/hbo-max-infra""]",[],true,"{""workflow"": {""bqDestinationTableProjects"": [""hbo-max""], ""bqJobProjects"": [""hbo-max""], ""enabled"": true, ""offset"": ""PT15M"", ""orchestrationType"": ""orchestrator"", ""parentComponentId"": ""component:default/the-brutalist"", ""schedule"": ""hours"", ""serviceAccount"": ""the-brutalist@hbo-max.iam.gserviceaccount.com"", ""orchestratorComponentId"": ""the-brutalist"", ""orchestratorWorkflowId"": ""joe_alwyn"", ""workflowType"": ""cast-member-query""}}",2026-10-01,2026-10-01T08:00:00Z
workflow:the-brutalist/raffey_cassidy,workflow,raffey_cassidy,https://backstage.example.com/workflows/raffey_cassidy/instances,"[""group:default/hbo-max-infra""]",[],true,"{""workflow"": {""bqDestinationTableProjects"": [""hbo-max""], ""bqJobProjects"": [""hbo-max""], ""enabled"": true, ""offset"": ""PT1H"", ""orchestrationType"": ""orchestrator"", ""parentComponentId"": ""component:default/the-brutalist"", ""schedule"": ""days"", ""serviceAccount"": ""the-brutalist@hbo-max.iam.gserviceaccount.com"", ""orchestratorComponentId"": ""the-brutalist"", ""orchestratorWorkflowId"": ""raffey_cassidy"", ""workflowType"": ""cast-member-query""}}",2026-10-01,2026-10-01T08:00:00Z
workflow:the-brutalist/stacy_martin,workflow,stacy_martin,https://backstage.example.com/workflows/stacy_martin/instances,"[""group:default/hbo-max-infra""]",[],true,"{""workflow"": {""bqDestinationTableProjects"": [""hbo-max""], ""bqJobProjects"": [""hbo-max""], ""enabled"": true, ""offset"": ""P1D"", ""orchestrationType"": ""orchestrator"", ""parentComponentId"": ""component:default/the-brutalist"", ""schedule"": ""weeks"", ""serviceAccount"": ""the-brutalist@hbo-max.iam.gserviceaccount.com"", ""orchestratorComponentId"": ""the-brutalist"", ""orchestratorWorkflowId"": ""stacy_martin"", ""workflowType"": ""cast-member-query""}}",2026-10-01,2026-10-01T08:00:00Z
component:default/lanterns,component,lanterns,https://backstage.example.com/catalog/default/Component/lanterns,"[""group:default/hbo-max-infra""]",[],true,"{""component"": {""componentType"": ""service"", ""lifecycle"": ""production""}}",2026-10-01,2026-10-01T08:00:00Z
repository:github.com/streaming-infra/Lanterns,repository,Lanterns,https://github.com/streaming-infra/Lanterns,[],[],true,"{""repository"": {""archived"": false, ""createdAt"": ""2024-01-15T10:00:00.000Z"", ""defaultBranchLastCommit"": {""sha"": ""abc123def456"", ""url"": ""https://github.com/streaming-infra/Lanterns/commit/abc123def456""}, ""description"": ""Repository for Lanterns"", ""fullName"": ""streaming-infra/Lanterns"", ""host"": ""github.com"", ""organization"": ""streaming-infra"", ""pushedAt"": ""2026-09-28T12:00:00.000Z"", ""repositoryName"": ""Lanterns""}}",2026-10-01,2026-10-01T08:00:00Z
workflow:lanterns/kyle_chandler,workflow,kyle_chandler,https://backstage.example.com/workflows/kyle_chandler/instances,"[""group:default/hbo-max-infra""]",[],true,"{""workflow"": {""bqDestinationTableProjects"": [""hbo-max""], ""bqJobProjects"": [""hbo-max""], ""enabled"": true, ""offset"": ""PT1H"", ""orchestrationType"": ""orchestrator"", ""parentComponentId"": ""component:default/lanterns"", ""schedule"": ""days"", ""serviceAccount"": ""lanterns@hbo-max.iam.gserviceaccount.com"", ""orchestratorComponentId"": ""lanterns"", ""orchestratorWorkflowId"": ""kyle_chandler"", ""workflowType"": ""cast-member-query""}}",2026-10-01,2026-10-01T08:00:00Z
workflow:lanterns/aaron_pierre,workflow,aaron_pierre,https://backstage.example.com/workflows/aaron_pierre/instances,"[""group:default/hbo-max-infra""]",[],true,"{""workflow"": {""bqDestinationTableProjects"": [""hbo-max""], ""bqJobProjects"": [""hbo-max""], ""enabled"": true, ""offset"": ""P1D"", ""orchestrationType"": ""orchestrator"", ""parentComponentId"": ""component:default/lanterns"", ""schedule"": ""weeks"", ""serviceAccount"": ""lanterns@hbo-max.iam.gserviceaccount.com"", ""orchestratorComponentId"": ""lanterns"", ""orchestratorWorkflowId"": ""aaron_pierre"", ""workflowType"": ""cast-member-query""}}",2026-10-01,2026-10-01T08:00:00Z
workflow:lanterns/kelly_macdonald,workflow,kelly_macdonald,https://backstage.example.com/workflows/kelly_macdonald/instances,"[""group:default/hbo-max-infra""]",[],true,"{""workflow"": {""bqDestinationTableProjects"": [""hbo-max""], ""bqJobProjects"": [""hbo-max""], ""enabled"": true, ""offset"": ""PT1H"", ""orchestrationType"": ""orchestrator"", ""parentComponentId"": ""component:default/lanterns"", ""schedule"": ""days"", ""serviceAccount"": ""lanterns@hbo-max.iam.gserviceaccount.com"", ""orchestratorComponentId"": ""lanterns"", ""orchestratorWorkflowId"": ""kelly_macdonald"", ""workflowType"": ""cast-member-query""}}",2026-10-01,2026-10-01T08:00:00Z
workflow:lanterns/j_alphonse_nicholson,workflow,j_alphonse_nicholson,https://backstage.example.com/workflows/j_alphonse_nicholson/instances,"[""group:default/hbo-max-infra""]",[],true,"{""workflow"": {""bqDestinationTableProjects"": [""hbo-max""], ""bqJobProjects"": [""hbo-max""], ""enabled"": true, ""offset"": ""P1D"", ""orchestrationType"": ""orchestrator"", ""parentComponentId"": ""component:default/lanterns"", ""schedule"": ""weeks"", ""serviceAccount"": ""lanterns@hbo-max.iam.gserviceaccount.com"", ""orchestratorComponentId"": ""lanterns"", ""orchestratorWorkflowId"": ""j_alphonse_nicholson"", ""workflowType"": ""cast-member-query""}}",2026-10-01,2026-10-01T08:00:00Z
component:default/game-of-thrones,component,game-of-thrones,https://backstage.example.com/catalog/default/Component/game-of-thrones,"[""group:default/hbo-max-infra""]",[],true,"{""component"": {""componentType"": ""service"", ""lifecycle"": ""production""}}",2026-10-01,2026-10-01T08:00:00Z
repository:github.com/streaming-infra/GameOfThrones,repository,GameOfThrones,https://github.com/streaming-infra/GameOfThrones,[],[],true,"{""repository"": {""archived"": false, ""createdAt"": ""2024-01-15T10:00:00.000Z"", ""defaultBranchLastCommit"": {""sha"": ""abc123def456"", ""url"": ""https://github.com/streaming-infra/GameOfThrones/commit/abc123def456""}, ""description"": ""Repository for GameOfThrones"", ""fullName"": ""streaming-infra/GameOfThrones"", ""host"": ""github.com"", ""organization"": ""streaming-infra"", ""pushedAt"": ""2026-09-28T12:00:00.000Z"", ""repositoryName"": ""GameOfThrones""}}",2026-10-01,2026-10-01T08:00:00Z
workflow:game-of-thrones/tyrion_the_halfman_lannister,workflow,tyrion_the_halfman_lannister,https://backstage.example.com/workflows/tyrion_the_halfman_lannister/instances,"[""group:default/hbo-max-infra""]",[],true,"{""workflow"": {""bqDestinationTableProjects"": [""hbo-max""], ""bqJobProjects"": [""hbo-max""], ""enabled"": true, ""offset"": ""PT1H"", ""orchestrationType"": ""orchestrator"", ""parentComponentId"": ""component:default/game-of-thrones"", ""schedule"": ""days"", ""serviceAccount"": ""game-of-thrones@hbo-max.iam.gserviceaccount.com"", ""orchestratorComponentId"": ""game-of-thrones"", ""orchestratorWorkflowId"": ""tyrion_the_halfman_lannister"", ""workflowType"": ""character-query""}}",2026-10-01,2026-10-01T08:00:00Z
workflow:game-of-thrones/jon_snow,workflow,jon_snow,https://backstage.example.com/workflows/jon_snow/instances,"[""group:default/hbo-max-infra""]",[],true,"{""workflow"": {""bqDestinationTableProjects"": [""hbo-max""], ""bqJobProjects"": [""hbo-max""], ""enabled"": true, ""offset"": ""PT1H"", ""orchestrationType"": ""orchestrator"", ""parentComponentId"": ""component:default/game-of-thrones"", ""schedule"": ""days"", ""serviceAccount"": ""game-of-thrones@hbo-max.iam.gserviceaccount.com"", ""orchestratorComponentId"": ""game-of-thrones"", ""orchestratorWorkflowId"": ""jon_snow"", ""workflowType"": ""character-query""}}",2026-10-01,2026-10-01T08:00:00Z
workflow:game-of-thrones/sir_jaime_kingslayer_lannister,workflow,sir_jaime_kingslayer_lannister,https://backstage.example.com/workflows/sir_jaime_kingslayer_lannister/instances,"[""group:default/hbo-max-infra""]",[],true,"{""workflow"": {""bqDestinationTableProjects"": [""hbo-max""], ""bqJobProjects"": [""hbo-max""], ""enabled"": true, ""offset"": ""PT15M"", ""orchestrationType"": ""orchestrator"", ""parentComponentId"": ""component:default/game-of-thrones"", ""schedule"": ""hours"", ""serviceAccount"": ""game-of-thrones@hbo-max.iam.gserviceaccount.com"", ""orchestratorComponentId"": ""game-of-thrones"", ""orchestratorWorkflowId"": ""sir_jaime_kingslayer_lannister"", ""workflowType"": ""character-query""}}",2026-10-01,2026-10-01T08:00:00Z
workflow:game-of-thrones/cersei_lannister,workflow,cersei_lannister,https://backstage.example.com/workflows/cersei_lannister/instances,"[""group:default/hbo-max-infra""]",[],true,"{""workflow"": {""bqDestinationTableProjects"": [""hbo-max""], ""bqJobProjects"": [""hbo-max""], ""enabled"": false, ""offset"": ""PT1H"", ""orchestrationType"": ""orchestrator"", ""parentComponentId"": ""component:default/game-of-thrones"", ""schedule"": ""days"", ""serviceAccount"": ""game-of-thrones@hbo-max.iam.gserviceaccount.com"", ""orchestratorComponentId"": ""game-of-thrones"", ""orchestratorWorkflowId"": ""cersei_lannister"", ""workflowType"": ""character-query""}}",2026-10-01,2026-10-01T08:00:00Z
workflow:game-of-thrones/daenerys_targaryen,workflow,daenerys_targaryen,https://backstage.example.com/workflows/daenerys_targaryen/instances,"[""group:default/hbo-max-infra""]",[],true,"{""workflow"": {""bqDestinationTableProjects"": [""hbo-max""], ""bqJobProjects"": [""hbo-max""], ""enabled"": true, ""offset"": ""PT1H"", ""orchestrationType"": ""orchestrator"", ""parentComponentId"": ""component:default/game-of-thrones"", ""schedule"": ""days"", ""serviceAccount"": ""game-of-thrones@hbo-max.iam.gserviceaccount.com"", ""orchestratorComponentId"": ""game-of-thrones"", ""orchestratorWorkflowId"": ""daenerys_targaryen"", ""workflowType"": ""character-query""}}",2026-10-01,2026-10-01T08:00:00Z
workflow:game-of-thrones/arya_stark,workflow,arya_stark,https://backstage.example.com/workflows/arya_stark/instances,"[""group:default/hbo-max-infra""]",[],true,"{""workflow"": {""bqDestinationTableProjects"": [""hbo-max""], ""bqJobProjects"": [""hbo-max""], ""enabled"": true, ""offset"": ""PT15M"", ""orchestrationType"": ""orchestrator"", ""parentComponentId"": ""component:default/game-of-thrones"", ""schedule"": ""hours"", ""serviceAccount"": ""game-of-thrones@hbo-max.iam.gserviceaccount.com"", ""orchestratorComponentId"": ""game-of-thrones"", ""orchestratorWorkflowId"": ""arya_stark"", ""workflowType"": ""character-query""}}",2026-10-01,2026-10-01T08:00:00Z
workflow:game-of-thrones/brandon_bran_stark,workflow,brandon_bran_stark,https://backstage.example.com/workflows/brandon_bran_stark/instances,"[""group:default/hbo-max-infra""]",[],true,"{""workflow"": {""bqDestinationTableProjects"": [""hbo-max""], ""bqJobProjects"": [""hbo-max""], ""enabled"": true, ""offset"": ""PT1H"", ""orchestrationType"": ""orchestrator"", ""parentComponentId"": ""component:default/game-of-thrones"", ""schedule"": ""days"", ""serviceAccount"": ""game-of-thrones@hbo-max.iam.gserviceaccount.com"", ""orchestratorComponentId"": ""game-of-thrones"", ""orchestratorWorkflowId"": ""brandon_bran_stark"", ""workflowType"": ""character-query""}}",2026-10-01,2026-10-01T08:00:00Z
workflow:game-of-thrones/sansa_stark,workflow,sansa_stark,https://backstage.example.com/workflows/sansa_stark/instances,"[""group:default/hbo-max-infra""]",[],true,"{""workflow"": {""bqDestinationTableProjects"": [""hbo-max""], ""bqJobProjects"": [""hbo-max""], ""enabled"": true, ""offset"": ""PT1H"", ""orchestrationType"": ""orchestrator"", ""parentComponentId"": ""component:default/game-of-thrones"", ""schedule"": ""days"", ""serviceAccount"": ""game-of-thrones@hbo-max.iam.gserviceaccount.com"", ""orchestratorComponentId"": ""game-of-thrones"", ""orchestratorWorkflowId"": ""sansa_stark"", ""workflowType"": ""character-query""}}",2026-10-01,2026-10-01T08:00:00Z
workflow:game-of-thrones/ser_jorah_mormont,workflow,ser_jorah_mormont,https://backstage.example.com/workflows/ser_jorah_mormont/instances,"[""group:default/hbo-max-infra""]",[],true,"{""workflow"": {""bqDestinationTableProjects"": [""hbo-max""], ""bqJobProjects"": [""hbo-max""], ""enabled"": true, ""offset"": ""PT15M"", ""orchestrationType"": ""orchestrator"", ""parentComponentId"": ""component:default/game-of-thrones"", ""schedule"": ""hours"", ""serviceAccount"": ""game-of-thrones@hbo-max.iam.gserviceaccount.com"", ""orchestratorComponentId"": ""game-of-thrones"", ""orchestratorWorkflowId"": ""ser_jorah_mormont"", ""workflowType"": ""character-query""}}",2026-10-01,2026-10-01T08:00:00Z
workflow:game-of-thrones/samwell_sam_tarly,workflow,samwell_sam_tarly,https://backstage.example.com/workflows/samwell_sam_tarly/instances,"[""group:default/hbo-max-infra""]",[],true,"{""workflow"": {""bqDestinationTableProjects"": [""hbo-max""], ""bqJobProjects"": [""hbo-max""], ""enabled"": true, ""offset"": ""PT15M"", ""orchestrationType"": ""orchestrator"", ""parentComponentId"": ""component:default/game-of-thrones"", ""schedule"": ""hours"", ""serviceAccount"": ""game-of-thrones@hbo-max.iam.gserviceaccount.com"", ""orchestratorComponentId"": ""game-of-thrones"", ""orchestratorWorkflowId"": ""samwell_sam_tarly"", ""workflowType"": ""character-query""}}",2026-10-01,2026-10-01T08:00:00Z
workflow:game-of-thrones/davos_seaworth,workflow,davos_seaworth,https://backstage.example.com/workflows/davos_seaworth/instances,"[""group:default/hbo-max-infra""]",[],true,"{""workflow"": {""bqDestinationTableProjects"": [""hbo-max""], ""bqJobProjects"": [""hbo-max""], ""enabled"": true, ""offset"": ""PT1H"", ""orchestrationType"": ""orchestrator"", ""parentComponentId"": ""component:default/game-of-thrones"", ""schedule"": ""days"", ""serviceAccount"": ""game-of-thrones@hbo-max.iam.gserviceaccount.com"", ""orchestratorComponentId"": ""game-of-thrones"", ""orchestratorWorkflowId"": ""davos_seaworth"", ""workflowType"": ""character-query""}}",2026-10-01,2026-10-01T08:00:00Z
workflow:game-of-thrones/theon_greyjoy,workflow,theon_greyjoy,https://backstage.example.com/workflows/theon_greyjoy/instances,"[""group:default/hbo-max-infra""]",[],true,"{""workflow"": {""bqDestinationTableProjects"": [""hbo-max""], ""bqJobProjects"": [""hbo-max""], ""enabled"": true, ""offset"": ""PT15M"", ""orchestrationType"": ""orchestrator"", ""parentComponentId"": ""component:default/game-of-thrones"", ""schedule"": ""hours"", ""serviceAccount"": ""game-of-thrones@hbo-max.iam.gserviceaccount.com"", ""orchestratorComponentId"": ""game-of-thrones"", ""orchestratorWorkflowId"": ""theon_greyjoy"", ""workflowType"": ""character-query""}}",2026-10-01,2026-10-01T08:00:00Z
workflow:game-of-thrones/petyr_littlefinger_baelish,workflow,petyr_littlefinger_baelish,https://backstage.example.com/workflows/petyr_littlefinger_baelish/instances,"[""group:default/hbo-max-infra""]",[],true,"{""workflow"": {""bqDestinationTableProjects"": [""hbo-max""], ""bqJobProjects"": [""hbo-max""], ""enabled"": true, ""offset"": ""P1D"", ""orchestrationType"": ""orchestrator"", ""parentComponentId"": ""component:default/game-of-thrones"", ""schedule"": ""weeks"", ""serviceAccount"": ""game-of-thrones@hbo-max.iam.gserviceaccount.com"", ""orchestratorComponentId"": ""game-of-thrones"", ""orchestratorWorkflowId"": ""petyr_littlefinger_baelish"", ""workflowType"": ""character-query""}}",2026-10-01,2026-10-01T08:00:00Z
workflow:game-of-thrones/sandor_the_hound_clegane,workflow,sandor_the_hound_clegane,https://backstage.example.com/workflows/sandor_the_hound_clegane/instances,"[""group:default/hbo-max-infra""]",[],true,"{""workflow"": {""bqDestinationTableProjects"": [""hbo-max""], ""bqJobProjects"": [""hbo-max""], ""enabled"": true, ""offset"": ""PT1H"", ""orchestrationType"": ""orchestrator"", ""parentComponentId"": ""component:default/game-of-thrones"", ""schedule"": ""days"", ""serviceAccount"": ""game-of-thrones@hbo-max.iam.gserviceaccount.com"", ""orchestratorComponentId"": ""game-of-thrones"", ""orchestratorWorkflowId"": ""sandor_the_hound_clegane"", ""workflowType"": ""character-query""}}",2026-10-01,2026-10-01T08:00:00Z
workflow:game-of-thrones/bronn,workflow,bronn,https://backstage.example.com/workflows/bronn/instances,"[""group:default/hbo-max-infra""]",[],true,"{""workflow"": {""bqDestinationTableProjects"": [""hbo-max""], ""bqJobProjects"": [""hbo-max""], ""enabled"": true, ""offset"": ""PT15M"", ""orchestrationType"": ""orchestrator"", ""parentComponentId"": ""component:default/game-of-thrones"", ""schedule"": ""hours"", ""serviceAccount"": ""game-of-thrones@hbo-max.iam.gserviceaccount.com"", ""orchestratorComponentId"": ""game-of-thrones"", ""orchestratorWorkflowId"": ""bronn"", ""workflowType"": ""character-query""}}",2026-10-01,2026-10-01T08:00:00Z
workflow:game-of-thrones/lord_varys,workflow,lord_varys,https://backstage.example.com/workflows/lord_varys/instances,"[""group:default/hbo-max-infra""]",[],true,"{""workflow"": {""bqDestinationTableProjects"": [""hbo-max""], ""bqJobProjects"": [""hbo-max""], ""enabled"": true, ""offset"": ""PT1H"", ""orchestrationType"": ""orchestrator"", ""parentComponentId"": ""component:default/game-of-thrones"", ""schedule"": ""days"", ""serviceAccount"": ""game-of-thrones@hbo-max.iam.gserviceaccount.com"", ""orchestratorComponentId"": ""game-of-thrones"", ""orchestratorWorkflowId"": ""lord_varys"", ""workflowType"": ""character-query""}}",2026-10-01,2026-10-01T08:00:00Z
workflow:game-of-thrones/grey_worm,workflow,grey_worm,https://backstage.example.com/workflows/grey_worm/instances,"[""group:default/hbo-max-infra""]",[],true,"{""workflow"": {""bqDestinationTableProjects"": [""hbo-max""], ""bqJobProjects"": [""hbo-max""], ""enabled"": true, ""offset"": ""P1D"", ""orchestrationType"": ""orchestrator"", ""parentComponentId"": ""component:default/game-of-thrones"", ""schedule"": ""weeks"", ""serviceAccount"": ""game-of-thrones@hbo-max.iam.gserviceaccount.com"", ""orchestratorComponentId"": ""game-of-thrones"", ""orchestratorWorkflowId"": ""grey_worm"", ""workflowType"": ""character-query""}}",2026-10-01,2026-10-01T08:00:00Z
workflow:game-of-thrones/brienne_of_tarth,workflow,brienne_of_tarth,https://backstage.example.com/workflows/brienne_of_tarth/instances,"[""group:default/hbo-max-infra""]",[],true,"{""workflow"": {""bqDestinationTableProjects"": [""hbo-max""], ""bqJobProjects"": [""hbo-max""], ""enabled"": true, ""offset"": ""P1D"", ""orchestrationType"": ""orchestrator"", ""parentComponentId"": ""component:default/game-of-thrones"", ""schedule"": ""weeks"", ""serviceAccount"": ""game-of-thrones@hbo-max.iam.gserviceaccount.com"", ""orchestratorComponentId"": ""game-of-thrones"", ""orchestratorWorkflowId"": ""brienne_of_tarth"", ""workflowType"": ""character-query""}}",2026-10-01,2026-10-01T08:00:00Z
workflow:game-of-thrones/tormund_giantsbane,workflow,tormund_giantsbane,https://backstage.example.com/workflows/tormund_giantsbane/instances,"[""group:default/hbo-max-infra""]",[],true,"{""workflow"": {""bqDestinationTableProjects"": [""hbo-max""], ""bqJobProjects"": [""hbo-max""], ""enabled"": true, ""offset"": ""P1D"", ""orchestrationType"": ""orchestrator"", ""parentComponentId"": ""component:default/game-of-thrones"", ""schedule"": ""weeks"", ""serviceAccount"": ""game-of-thrones@hbo-max.iam.gserviceaccount.com"", ""orchestratorComponentId"": ""game-of-thrones"", ""orchestratorWorkflowId"": ""tormund_giantsbane"", ""workflowType"": ""character-query""}}",2026-10-01,2026-10-01T08:00:00Z
workflow:game-of-thrones/melisandre,workflow,melisandre,https://backstage.example.com/workflows/melisandre/instances,"[""group:default/hbo-max-infra""]",[],true,"{""workflow"": {""bqDestinationTableProjects"": [""hbo-max""], ""bqJobProjects"": [""hbo-max""], ""enabled"": true, ""offset"": ""PT1H"", ""orchestrationType"": ""orchestrator"", ""parentComponentId"": ""component:default/game-of-thrones"", ""schedule"": ""days"", ""serviceAccount"": ""game-of-thrones@hbo-max.iam.gserviceaccount.com"", ""orchestratorComponentId"": ""game-of-thrones"", ""orchestratorWorkflowId"": ""melisandre"", ""workflowType"": ""character-query""}}",2026-10-01,2026-10-01T08:00:00Z
workflow:game-of-thrones/missandei,workflow,missandei,https://backstage.example.com/workflows/missandei/instances,"[""group:default/hbo-max-infra""]",[],true,"{""workflow"": {""bqDestinationTableProjects"": [""hbo-max""], ""bqJobProjects"": [""hbo-max""], ""enabled"": true, ""offset"": ""PT1H"", ""orchestrationType"": ""orchestrator"", ""parentComponentId"": ""component:default/game-of-thrones"", ""schedule"": ""days"", ""serviceAccount"": ""game-of-thrones@hbo-max.iam.gserviceaccount.com"", ""orchestratorComponentId"": ""game-of-thrones"", ""orchestratorWorkflowId"": ""missandei"", ""workflowType"": ""character-query""}}",2026-10-01,2026-10-01T08:00:00Z
workflow:game-of-thrones/margaery_tyrell,workflow,margaery_tyrell,https://backstage.example.com/workflows/margaery_tyrell/instances,"[""group:default/hbo-max-infra""]",[],true,"{""workflow"": {""bqDestinationTableProjects"": [""hbo-max""], ""bqJobProjects"": [""hbo-max""], ""enabled"": true, ""offset"": ""PT15M"", ""orchestrationType"": ""orchestrator"", ""parentComponentId"": ""component:default/game-of-thrones"", ""schedule"": ""hours"", ""serviceAccount"": ""game-of-thrones@hbo-max.iam.gserviceaccount.com"", ""orchestratorComponentId"": ""game-of-thrones"", ""orchestratorWorkflowId"": ""margaery_tyrell"", ""workflowType"": ""character-query""}}",2026-10-01,2026-10-01T08:00:00Z
workflow:game-of-thrones/stannis_baratheon,workflow,stannis_baratheon,https://backstage.example.com/workflows/stannis_baratheon/instances,"[""group:default/hbo-max-infra""]",[],true,"{""workflow"": {""bqDestinationTableProjects"": [""hbo-max""], ""bqJobProjects"": [""hbo-max""], ""enabled"": true, ""offset"": ""PT1H"", ""orchestrationType"": ""orchestrator"", ""parentComponentId"": ""component:default/game-of-thrones"", ""schedule"": ""days"", ""serviceAccount"": ""game-of-thrones@hbo-max.iam.gserviceaccount.com"", ""orchestratorComponentId"": ""game-of-thrones"", ""orchestratorWorkflowId"": ""stannis_baratheon"", ""workflowType"": ""character-query""}}",2026-10-01,2026-10-01T08:00:00Z
workflow:game-of-thrones/myranda,workflow,myranda,https://backstage.example.com/workflows/myranda/instances,"[""group:default/hbo-max-infra""]",[],true,"{""workflow"": {""bqDestinationTableProjects"": [""hbo-max""], ""bqJobProjects"": [""hbo-max""], ""enabled"": true, ""offset"": ""PT1H"", ""orchestrationType"": ""orchestrator"", ""parentComponentId"": ""component:default/game-of-thrones"", ""schedule"": ""days"", ""serviceAccount"": ""game-of-thrones@hbo-max.iam.gserviceaccount.com"", ""orchestratorComponentId"": ""game-of-thrones"", ""orchestratorWorkflowId"": ""myranda"", ""workflowType"": ""character-query""}}",2026-10-01,2026-10-01T08:00:00Z
workflow:game-of-thrones/gilly,workflow,gilly,https://backstage.example.com/workflows/gilly/instances,"[""group:default/hbo-max-infra""]",[],true,"{""workflow"": {""bqDestinationTableProjects"": [""hbo-max""], ""bqJobProjects"": [""hbo-max""], ""enabled"": false, ""offset"": ""PT1H"", ""orchestrationType"": ""orchestrator"", ""parentComponentId"": ""component:default/game-of-thrones"", ""schedule"": ""days"", ""serviceAccount"": ""game-of-thrones@hbo-max.iam.gserviceaccount.com"", ""orchestratorComponentId"": ""game-of-thrones"", ""orchestratorWorkflowId"": ""gilly"", ""workflowType"": ""character-query""}}",2026-10-01,2026-10-01T08:00:00Z
workflow:game-of-thrones/tywin_lannister,workflow,tywin_lannister,https://backstage.example.com/workflows/tywin_lannister/instances,"[""group:default/hbo-max-infra""]",[],true,"{""workflow"": {""bqDestinationTableProjects"": [""hbo-max""], ""bqJobProjects"": [""hbo-max""], ""enabled"": true, ""offset"": ""PT15M"", ""orchestrationType"": ""orchestrator"", ""parentComponentId"": ""component:default/game-of-thrones"", ""schedule"": ""hours"", ""serviceAccount"": ""game-of-thrones@hbo-max.iam.gserviceaccount.com"", ""orchestratorComponentId"": ""game-of-thrones"", ""orchestratorWorkflowId"": ""tywin_lannister"", ""workflowType"": ""character-query""}}",2026-10-01,2026-10-01T08:00:00Z
workflow:game-of-thrones/podrick_payne,workflow,podrick_payne,https://backstage.example.com/workflows/podrick_payne/instances,"[""group:default/hbo-max-infra""]",[],true,"{""workflow"": {""bqDestinationTableProjects"": [""hbo-max""], ""bqJobProjects"": [""hbo-max""], ""enabled"": true, ""offset"": ""PT1H"", ""orchestrationType"": ""orchestrator"", ""parentComponentId"": ""component:default/game-of-thrones"", ""schedule"": ""days"", ""serviceAccount"": ""game-of-thrones@hbo-max.iam.gserviceaccount.com"", ""orchestratorComponentId"": ""game-of-thrones"", ""orchestratorWorkflowId"": ""podrick_payne"", ""workflowType"": ""character-query""}}",2026-10-01,2026-10-01T08:00:00Z
workflow:game-of-thrones/eddison_tollett,workflow,eddison_tollett,https://backstage.example.com/workflows/eddison_tollett/instances,"[""group:default/hbo-max-infra""]",[],true,"{""workflow"": {""bqDestinationTableProjects"": [""hbo-max""], ""bqJobProjects"": [""hbo-max""], ""enabled"": true, ""offset"": ""PT1H"", ""orchestrationType"": ""orchestrator"", ""parentComponentId"": ""component:default/game-of-thrones"", ""schedule"": ""days"", ""serviceAccount"": ""game-of-thrones@hbo-max.iam.gserviceaccount.com"", ""orchestratorComponentId"": ""game-of-thrones"", ""orchestratorWorkflowId"": ""eddison_tollett"", ""workflowType"": ""character-query""}}",2026-10-01,2026-10-01T08:00:00Z
workflow:game-of-thrones/joffrey_baratheon,workflow,joffrey_baratheon,https://backstage.example.com/workflows/joffrey_baratheon/instances,"[""group:default/hbo-max-infra""]",[],true,"{""workflow"": {""bqDestinationTableProjects"": [""hbo-max""], ""bqJobProjects"": [""hbo-max""], ""enabled"": true, ""offset"": ""PT1H"", ""orchestrationType"": ""orchestrator"", ""parentComponentId"": ""component:default/game-of-thrones"", ""schedule"": ""days"", ""serviceAccount"": ""game-of-thrones@hbo-max.iam.gserviceaccount.com"", ""orchestratorComponentId"": ""game-of-thrones"", ""orchestratorWorkflowId"": ""joffrey_baratheon"", ""workflowType"": ""character-query""}}",2026-10-01,2026-10-01T08:00:00Z
workflow:game-of-thrones/shae,workflow,shae,https://backstage.example.com/workflows/shae/instances,"[""group:default/hbo-max-infra""]",[],true,"{""workflow"": {""bqDestinationTableProjects"": [""hbo-max""], ""bqJobProjects"": [""hbo-max""], ""enabled"": true, ""offset"": ""PT1H"", ""orchestrationType"": ""orchestrator"", ""parentComponentId"": ""component:default/game-of-thrones"", ""schedule"": ""days"", ""serviceAccount"": ""game-of-thrones@hbo-max.iam.gserviceaccount.com"", ""orchestratorComponentId"": ""game-of-thrones"", ""orchestratorWorkflowId"": ""shae"", ""workflowType"": ""character-query""}}",2026-10-01,2026-10-01T08:00:00Z
workflow:game-of-thrones/grand_maester_pycelle,workflow,grand_maester_pycelle,https://backstage.example.com/workflows/grand_maester_pycelle/instances,"[""group:default/hbo-max-infra""]",[],true,"{""workflow"": {""bqDestinationTableProjects"": [""hbo-max""], ""bqJobProjects"": [""hbo-max""], ""enabled"": true, ""offset"": ""PT15M"", ""orchestrationType"": ""orchestrator"", ""parentComponentId"": ""component:default/game-of-thrones"", ""schedule"": ""hours"", ""serviceAccount"": ""game-of-thrones@hbo-max.iam.gserviceaccount.com"", ""orchestratorComponentId"": ""game-of-thrones"", ""orchestratorWorkflowId"": ""grand_maester_pycelle"", ""workflowType"": ""character-query""}}",2026-10-01,2026-10-01T08:00:00Z
workflow:game-of-thrones/robb_stark,workflow,robb_stark,https://backstage.example.com/workflows/robb_stark/instances,"[""group:default/hbo-max-infra""]",[],true,"{""workflow"": {""bqDestinationTableProjects"": [""hbo-max""], ""bqJobProjects"": [""hbo-max""], ""enabled"": true, ""offset"": ""PT15M"", ""orchestrationType"": ""orchestrator"", ""parentComponentId"": ""component:default/game-of-thrones"", ""schedule"": ""hours"", ""serviceAccount"": ""game-of-thrones@hbo-max.iam.gserviceaccount.com"", ""orchestratorComponentId"": ""game-of-thrones"", ""orchestratorWorkflowId"": ""robb_stark"", ""workflowType"": ""character-query""}}",2026-10-01,2026-10-01T08:00:00Z
workflow:game-of-thrones/catelyn_stark,workflow,catelyn_stark,https://backstage.example.com/workflows/catelyn_stark/instances,"[""group:default/hbo-max-infra""]",[],true,"{""workflow"": {""bqDestinationTableProjects"": [""hbo-max""], ""bqJobProjects"": [""hbo-max""], ""enabled"": true, ""offset"": ""PT1H"", ""orchestrationType"": ""orchestrator"", ""parentComponentId"": ""component:default/game-of-thrones"", ""schedule"": ""days"", ""serviceAccount"": ""game-of-thrones@hbo-max.iam.gserviceaccount.com"", ""orchestratorComponentId"": ""game-of-thrones"", ""orchestratorWorkflowId"": ""catelyn_stark"", ""workflowType"": ""character-query""}}",2026-10-01,2026-10-01T08:00:00Z
workflow:game-of-thrones/olly,workflow,olly,https://backstage.example.com/workflows/olly/instances,"[""group:default/hbo-max-infra""]",[],true,"{""workflow"": {""bqDestinationTableProjects"": [""hbo-max""], ""bqJobProjects"": [""hbo-max""], ""enabled"": true, ""offset"": ""PT1H"", ""orchestrationType"": ""orchestrator"", ""parentComponentId"": ""component:default/game-of-thrones"", ""schedule"": ""days"", ""serviceAccount"": ""game-of-thrones@hbo-max.iam.gserviceaccount.com"", ""orchestratorComponentId"": ""game-of-thrones"", ""orchestratorWorkflowId"": ""olly"", ""workflowType"": ""character-query""}}",2026-10-01,2026-10-01T08:00:00Z
workflow:game-of-thrones/gendry,workflow,gendry,https://backstage.example.com/workflows/gendry/instances,"[""group:default/hbo-max-infra""]",[],true,"{""workflow"": {""bqDestinationTableProjects"": [""hbo-max""], ""bqJobProjects"": [""hbo-max""], ""enabled"": true, ""offset"": ""PT1H"", ""orchestrationType"": ""orchestrator"", ""parentComponentId"": ""component:default/game-of-thrones"", ""schedule"": ""days"", ""serviceAccount"": ""game-of-thrones@hbo-max.iam.gserviceaccount.com"", ""orchestratorComponentId"": ""game-of-thrones"", ""orchestratorWorkflowId"": ""gendry"", ""workflowType"": ""character-query""}}",2026-10-01,2026-10-01T08:00:00Z
workflow:game-of-thrones/tyene_sand,workflow,tyene_sand,https://backstage.example.com/workflows/tyene_sand/instances,"[""group:default/hbo-max-infra""]",[],true,"{""workflow"": {""bqDestinationTableProjects"": [""hbo-max""], ""bqJobProjects"": [""hbo-max""], ""enabled"": true, ""offset"": ""PT1H"", ""orchestrationType"": ""orchestrator"", ""parentComponentId"": ""component:default/game-of-thrones"", ""schedule"": ""days"", ""serviceAccount"": ""game-of-thrones@hbo-max.iam.gserviceaccount.com"", ""orchestratorComponentId"": ""game-of-thrones"", ""orchestratorWorkflowId"": ""tyene_sand"", ""workflowType"": ""character-query""}}",2026-10-01,2026-10-01T08:00:00Z
workflow:game-of-thrones/nymeria_sand,workflow,nymeria_sand,https://backstage.example.com/workflows/nymeria_sand/instances,"[""group:default/hbo-max-infra""]",[],true,"{""workflow"": {""bqDestinationTableProjects"": [""hbo-max""], ""bqJobProjects"": [""hbo-max""], ""enabled"": true, ""offset"": ""P1D"", ""orchestrationType"": ""orchestrator"", ""parentComponentId"": ""component:default/game-of-thrones"", ""schedule"": ""weeks"", ""serviceAccount"": ""game-of-thrones@hbo-max.iam.gserviceaccount.com"", ""orchestratorComponentId"": ""game-of-thrones"", ""orchestratorWorkflowId"": ""nymeria_sand"", ""workflowType"": ""character-query""}}",2026-10-01,2026-10-01T08:00:00Z
workflow:game-of-thrones/obara_sand,workflow,obara_sand,https://backstage.example.com/workflows/obara_sand/instances,"[""group:default/hbo-max-infra""]",[],true,"{""workflow"": {""bqDestinationTableProjects"": [""hbo-max""], ""bqJobProjects"": [""hbo-max""], ""enabled"": true, ""offset"": ""P1D"", ""orchestrationType"": ""orchestrator"", ""parentComponentId"": ""component:default/game-of-thrones"", ""schedule"": ""weeks"", ""serviceAccount"": ""game-of-thrones@hbo-max.iam.gserviceaccount.com"", ""orchestratorComponentId"": ""game-of-thrones"", ""orchestratorWorkflowId"": ""obara_sand"", ""workflowType"": ""character-query""}}",2026-10-01,2026-10-01T08:00:00Z
workflow:game-of-thrones/jaqen_hghar,workflow,jaqen_hghar,https://backstage.example.com/workflows/jaqen_hghar/instances,"[""group:default/hbo-max-infra""]",[],true,"{""workflow"": {""bqDestinationTableProjects"": [""hbo-max""], ""bqJobProjects"": [""hbo-max""], ""enabled"": true, ""offset"": ""PT1H"", ""orchestrationType"": ""orchestrator"", ""parentComponentId"": ""component:default/game-of-thrones"", ""schedule"": ""days"", ""serviceAccount"": ""game-of-thrones@hbo-max.iam.gserviceaccount.com"", ""orchestratorComponentId"": ""game-of-thrones"", ""orchestratorWorkflowId"": ""jaqen_hghar"", ""workflowType"": ""character-query""}}",2026-10-01,2026-10-01T08:00:00Z
workflow:game-of-thrones/daario_naharis,workflow,daario_naharis,https://backstage.example.com/workflows/daario_naharis/instances,"[""group:default/hbo-max-infra""]",[],true,"{""workflow"": {""bqDestinationTableProjects"": [""hbo-max""], ""bqJobProjects"": [""hbo-max""], ""enabled"": true, ""offset"": ""PT1H"", ""orchestrationType"": ""orchestrator"", ""parentComponentId"": ""component:default/game-of-thrones"", ""schedule"": ""days"", ""serviceAccount"": ""game-of-thrones@hbo-max.iam.gserviceaccount.com"", ""orchestratorComponentId"": ""game-of-thrones"", ""orchestratorWorkflowId"": ""daario_naharis"", ""workflowType"": ""character-query""}}",2026-10-01,2026-10-01T08:00:00Z
workflow:game-of-thrones/roose_bolton,workflow,roose_bolton,https://backstage.example.com/workflows/roose_bolton/instances,"[""group:default/hbo-max-infra""]",[],true,"{""workflow"": {""bqDestinationTableProjects"": [""hbo-max""], ""bqJobProjects"": [""hbo-max""], ""enabled"": true, ""offset"": ""P1D"", ""orchestrationType"": ""orchestrator"", ""parentComponentId"": ""component:default/game-of-thrones"", ""schedule"": ""weeks"", ""serviceAccount"": ""game-of-thrones@hbo-max.iam.gserviceaccount.com"", ""orchestratorComponentId"": ""game-of-thrones"", ""orchestratorWorkflowId"": ""roose_bolton"", ""workflowType"": ""character-query""}}",2026-10-01,2026-10-01T08:00:00Z
workflow:game-of-thrones/barristan_selmy,workflow,barristan_selmy,https://backstage.example.com/workflows/barristan_selmy/instances,"[""group:default/hbo-max-infra""]",[],true,"{""workflow"": {""bqDestinationTableProjects"": [""hbo-max""], ""bqJobProjects"": [""hbo-max""], ""enabled"": true, ""offset"": ""P1D"", ""orchestrationType"": ""orchestrator"", ""parentComponentId"": ""component:default/game-of-thrones"", ""schedule"": ""weeks"", ""serviceAccount"": ""game-of-thrones@hbo-max.iam.gserviceaccount.com"", ""orchestratorComponentId"": ""game-of-thrones"", ""orchestratorWorkflowId"": ""barristan_selmy"", ""workflowType"": ""character-query""}}",2026-10-01,2026-10-01T08:00:00Z
workflow:game-of-thrones/ygritte,workflow,ygritte,https://backstage.example.com/workflows/ygritte/instances,"[""group:default/hbo-max-infra""]",[],true,"{""workflow"": {""bqDestinationTableProjects"": [""hbo-max""], ""bqJobProjects"": [""hbo-max""], ""enabled"": true, ""offset"": ""PT15M"", ""orchestrationType"": ""orchestrator"", ""parentComponentId"": ""component:default/game-of-thrones"", ""schedule"": ""hours"", ""serviceAccount"": ""game-of-thrones@hbo-max.iam.gserviceaccount.com"", ""orchestratorComponentId"": ""game-of-thrones"", ""orchestratorWorkflowId"": ""ygritte"", ""workflowType"": ""character-query""}}",2026-10-01,2026-10-01T08:00:00Z
workflow:game-of-thrones/hodor,workflow,hodor,https://backstage.example.com/workflows/hodor/instances,"[""group:default/hbo-max-infra""]",[],true,"{""workflow"": {""bqDestinationTableProjects"": [""hbo-max""], ""bqJobProjects"": [""hbo-max""], ""enabled"": true, ""offset"": ""PT1H"", ""orchestrationType"": ""orchestrator"", ""parentComponentId"": ""component:default/game-of-thrones"", ""schedule"": ""days"", ""serviceAccount"": ""game-of-thrones@hbo-max.iam.gserviceaccount.com"", ""orchestratorComponentId"": ""game-of-thrones"", ""orchestratorWorkflowId"": ""hodor"", ""workflowType"": ""character-query""}}",2026-10-01,2026-10-01T08:00:00Z
workflow:game-of-thrones/ellaria_sand,workflow,ellaria_sand,https://backstage.example.com/workflows/ellaria_sand/instances,"[""group:default/hbo-max-infra""]",[],true,"{""workflow"": {""bqDestinationTableProjects"": [""hbo-max""], ""bqJobProjects"": [""hbo-max""], ""enabled"": false, ""offset"": ""PT1H"", ""orchestrationType"": ""orchestrator"", ""parentComponentId"": ""component:default/game-of-thrones"", ""schedule"": ""days"", ""serviceAccount"": ""game-of-thrones@hbo-max.iam.gserviceaccount.com"", ""orchestratorComponentId"": ""game-of-thrones"", ""orchestratorWorkflowId"": ""ellaria_sand"", ""workflowType"": ""character-query""}}",2026-10-01,2026-10-01T08:00:00Z
workflow:game-of-thrones/qyburn,workflow,qyburn,https://backstage.example.com/workflows/qyburn/instances,"[""group:default/hbo-max-infra""]",[],true,"{""workflow"": {""bqDestinationTableProjects"": [""hbo-max""], ""bqJobProjects"": [""hbo-max""], ""enabled"": true, ""offset"": ""PT1H"", ""orchestrationType"": ""orchestrator"", ""parentComponentId"": ""component:default/game-of-thrones"", ""schedule"": ""days"", ""serviceAccount"": ""game-of-thrones@hbo-max.iam.gserviceaccount.com"", ""orchestratorComponentId"": ""game-of-thrones"", ""orchestratorWorkflowId"": ""qyburn"", ""workflowType"": ""character-query""}}",2026-10-01,2026-10-01T08:00:00Z
workflow:game-of-thrones/grenn,workflow,grenn,https://backstage.example.com/workflows/grenn/instances,"[""group:default/hbo-max-infra""]",[],true,"{""workflow"": {""bqDestinationTableProjects"": [""hbo-max""], ""bqJobProjects"": [""hbo-max""], ""enabled"": false, ""offset"": ""PT1H"", ""orchestrationType"": ""orchestrator"", ""parentComponentId"": ""component:default/game-of-thrones"", ""schedule"": ""days"", ""serviceAccount"": ""game-of-thrones@hbo-max.iam.gserviceaccount.com"", ""orchestratorComponentId"": ""game-of-thrones"", ""orchestratorWorkflowId"": ""grenn"", ""workflowType"": ""character-query""}}",2026-10-01,2026-10-01T08:00:00Z
workflow:game-of-thrones/sir_loras_tyrell,workflow,sir_loras_tyrell,https://backstage.example.com/workflows/sir_loras_tyrell/instances,"[""group:default/hbo-max-infra""]",[],true,"{""workflow"": {""bqDestinationTableProjects"": [""hbo-max""], ""bqJobProjects"": [""hbo-max""], ""enabled"": true, ""offset"": ""PT15M"", ""orchestrationType"": ""orchestrator"", ""parentComponentId"": ""component:default/game-of-thrones"", ""schedule"": ""hours"", ""serviceAccount"": ""game-of-thrones@hbo-max.iam.gserviceaccount.com"", ""orchestratorComponentId"": ""game-of-thrones"", ""orchestratorWorkflowId"": ""sir_loras_tyrell"", ""workflowType"": ""character-query""}}",2026-10-01,2026-10-01T08:00:00Z
workflow:game-of-thrones/areo_hotah,workflow,areo_hotah,https://backstage.example.com/workflows/areo_hotah/instances,"[""group:default/hbo-max-infra""]",[],true,"{""workflow"": {""bqDestinationTableProjects"": [""hbo-max""], ""bqJobProjects"": [""hbo-max""], ""enabled"": true, ""offset"": ""PT1H"", ""orchestrationType"": ""orchestrator"", ""parentComponentId"": ""component:default/game-of-thrones"", ""schedule"": ""days"", ""serviceAccount"": ""game-of-thrones@hbo-max.iam.gserviceaccount.com"", ""orchestratorComponentId"": ""game-of-thrones"", ""orchestratorWorkflowId"": ""areo_hotah"", ""workflowType"": ""character-query""}}",2026-10-01,2026-10-01T08:00:00Z
workflow:game-of-thrones/doran_martell,workflow,doran_martell,https://backstage.example.com/workflows/doran_martell/instances,"[""group:default/hbo-max-infra""]",[],true,"{""workflow"": {""bqDestinationTableProjects"": [""hbo-max""], ""bqJobProjects"": [""hbo-max""], ""enabled"": true, ""offset"": ""PT1H"", ""orchestrationType"": ""orchestrator"", ""parentComponentId"": ""component:default/game-of-thrones"", ""schedule"": ""days"", ""serviceAccount"": ""game-of-thrones@hbo-max.iam.gserviceaccount.com"", ""orchestratorComponentId"": ""game-of-thrones"", ""orchestratorWorkflowId"": ""doran_martell"", ""workflowType"": ""character-query""}}",2026-10-01,2026-10-01T08:00:00Z
workflow:game-of-thrones/khal_drogo,workflow,khal_drogo,https://backstage.example.com/workflows/khal_drogo/instances,"[""group:default/hbo-max-infra""]",[],true,"{""workflow"": {""bqDestinationTableProjects"": [""hbo-max""], ""bqJobProjects"": [""hbo-max""], ""enabled"": true, ""offset"": ""PT15M"", ""orchestrationType"": ""orchestrator"", ""parentComponentId"": ""component:default/game-of-thrones"", ""schedule"": ""hours"", ""serviceAccount"": ""game-of-thrones@hbo-max.iam.gserviceaccount.com"", ""orchestratorComponentId"": ""game-of-thrones"", ""orchestratorWorkflowId"": ""khal_drogo"", ""workflowType"": ""character-query""}}",2026-10-01,2026-10-01T08:00:00Z
workflow:game-of-thrones/karl_drogo,workflow,karl_drogo,https://backstage.example.com/workflows/karl_drogo/instances,"[""group:default/hbo-max-infra""]",[],true,"{""workflow"": {""bqDestinationTableProjects"": [""hbo-max""], ""bqJobProjects"": [""hbo-max""], ""enabled"": true, ""offset"": ""PT1H"", ""orchestrationType"": ""orchestrator"", ""parentComponentId"": ""component:default/game-of-thrones"", ""schedule"": ""days"", ""serviceAccount"": ""game-of-thrones@hbo-max.iam.gserviceaccount.com"", ""orchestratorComponentId"": ""game-of-thrones"", ""orchestratorWorkflowId"": ""karl_drogo"", ""workflowType"": ""character-query""}}",2026-10-01,2026-10-01T08:00:00Z
workflow:game-of-thrones/ramsay_snow,workflow,ramsay_snow,https://backstage.example.com/workflows/ramsay_snow/instances,"[""group:default/hbo-max-infra""]",[],true,"{""workflow"": {""bqDestinationTableProjects"": [""hbo-max""], ""bqJobProjects"": [""hbo-max""], ""enabled"": true, ""offset"": ""PT1H"", ""orchestrationType"": ""orchestrator"", ""parentComponentId"": ""component:default/game-of-thrones"", ""schedule"": ""days"", ""serviceAccount"": ""game-of-thrones@hbo-max.iam.gserviceaccount.com"", ""orchestratorComponentId"": ""game-of-thrones"", ""orchestratorWorkflowId"": ""ramsay_snow"", ""workflowType"": ""character-query""}}",2026-10-01,2026-10-01T08:00:00Z
workflow:game-of-thrones/alliser_thorne,workflow,alliser_thorne,https://backstage.example.com/workflows/alliser_thorne/instances,"[""group:default/hbo-max-infra""]",[],true,"{""workflow"": {""bqDestinationTableProjects"": [""hbo-max""], ""bqJobProjects"": [""hbo-max""], ""enabled"": true, ""offset"": ""PT1H"", ""orchestrationType"": ""orchestrator"", ""parentComponentId"": ""component:default/game-of-thrones"", ""schedule"": ""days"", ""serviceAccount"": ""game-of-thrones@hbo-max.iam.gserviceaccount.com"", ""orchestratorComponentId"": ""game-of-thrones"", ""orchestratorWorkflowId"": ""alliser_thorne"", ""workflowType"": ""character-query""}}",2026-10-01,2026-10-01T08:00:00Z
workflow:game-of-thrones/tommen_baratheon,workflow,tommen_baratheon,https://backstage.example.com/workflows/tommen_baratheon/instances,"[""group:default/hbo-max-infra""]",[],true,"{""workflow"": {""bqDestinationTableProjects"": [""hbo-max""], ""bqJobProjects"": [""hbo-max""], ""enabled"": true, ""offset"": ""PT1H"", ""orchestrationType"": ""orchestrator"", ""parentComponentId"": ""component:default/game-of-thrones"", ""schedule"": ""days"", ""serviceAccount"": ""game-of-thrones@hbo-max.iam.gserviceaccount.com"", ""orchestratorComponentId"": ""game-of-thrones"", ""orchestratorWorkflowId"": ""tommen_baratheon"", ""workflowType"": ""character-query""}}",2026-10-01,2026-10-01T08:00:00Z
workflow:game-of-thrones/martyn_lannister,workflow,martyn_lannister,https://backstage.example.com/workflows/martyn_lannister/instances,"[""group:default/hbo-max-infra""]",[],true,"{""workflow"": {""bqDestinationTableProjects"": [""hbo-max""], ""bqJobProjects"": [""hbo-max""], ""enabled"": true, ""offset"": ""PT1H"", ""orchestrationType"": ""orchestrator"", ""parentComponentId"": ""component:default/game-of-thrones"", ""schedule"": ""days"", ""serviceAccount"": ""game-of-thrones@hbo-max.iam.gserviceaccount.com"", ""orchestratorComponentId"": ""game-of-thrones"", ""orchestratorWorkflowId"": ""martyn_lannister"", ""workflowType"": ""character-query""}}",2026-10-01,2026-10-01T08:00:00Z
workflow:game-of-thrones/jeor_mormont,workflow,jeor_mormont,https://backstage.example.com/workflows/jeor_mormont/instances,"[""group:default/hbo-max-infra""]",[],true,"{""workflow"": {""bqDestinationTableProjects"": [""hbo-max""], ""bqJobProjects"": [""hbo-max""], ""enabled"": true, ""offset"": ""P1D"", ""orchestrationType"": ""orchestrator"", ""parentComponentId"": ""component:default/game-of-thrones"", ""schedule"": ""weeks"", ""serviceAccount"": ""game-of-thrones@hbo-max.iam.gserviceaccount.com"", ""orchestratorComponentId"": ""game-of-thrones"", ""orchestratorWorkflowId"": ""jeor_mormont"", ""workflowType"": ""character-query""}}",2026-10-01,2026-10-01T08:00:00Z
workflow:game-of-thrones/olenna_tyrell,workflow,olenna_tyrell,https://backstage.example.com/workflows/olenna_tyrell/instances,"[""group:default/hbo-max-infra""]",[],true,"{""workflow"": {""bqDestinationTableProjects"": [""hbo-max""], ""bqJobProjects"": [""hbo-max""], ""enabled"": true, ""offset"": ""PT1H"", ""orchestrationType"": ""orchestrator"", ""parentComponentId"": ""component:default/game-of-thrones"", ""schedule"": ""days"", ""serviceAccount"": ""game-of-thrones@hbo-max.iam.gserviceaccount.com"", ""orchestratorComponentId"": ""game-of-thrones"", ""orchestratorWorkflowId"": ""olenna_tyrell"", ""workflowType"": ""character-query""}}",2026-10-01,2026-10-01T08:00:00Z
workflow:game-of-thrones/meryn_trant,workflow,meryn_trant,https://backstage.example.com/workflows/meryn_trant/instances,"[""group:default/hbo-max-infra""]",[],true,"{""workflow"": {""bqDestinationTableProjects"": [""hbo-max""], ""bqJobProjects"": [""hbo-max""], ""enabled"": true, ""offset"": ""PT1H"", ""orchestrationType"": ""orchestrator"", ""parentComponentId"": ""component:default/game-of-thrones"", ""schedule"": ""days"", ""serviceAccount"": ""game-of-thrones@hbo-max.iam.gserviceaccount.com"", ""orchestratorComponentId"": ""game-of-thrones"", ""orchestratorWorkflowId"": ""meryn_trant"", ""workflowType"": ""character-query""}}",2026-10-01,2026-10-01T08:00:00Z
workflow:game-of-thrones/gregor_the_mountain_clegane,workflow,gregor_the_mountain_clegane,https://backstage.example.com/workflows/gregor_the_mountain_clegane/instances,"[""group:default/hbo-max-infra""]",[],true,"{""workflow"": {""bqDestinationTableProjects"": [""hbo-max""], ""bqJobProjects"": [""hbo-max""], ""enabled"": true, ""offset"": ""PT1H"", ""orchestrationType"": ""orchestrator"", ""parentComponentId"": ""component:default/game-of-thrones"", ""schedule"": ""days"", ""serviceAccount"": ""game-of-thrones@hbo-max.iam.gserviceaccount.com"", ""orchestratorComponentId"": ""game-of-thrones"", ""orchestratorWorkflowId"": ""gregor_the_mountain_clegane"", ""workflowType"": ""character-query""}}",2026-10-01,2026-10-01T08:00:00Z
component:default/house-of-the-dragon,component,house-of-the-dragon,https://backstage.example.com/catalog/default/Component/house-of-the-dragon,"[""group:default/hbo-max-infra""]",[],true,"{""component"": {""componentType"": ""service"", ""lifecycle"": ""production""}}",2026-10-01,2026-10-01T08:00:00Z
repository:github.com/streaming-infra/HouseOfTheDragon,repository,HouseOfTheDragon,https://github.com/streaming-infra/HouseOfTheDragon,[],[],true,"{""repository"": {""archived"": false, ""createdAt"": ""2024-01-15T10:00:00.000Z"", ""defaultBranchLastCommit"": {""sha"": ""abc123def456"", ""url"": ""https://github.com/streaming-infra/HouseOfTheDragon/commit/abc123def456""}, ""description"": ""Repository for HouseOfTheDragon"", ""fullName"": ""streaming-infra/HouseOfTheDragon"", ""host"": ""github.com"", ""organization"": ""streaming-infra"", ""pushedAt"": ""2026-09-28T12:00:00.000Z"", ""repositoryName"": ""HouseOfTheDragon""}}",2026-10-01,2026-10-01T08:00:00Z
workflow:house-of-the-dragon/matt_smith,workflow,matt_smith,https://backstage.example.com/workflows/matt_smith/instances,"[""group:default/hbo-max-infra""]",[],true,"{""workflow"": {""bqDestinationTableProjects"": [""hbo-max""], ""bqJobProjects"": [""hbo-max""], ""enabled"": true, ""offset"": ""PT1H"", ""orchestrationType"": ""orchestrator"", ""parentComponentId"": ""component:default/house-of-the-dragon"", ""schedule"": ""days"", ""serviceAccount"": ""house-of-the-dragon@hbo-max.iam.gserviceaccount.com"", ""orchestratorComponentId"": ""house-of-the-dragon"", ""orchestratorWorkflowId"": ""matt_smith"", ""workflowType"": ""cast-member-query""}}",2026-10-01,2026-10-01T08:00:00Z
workflow:house-of-the-dragon/steve_toussaint,workflow,steve_toussaint,https://backstage.example.com/workflows/steve_toussaint/instances,"[""group:default/hbo-max-infra""]",[],true,"{""workflow"": {""bqDestinationTableProjects"": [""hbo-max""], ""bqJobProjects"": [""hbo-max""], ""enabled"": true, ""offset"": ""PT1H"", ""orchestrationType"": ""orchestrator"", ""parentComponentId"": ""component:default/house-of-the-dragon"", ""schedule"": ""days"", ""serviceAccount"": ""house-of-the-dragon@hbo-max.iam.gserviceaccount.com"", ""orchestratorComponentId"": ""house-of-the-dragon"", ""orchestratorWorkflowId"": ""steve_toussaint"", ""workflowType"": ""cast-member-query""}}",2026-10-01,2026-10-01T08:00:00Z
workflow:house-of-the-dragon/sonoya_mizuno,workflow,sonoya_mizuno,https://backstage.example.com/workflows/sonoya_mizuno/instances,"[""group:default/hbo-max-infra""]",[],true,"{""workflow"": {""bqDestinationTableProjects"": [""hbo-max""], ""bqJobProjects"": [""hbo-max""], ""enabled"": true, ""offset"": ""PT15M"", ""orchestrationType"": ""orchestrator"", ""parentComponentId"": ""component:default/house-of-the-dragon"", ""schedule"": ""hours"", ""serviceAccount"": ""house-of-the-dragon@hbo-max.iam.gserviceaccount.com"", ""orchestratorComponentId"": ""house-of-the-dragon"", ""orchestratorWorkflowId"": ""sonoya_mizuno"", ""workflowType"": ""cast-member-query""}}",2026-10-01,2026-10-01T08:00:00Z
workflow:house-of-the-dragon/fabien_frankel,workflow,fabien_frankel,https://backstage.example.com/workflows/fabien_frankel/instances,"[""group:default/hbo-max-infra""]",[],true,"{""workflow"": {""bqDestinationTableProjects"": [""hbo-max""], ""bqJobProjects"": [""hbo-max""], ""enabled"": true, ""offset"": ""P1D"", ""orchestrationType"": ""orchestrator"", ""parentComponentId"": ""component:default/house-of-the-dragon"", ""schedule"": ""weeks"", ""serviceAccount"": ""house-of-the-dragon@hbo-max.iam.gserviceaccount.com"", ""orchestratorComponentId"": ""house-of-the-dragon"", ""orchestratorWorkflowId"": ""fabien_frankel"", ""workflowType"": ""cast-member-query""}}",2026-10-01,2026-10-01T08:00:00Z
workflow:house-of-the-dragon/matthew_needham,workflow,matthew_needham,https://backstage.example.com/workflows/matthew_needham/instances,"[""group:default/hbo-max-infra""]",[],true,"{""workflow"": {""bqDestinationTableProjects"": [""hbo-max""], ""bqJobProjects"": [""hbo-max""], ""enabled"": true, ""offset"": ""PT1H"", ""orchestrationType"": ""orchestrator"", ""parentComponentId"": ""component:default/house-of-the-dragon"", ""schedule"": ""days"", ""serviceAccount"": ""house-of-the-dragon@hbo-max.iam.gserviceaccount.com"", ""orchestratorComponentId"": ""house-of-the-dragon"", ""orchestratorWorkflowId"": ""matthew_needham"", ""workflowType"": ""cast-member-query""}}",2026-10-01,2026-10-01T08:00:00Z
component:default/a-knight-of-the-seven-kingdoms,component,a-knight-of-the-seven-kingdoms,https://backstage.example.com/catalog/default/Component/a-knight-of-the-seven-kingdoms,"[""group:default/hbo-max-infra""]",[],true,"{""component"": {""componentType"": ""service"", ""lifecycle"": ""production""}}",2026-10-01,2026-10-01T08:00:00Z
repository:github.com/streaming-infra/AKnightOfTheSevenKingdoms,repository,AKnightOfTheSevenKingdoms,https://github.com/streaming-infra/AKnightOfTheSevenKingdoms,[],[],true,"{""repository"": {""archived"": false, ""createdAt"": ""2024-01-15T10:00:00.000Z"", ""defaultBranchLastCommit"": {""sha"": ""abc123def456"", ""url"": ""https://github.com/streaming-infra/AKnightOfTheSevenKingdoms/commit/abc123def456""}, ""description"": ""Repository for AKnightOfTheSevenKingdoms"", ""fullName"": ""streaming-infra/AKnightOfTheSevenKingdoms"", ""host"": ""github.com"", ""organization"": ""streaming-infra"", ""pushedAt"": ""2026-09-28T12:00:00.000Z"", ""repositoryName"": ""AKnightOfTheSevenKingdoms""}}",2026-10-01,2026-10-01T08:00:00Z
workflow:a-knight-of-the-seven-kingdoms/sarah_bradshaw,workflow,sarah_bradshaw,https://backstage.example.com/workflows/sarah_bradshaw/instances,"[""group:default/hbo-max-infra""]",[],true,"{""workflow"": {""bqDestinationTableProjects"": [""hbo-max""], ""bqJobProjects"": [""hbo-max""], ""enabled"": true, ""offset"": ""P1D"", ""orchestrationType"": ""orchestrator"", ""parentComponentId"": ""component:default/a-knight-of-the-seven-kingdoms"", ""schedule"": ""weeks"", ""serviceAccount"": ""a-knight-of-the-seven-kingdoms@hbo-max.iam.gserviceaccount.com"", ""orchestratorComponentId"": ""a-knight-of-the-seven-kingdoms"", ""orchestratorWorkflowId"": ""sarah_bradshaw"", ""workflowType"": ""crew-member-query""}}",2026-10-01,2026-10-01T08:00:00Z
workflow:a-knight-of-the-seven-kingdoms/vince_gerardis,workflow,vince_gerardis,https://backstage.example.com/workflows/vince_gerardis/instances,"[""group:default/hbo-max-infra""]",[],true,"{""workflow"": {""bqDestinationTableProjects"": [""hbo-max""], ""bqJobProjects"": [""hbo-max""], ""enabled"": false, ""offset"": ""P1D"", ""orchestrationType"": ""orchestrator"", ""parentComponentId"": ""component:default/a-knight-of-the-seven-kingdoms"", ""schedule"": ""weeks"", ""serviceAccount"": ""a-knight-of-the-seven-kingdoms@hbo-max.iam.gserviceaccount.com"", ""orchestratorComponentId"": ""a-knight-of-the-seven-kingdoms"", ""orchestratorWorkflowId"": ""vince_gerardis"", ""workflowType"": ""crew-member-query""}}",2026-10-01,2026-10-01T08:00:00Z
workflow:a-knight-of-the-seven-kingdoms/george_rr_martin,workflow,george_rr_martin,https://backstage.example.com/workflows/george_rr_martin/instances,"[""group:default/hbo-max-infra""]",[],true,"{""workflow"": {""bqDestinationTableProjects"": [""hbo-max""], ""bqJobProjects"": [""hbo-max""], ""enabled"": true, ""offset"": ""PT15M"", ""orchestrationType"": ""orchestrator"", ""parentComponentId"": ""component:default/a-knight-of-the-seven-kingdoms"", ""schedule"": ""hours"", ""serviceAccount"": ""a-knight-of-the-seven-kingdoms@hbo-max.iam.gserviceaccount.com"", ""orchestratorComponentId"": ""a-knight-of-the-seven-kingdoms"", ""orchestratorWorkflowId"": ""george_rr_martin"", ""workflowType"": ""crew-member-query""}}",2026-10-01,2026-10-01T08:00:00Z
gcp-project:dropout-tv,gcp_project,dropout-tv,https://console.cloud.google.com/home/dashboard?project=dropout-tv,"[""group:default/dropout-tv-infra""]",[],true,"{""gcp-project"": {""project_id"": ""dropout-tv""}}",2026-10-01,2026-10-01T08:00:00Z
component:default/game-changer,component,game-changer,https://backstage.example.com/catalog/default/Component/game-changer,"[""group:default/dropout-tv-infra""]",[],true,"{""component"": {""componentType"": ""service"", ""lifecycle"": ""production""}}",2026-10-01,2026-10-01T08:00:00Z
repository:github.com/streaming-infra/GameChanger,repository,GameChanger,https://github.com/streaming-infra/GameChanger,[],[],true,"{""repository"": {""archived"": false, ""createdAt"": ""2024-01-15T10:00:00.000Z"", ""defaultBranchLastCommit"": {""sha"": ""abc123def456"", ""url"": ""https://github.com/streaming-infra/GameChanger/commit/abc123def456""}, ""description"": ""Repository for GameChanger"", ""fullName"": ""streaming-infra/GameChanger"", ""host"": ""github.com"", ""organization"": ""streaming-infra"", ""pushedAt"": ""2026-09-28T12:00:00.000Z"", ""repositoryName"": ""GameChanger""}}",2026-10-01,2026-10-01T08:00:00Z
workflow:game-changer/sam_reich,workflow,sam_reich,https://backstage.example.com/workflows/sam_reich/instances,"[""group:default/dropout-tv-infra""]",[],true,"{""workflow"": {""bqDestinationTableProjects"": [""dropout-tv""], ""bqJobProjects"": [""dropout-tv""], ""enabled"": true, ""offset"": ""PT1H"", ""orchestrationType"": ""orchestrator"", ""parentComponentId"": ""component:default/game-changer"", ""schedule"": ""days"", ""serviceAccount"": ""game-changer@dropout-tv.iam.gserviceaccount.com"", ""orchestratorComponentId"": ""game-changer"", ""orchestratorWorkflowId"": ""sam_reich"", ""workflowType"": ""cast-member-query""}}",2026-10-01,2026-10-01T08:00:00Z
workflow:game-changer/grant_obrien,workflow,grant_obrien,https://backstage.example.com/workflows/grant_obrien/instances,"[""group:default/dropout-tv-infra""]",[],true,"{""workflow"": {""bqDestinationTableProjects"": [""dropout-tv""], ""bqJobProjects"": [""dropout-tv""], ""enabled"": true, ""offset"": ""PT15M"", ""orchestrationType"": ""orchestrator"", ""parentComponentId"": ""component:default/game-changer"", ""schedule"": ""hours"", ""serviceAccount"": ""game-changer@dropout-tv.iam.gserviceaccount.com"", ""orchestratorComponentId"": ""game-changer"", ""orchestratorWorkflowId"": ""grant_obrien"", ""workflowType"": ""cast-member-query""}}",2026-10-01,2026-10-01T08:00:00Z
workflow:game-changer/brennan_lee_mulligan,workflow,brennan_lee_mulligan,https://backstage.example.com/workflows/brennan_lee_mulligan/instances,"[""group:default/dropout-tv-infra""]",[],true,"{""workflow"": {""bqDestinationTableProjects"": [""dropout-tv""], ""bqJobProjects"": [""dropout-tv""], ""enabled"": true, ""offset"": ""PT1H"", ""orchestrationType"": ""orchestrator"", ""parentComponentId"": ""component:default/game-changer"", ""schedule"": ""days"", ""serviceAccount"": ""game-changer@dropout-tv.iam.gserviceaccount.com"", ""orchestratorComponentId"": ""game-changer"", ""orchestratorWorkflowId"": ""brennan_lee_mulligan"", ""workflowType"": ""cast-member-query""}}",2026-10-01,2026-10-01T08:00:00Z
workflow:game-changer/lily_du,workflow,lily_du,https://backstage.example.com/workflows/lily_du/instances,"[""group:default/dropout-tv-infra""]",[],true,"{""workflow"": {""bqDestinationTableProjects"": [""dropout-tv""], ""bqJobProjects"": [""dropout-tv""], ""enabled"": true, ""offset"": ""P1D"", ""orchestrationType"": ""orchestrator"", ""parentComponentId"": ""component:default/game-changer"", ""schedule"": ""weeks"", ""serviceAccount"": ""game-changer@dropout-tv.iam.gserviceaccount.com"", ""orchestratorComponentId"": ""game-changer"", ""orchestratorWorkflowId"": ""lily_du"", ""workflowType"": ""cast-member-query""}}",2026-10-01,2026-10-01T08:00:00Z
workflow:game-changer/ally_beardsley,workflow,ally_beardsley,https://backstage.example.com/workflows/ally_beardsley/instances,"[""group:default/dropout-tv-infra""]",[],true,"{""workflow"": {""bqDestinationTableProjects"": [""dropout-tv""], ""bqJobProjects"": [""dropout-tv""], ""enabled"": true, ""offset"": ""PT1H"", ""orchestrationType"": ""orchestrator"", ""parentComponentId"": ""component:default/game-changer"", ""schedule"": ""days"", ""serviceAccount"": ""game-changer@dropout-tv.iam.gserviceaccount.com"", ""orchestratorComponentId"": ""game-changer"", ""orchestratorWorkflowId"": ""ally_beardsley"", ""workflowType"": ""cast-member-query""}}",2026-10-01,2026-10-01T08:00:00Z
component:default/dimension-20,component,dimension-20,https://backstage.example.com/catalog/default/Component/dimension-20,"[""group:default/dropout-tv-infra""]",[],true,"{""component"": {""componentType"": ""service"", ""lifecycle"": ""production""}}",2026-10-01,2026-10-01T08:00:00Z
repository:github.com/streaming-infra/Dimension20,repository,Dimension20,https://github.com/streaming-infra/Dimension20,[],[],true,"{""repository"": {""archived"": false, ""createdAt"": ""2024-01-15T10:00:00.000Z"", ""defaultBranchLastCommit"": {""sha"": ""abc123def456"", ""url"": ""https://github.com/streaming-infra/Dimension20/commit/abc123def456""}, ""description"": ""Repository for Dimension20"", ""fullName"": ""streaming-infra/Dimension20"", ""host"": ""github.com"", ""organization"": ""streaming-infra"", ""pushedAt"": ""2026-09-28T12:00:00.000Z"", ""repositoryName"": ""Dimension20""}}",2026-10-01,2026-10-01T08:00:00Z
workflow:dimension-20/lou_wilson,workflow,lou_wilson,https://backstage.example.com/workflows/lou_wilson/instances,"[""group:default/dropout-tv-infra""]",[],true,"{""workflow"": {""bqDestinationTableProjects"": [""dropout-tv""], ""bqJobProjects"": [""dropout-tv""], ""enabled"": true, ""offset"": ""PT1H"", ""orchestrationType"": ""orchestrator"", ""parentComponentId"": ""component:default/dimension-20"", ""schedule"": ""days"", ""serviceAccount"": ""dimension-20@dropout-tv.iam.gserviceaccount.com"", ""orchestratorComponentId"": ""dimension-20"", ""orchestratorWorkflowId"": ""lou_wilson"", ""workflowType"": ""cast-member-query""}}",2026-10-01,2026-10-01T08:00:00Z
workflow:dimension-20/zac_oyama,workflow,zac_oyama,https://backstage.example.com/workflows/zac_oyama/instances,"[""group:default/dropout-tv-infra""]",[],true,"{""workflow"": {""bqDestinationTableProjects"": [""dropout-tv""], ""bqJobProjects"": [""dropout-tv""], ""enabled"": true, ""offset"": ""P1D"", ""orchestrationType"": ""orchestrator"", ""parentComponentId"": ""component:default/dimension-20"", ""schedule"": ""weeks"", ""serviceAccount"": ""dimension-20@dropout-tv.iam.gserviceaccount.com"", ""orchestratorComponentId"": ""dimension-20"", ""orchestratorWorkflowId"": ""zac_oyama"", ""workflowType"": ""cast-member-query""}}",2026-10-01,2026-10-01T08:00:00Z
workflow:dimension-20/siobhan_thompson,workflow,siobhan_thompson,https://backstage.example.com/workflows/siobhan_thompson/instances,"[""group:default/dropout-tv-infra""]",[],true,"{""workflow"": {""bqDestinationTableProjects"": [""dropout-tv""], ""bqJobProjects"": [""dropout-tv""], ""enabled"": false, ""offset"": ""PT1H"", ""orchestrationType"": ""orchestrator"", ""parentComponentId"": ""component:default/dimension-20"", ""schedule"": ""days"", ""serviceAccount"": ""dimension-20@dropout-tv.iam.gserviceaccount.com"", ""orchestratorComponentId"": ""dimension-20"", ""orchestratorWorkflowId"": ""siobhan_thompson"", ""workflowType"": ""cast-member-query""}}",2026-10-01,2026-10-01T08:00:00Z
workflow:dimension-20/emily_axford,workflow,emily_axford,https://backstage.example.com/workflows/emily_axford/instances,"[""group:default/dropout-tv-infra""]",[],true,"{""workflow"": {""bqDestinationTableProjects"": [""dropout-tv""], ""bqJobProjects"": [""dropout-tv""], ""enabled"": true, ""offset"": ""P1D"", ""orchestrationType"": ""orchestrator"", ""parentComponentId"": ""component:default/dimension-20"", ""schedule"": ""weeks"", ""serviceAccount"": ""dimension-20@dropout-tv.iam.gserviceaccount.com"", ""orchestratorComponentId"": ""dimension-20"", ""orchestratorWorkflowId"": ""emily_axford"", ""workflowType"": ""cast-member-query""}}",2026-10-01,2026-10-01T08:00:00Z
workflow:dimension-20/brian_murphy,workflow,brian_murphy,https://backstage.example.com/workflows/brian_murphy/instances,"[""group:default/dropout-tv-infra""]",[],true,"{""workflow"": {""bqDestinationTableProjects"": [""dropout-tv""], ""bqJobProjects"": [""dropout-tv""], ""enabled"": true, ""offset"": ""PT1H"", ""orchestrationType"": ""orchestrator"", ""parentComponentId"": ""component:default/dimension-20"", ""schedule"": ""days"", ""serviceAccount"": ""dimension-20@dropout-tv.iam.gserviceaccount.com"", ""orchestratorComponentId"": ""dimension-20"", ""orchestratorWorkflowId"": ""brian_murphy"", ""workflowType"": ""cast-member-query""}}",2026-10-01,2026-10-01T08:00:00Z
component:default/make-some-noise,component,make-some-noise,https://backstage.example.com/catalog/default/Component/make-some-noise,"[""group:default/dropout-tv-infra""]",[],true,"{""component"": {""componentType"": ""service"", ""lifecycle"": ""production""}}",2026-10-01,2026-10-01T08:00:00Z
repository:github.com/streaming-infra/MakeSomeNoise,repository,MakeSomeNoise,https://github.com/streaming-infra/MakeSomeNoise,[],[],true,"{""repository"": {""archived"": false, ""createdAt"": ""2024-01-15T10:00:00.000Z"", ""defaultBranchLastCommit"": {""sha"": ""abc123def456"", ""url"": ""https://github.com/streaming-infra/MakeSomeNoise/commit/abc123def456""}, ""description"": ""Repository for MakeSomeNoise"", ""fullName"": ""streaming-infra/MakeSomeNoise"", ""host"": ""github.com"", ""organization"": ""streaming-infra"", ""pushedAt"": ""2026-09-28T12:00:00.000Z"", ""repositoryName"": ""MakeSomeNoise""}}",2026-10-01,2026-10-01T08:00:00Z
workflow:make-some-noise/josh_ruben,workflow,josh_ruben,https://backstage.example.com/workflows/josh_ruben/instances,"[""group:default/dropout-tv-infra""]",[],true,"{""workflow"": {""bqDestinationTableProjects"": [""dropout-tv""], ""bqJobProjects"": [""dropout-tv""], ""enabled"": true, ""offset"": ""P1D"", ""orchestrationType"": ""orchestrator"", ""parentComponentId"": ""component:default/make-some-noise"", ""schedule"": ""weeks"", ""serviceAccount"": ""make-some-noise@dropout-tv.iam.gserviceaccount.com"", ""orchestratorComponentId"": ""make-some-noise"", ""orchestratorWorkflowId"": ""josh_ruben"", ""workflowType"": ""cast-member-query""}}",2026-10-01,2026-10-01T08:00:00Z
workflow:make-some-noise/paul_robalino,workflow,paul_robalino,https://backstage.example.com/workflows/paul_robalino/instances,"[""group:default/dropout-tv-infra""]",[],true,"{""workflow"": {""bqDestinationTableProjects"": [""dropout-tv""], ""bqJobProjects"": [""dropout-tv""], ""enabled"": false, ""offset"": ""P1D"", ""orchestrationType"": ""orchestrator"", ""parentComponentId"": ""component:default/make-some-noise"", ""schedule"": ""weeks"", ""serviceAccount"": ""make-some-noise@dropout-tv.iam.gserviceaccount.com"", ""orchestratorComponentId"": ""make-some-noise"", ""orchestratorWorkflowId"": ""paul_robalino"", ""workflowType"": ""cast-member-query""}}",2026-10-01,2026-10-01T08:00:00Z
workflow:make-some-noise/jacob_wysocki,workflow,jacob_wysocki,https://backstage.example.com/workflows/jacob_wysocki/instances,"[""group:default/dropout-tv-infra""]",[],true,"{""workflow"": {""bqDestinationTableProjects"": [""dropout-tv""], ""bqJobProjects"": [""dropout-tv""], ""enabled"": true, ""offset"": ""P1D"", ""orchestrationType"": ""orchestrator"", ""parentComponentId"": ""component:default/make-some-noise"", ""schedule"": ""weeks"", ""serviceAccount"": ""make-some-noise@dropout-tv.iam.gserviceaccount.com"", ""orchestratorComponentId"": ""make-some-noise"", ""orchestratorWorkflowId"": ""jacob_wysocki"", ""workflowType"": ""cast-member-query""}}",2026-10-01,2026-10-01T08:00:00Z
workflow:make-some-noise/ross_bryant,workflow,ross_bryant,https://backstage.example.com/workflows/ross_bryant/instances,"[""group:default/dropout-tv-infra""]",[],true,"{""workflow"": {""bqDestinationTableProjects"": [""dropout-tv""], ""bqJobProjects"": [""dropout-tv""], ""enabled"": true, ""offset"": ""PT15M"", ""orchestrationType"": ""orchestrator"", ""parentComponentId"": ""component:default/make-some-noise"", ""schedule"": ""hours"", ""serviceAccount"": ""make-some-noise@dropout-tv.iam.gserviceaccount.com"", ""orchestratorComponentId"": ""make-some-noise"", ""orchestratorWorkflowId"": ""ross_bryant"", ""workflowType"": ""cast-member-query""}}",2026-10-01,2026-10-01T08:00:00Z
component:default/smartypants,component,smartypants,https://backstage.example.com/catalog/default/Component/smartypants,"[""group:default/dropout-tv-infra""]",[],true,"{""component"": {""componentType"": ""service"", ""lifecycle"": ""production""}}",2026-10-01,2026-10-01T08:00:00Z
repository:github.com/streaming-infra/Smartypants,repository,Smartypants,https://github.com/streaming-infra/Smartypants,[],[],true,"{""repository"": {""archived"": false, ""createdAt"": ""2024-01-15T10:00:00.000Z"", ""defaultBranchLastCommit"": {""sha"": ""abc123def456"", ""url"": ""https://github.com/streaming-infra/Smartypants/commit/abc123def456""}, ""description"": ""Repository for Smartypants"", ""fullName"": ""streaming-infra/Smartypants"", ""host"": ""github.com"", ""organization"": ""streaming-infra"", ""pushedAt"": ""2026-09-28T12:00:00.000Z"", ""repositoryName"": ""Smartypants""}}",2026-10-01,2026-10-01T08:00:00Z
workflow:smartypants/rekha_shankar,workflow,rekha_shankar,https://backstage.example.com/workflows/rekha_shankar/instances,"[""group:default/dropout-tv-infra""]",[],true,"{""workflow"": {""bqDestinationTableProjects"": [""dropout-tv""], ""bqJobProjects"": [""dropout-tv""], ""enabled"": true, ""offset"": ""PT1H"", ""orchestrationType"": ""orchestrator"", ""parentComponentId"": ""component:default/smartypants"", ""schedule"": ""days"", ""serviceAccount"": ""smartypants@dropout-tv.iam.gserviceaccount.com"", ""orchestratorComponentId"": ""smartypants"", ""orchestratorWorkflowId"": ""rekha_shankar"", ""workflowType"": ""cast-member-query""}}",2026-10-01,2026-10-01T08:00:00Z
workflow:smartypants/mike_trapp,workflow,mike_trapp,https://backstage.example.com/workflows/mike_trapp/instances,"[""group:default/dropout-tv-infra""]",[],true,"{""workflow"": {""bqDestinationTableProjects"": [""dropout-tv""], ""bqJobProjects"": [""dropout-tv""], ""enabled"": true, ""offset"": ""PT1H"", ""orchestrationType"": ""orchestrator"", ""parentComponentId"": ""component:default/smartypants"", ""schedule"": ""days"", ""serviceAccount"": ""smartypants@dropout-tv.iam.gserviceaccount.com"", ""orchestratorComponentId"": ""smartypants"", ""orchestratorWorkflowId"": ""mike_trapp"", ""workflowType"": ""cast-member-query""}}",2026-10-01,2026-10-01T08:00:00Z
workflow:smartypants/demi_adejuyigbe,workflow,demi_adejuyigbe,https://backstage.example.com/workflows/demi_adejuyigbe/instances,"[""group:default/dropout-tv-infra""]",[],true,"{""workflow"": {""bqDestinationTableProjects"": [""dropout-tv""], ""bqJobProjects"": [""dropout-tv""], ""enabled"": true, ""offset"": ""PT15M"", ""orchestrationType"": ""orchestrator"", ""parentComponentId"": ""component:default/smartypants"", ""schedule"": ""hours"", ""serviceAccount"": ""smartypants@dropout-tv.iam.gserviceaccount.com"", ""orchestratorComponentId"": ""smartypants"", ""orchestratorWorkflowId"": ""demi_adejuyigbe"", ""workflowType"": ""cast-member-query""}}",2026-10-01,2026-10-01T08:00:00Z
component:default/hundreds-of-beavers,component,hundreds-of-beavers,https://backstage.example.com/catalog/default/Component/hundreds-of-beavers,"[""group:default/dropout-tv-infra""]",[],true,"{""component"": {""componentType"": ""service"", ""lifecycle"": ""production""}}",2026-10-01,2026-10-01T08:00:00Z
repository:github.com/streaming-infra/HundredsOfBeavers,repository,HundredsOfBeavers,https://github.com/streaming-infra/HundredsOfBeavers,[],[],true,"{""repository"": {""archived"": false, ""createdAt"": ""2024-01-15T10:00:00.000Z"", ""defaultBranchLastCommit"": {""sha"": ""abc123def456"", ""url"": ""https://github.com/streaming-infra/HundredsOfBeavers/commit/abc123def456""}, ""description"": ""Repository for HundredsOfBeavers"", ""fullName"": ""streaming-infra/HundredsOfBeavers"", ""host"": ""github.com"", ""organization"": ""streaming-infra"", ""pushedAt"": ""2026-09-28T12:00:00.000Z"", ""repositoryName"": ""HundredsOfBeavers""}}",2026-10-01,2026-10-01T08:00:00Z
workflow:hundreds-of-beavers/nick_bellore,workflow,nick_bellore,https://backstage.example.com/workflows/nick_bellore/instances,"[""group:default/dropout-tv-infra""]",[],true,"{""workflow"": {""bqDestinationTableProjects"": [""dropout-tv""], ""bqJobProjects"": [""dropout-tv""], ""enabled"": true, ""offset"": ""PT15M"", ""orchestrationType"": ""orchestrator"", ""parentComponentId"": ""component:default/hundreds-of-beavers"", ""schedule"": ""hours"", ""serviceAccount"": ""hundreds-of-beavers@dropout-tv.iam.gserviceaccount.com"", ""orchestratorComponentId"": ""hundreds-of-beavers"", ""orchestratorWorkflowId"": ""nick_bellore"", ""workflowType"": ""crew-member-query""}}",2026-10-01,2026-10-01T08:00:00Z
workflow:hundreds-of-beavers/mario_balistreri,workflow,mario_balistreri,https://backstage.example.com/workflows/mario_balistreri/instances,"[""group:default/dropout-tv-infra""]",[],true,"{""workflow"": {""bqDestinationTableProjects"": [""dropout-tv""], ""bqJobProjects"": [""dropout-tv""], ""enabled"": false, ""offset"": ""P1D"", ""orchestrationType"": ""orchestrator"", ""parentComponentId"": ""component:default/hundreds-of-beavers"", ""schedule"": ""weeks"", ""serviceAccount"": ""hundreds-of-beavers@dropout-tv.iam.gserviceaccount.com"", ""orchestratorComponentId"": ""hundreds-of-beavers"", ""orchestratorWorkflowId"": ""mario_balistreri"", ""workflowType"": ""crew-member-query""}}",2026-10-01,2026-10-01T08:00:00Z
workflow:hundreds-of-beavers/mike_cheslik,workflow,mike_cheslik,https://backstage.example.com/workflows/mike_cheslik/instances,"[""group:default/dropout-tv-infra""]",[],true,"{""workflow"": {""bqDestinationTableProjects"": [""dropout-tv""], ""bqJobProjects"": [""dropout-tv""], ""enabled"": true, ""offset"": ""PT1H"", ""orchestrationType"": ""orchestrator"", ""parentComponentId"": ""component:default/hundreds-of-beavers"", ""schedule"": ""days"", ""serviceAccount"": ""hundreds-of-beavers@dropout-tv.iam.gserviceaccount.com"", ""orchestratorComponentId"": ""hundreds-of-beavers"", ""orchestratorWorkflowId"": ""mike_cheslik"", ""workflowType"": ""crew-member-query""}}",2026-10-01,2026-10-01T08:00:00Z
gcp-project:hulu,gcp_project,hulu,https://console.cloud.google.com/home/dashboard?project=hulu,"[""group:default/hulu-infra""]",[],true,"{""gcp-project"": {""project_id"": ""hulu""}}",2026-10-01,2026-10-01T08:00:00Z
component:default/nirvanna-the-band-the-show-the-movie,component,nirvanna-the-band-the-show-the-movie,https://backstage.example.com/catalog/default/Component/nirvanna-the-band-the-show-the-movie,"[""group:default/hulu-infra""]",[],true,"{""component"": {""componentType"": ""service"", ""lifecycle"": ""production""}}",2026-10-01,2026-10-01T08:00:00Z
repository:github.com/streaming-infra/NirvannaTheBandTheShowTheMovie,repository,NirvannaTheBandTheShowTheMovie,https://github.com/streaming-infra/NirvannaTheBandTheShowTheMovie,[],[],true,"{""repository"": {""archived"": false, ""createdAt"": ""2024-01-15T10:00:00.000Z"", ""defaultBranchLastCommit"": {""sha"": ""abc123def456"", ""url"": ""https://github.com/streaming-infra/NirvannaTheBandTheShowTheMovie/commit/abc123def456""}, ""description"": ""Repository for NirvannaTheBandTheShowTheMovie"", ""fullName"": ""streaming-infra/NirvannaTheBandTheShowTheMovie"", ""host"": ""github.com"", ""organization"": ""streaming-infra"", ""pushedAt"": ""2026-09-28T12:00:00.000Z"", ""repositoryName"": ""NirvannaTheBandTheShowTheMovie""}}",2026-10-01,2026-10-01T08:00:00Z
workflow:nirvanna-the-band-the-show-the-movie/jay_mccarrol,workflow,jay_mccarrol,https://backstage.example.com/workflows/jay_mccarrol/instances,"[""group:default/hulu-infra""]",[],true,"{""workflow"": {""bqDestinationTableProjects"": [""hulu""], ""bqJobProjects"": [""hulu""], ""enabled"": true, ""offset"": ""PT1H"", ""orchestrationType"": ""orchestrator"", ""parentComponentId"": ""component:default/nirvanna-the-band-the-show-the-movie"", ""schedule"": ""days"", ""serviceAccount"": ""nirvanna-the-band-the-show-the-movie@hulu.iam.gserviceaccount.com"", ""orchestratorComponentId"": ""nirvanna-the-band-the-show-the-movie"", ""orchestratorWorkflowId"": ""jay_mccarrol"", ""workflowType"": ""cast-member-query""}}",2026-10-01,2026-10-01T08:00:00Z
workflow:nirvanna-the-band-the-show-the-movie/matt_johnson,workflow,matt_johnson,https://backstage.example.com/workflows/matt_johnson/instances,"[""group:default/hulu-infra""]",[],true,"{""workflow"": {""bqDestinationTableProjects"": [""hulu""], ""bqJobProjects"": [""hulu""], ""enabled"": true, ""offset"": ""PT15M"", ""orchestrationType"": ""orchestrator"", ""parentComponentId"": ""component:default/nirvanna-the-band-the-show-the-movie"", ""schedule"": ""hours"", ""serviceAccount"": ""nirvanna-the-band-the-show-the-movie@hulu.iam.gserviceaccount.com"", ""orchestratorComponentId"": ""nirvanna-the-band-the-show-the-movie"", ""orchestratorWorkflowId"": ""matt_johnson"", ""workflowType"": ""cast-member-query""}}",2026-10-01,2026-10-01T08:00:00Z
workflow:nirvanna-the-band-the-show-the-movie/jared_raab,workflow,jared_raab,https://backstage.example.com/workflows/jared_raab/instances,"[""group:default/hulu-infra""]",[],true,"{""workflow"": {""bqDestinationTableProjects"": [""hulu""], ""bqJobProjects"": [""hulu""], ""enabled"": false, ""offset"": ""PT1H"", ""orchestrationType"": ""orchestrator"", ""parentComponentId"": ""component:default/nirvanna-the-band-the-show-the-movie"", ""schedule"": ""days"", ""serviceAccount"": ""nirvanna-the-band-the-show-the-movie@hulu.iam.gserviceaccount.com"", ""orchestratorComponentId"": ""nirvanna-the-band-the-show-the-movie"", ""orchestratorWorkflowId"": ""jared_raab"", ""workflowType"": ""cast-member-query""}}",2026-10-01,2026-10-01T08:00:00Z
component:default/saturday-night,component,saturday-night,https://backstage.example.com/catalog/default/Component/saturday-night,"[""group:default/hulu-infra""]",[],true,"{""component"": {""componentType"": ""service"", ""lifecycle"": ""production""}}",2026-10-01,2026-10-01T08:00:00Z
repository:github.com/streaming-infra/SaturdayNight,repository,SaturdayNight,https://github.com/streaming-infra/SaturdayNight,[],[],true,"{""repository"": {""archived"": false, ""createdAt"": ""2024-01-15T10:00:00.000Z"", ""defaultBranchLastCommit"": {""sha"": ""abc123def456"", ""url"": ""https://github.com/streaming-infra/SaturdayNight/commit/abc123def456""}, ""description"": ""Repository for SaturdayNight"", ""fullName"": ""streaming-infra/SaturdayNight"", ""host"": ""github.com"", ""organization"": ""streaming-infra"", ""pushedAt"": ""2026-09-28T12:00:00.000Z"", ""repositoryName"": ""SaturdayNight""}}",2026-10-01,2026-10-01T08:00:00Z
workflow:saturday-night/gabriel_labelle,workflow,gabriel_labelle,https://backstage.example.com/workflows/gabriel_labelle/instances,"[""group:default/hulu-infra""]",[],true,"{""workflow"": {""bqDestinationTableProjects"": [""hulu""], ""bqJobProjects"": [""hulu""], ""enabled"": true, ""offset"": ""P1D"", ""orchestrationType"": ""orchestrator"", ""parentComponentId"": ""component:default/saturday-night"", ""schedule"": ""weeks"", ""serviceAccount"": ""saturday-night@hulu.iam.gserviceaccount.com"", ""orchestratorComponentId"": ""saturday-night"", ""orchestratorWorkflowId"": ""gabriel_labelle"", ""workflowType"": ""cast-member-query""}}",2026-10-01,2026-10-01T08:00:00Z
workflow:saturday-night/rachel_sennott,workflow,rachel_sennott,https://backstage.example.com/workflows/rachel_sennott/instances,"[""group:default/hulu-infra""]",[],true,"{""workflow"": {""bqDestinationTableProjects"": [""hulu""], ""bqJobProjects"": [""hulu""], ""enabled"": true, ""offset"": ""PT15M"", ""orchestrationType"": ""orchestrator"", ""parentComponentId"": ""component:default/saturday-night"", ""schedule"": ""hours"", ""serviceAccount"": ""saturday-night@hulu.iam.gserviceaccount.com"", ""orchestratorComponentId"": ""saturday-night"", ""orchestratorWorkflowId"": ""rachel_sennott"", ""workflowType"": ""cast-member-query""}}",2026-10-01,2026-10-01T08:00:00Z
workflow:saturday-night/cory_michael_smith,workflow,cory_michael_smith,https://backstage.example.com/workflows/cory_michael_smith/instances,"[""group:default/hulu-infra""]",[],true,"{""workflow"": {""bqDestinationTableProjects"": [""hulu""], ""bqJobProjects"": [""hulu""], ""enabled"": true, ""offset"": ""PT15M"", ""orchestrationType"": ""orchestrator"", ""parentComponentId"": ""component:default/saturday-night"", ""schedule"": ""hours"", ""serviceAccount"": ""saturday-night@hulu.iam.gserviceaccount.com"", ""orchestratorComponentId"": ""saturday-night"", ""orchestratorWorkflowId"": ""cory_michael_smith"", ""workflowType"": ""cast-member-query""}}",2026-10-01,2026-10-01T08:00:00Z
workflow:saturday-night/ella_hunt,workflow,ella_hunt,https://backstage.example.com/workflows/ella_hunt/instances,"[""group:default/hulu-infra""]",[],true,"{""workflow"": {""bqDestinationTableProjects"": [""hulu""], ""bqJobProjects"": [""hulu""], ""enabled"": true, ""offset"": ""PT1H"", ""orchestrationType"": ""orchestrator"", ""parentComponentId"": ""component:default/saturday-night"", ""schedule"": ""days"", ""serviceAccount"": ""saturday-night@hulu.iam.gserviceaccount.com"", ""orchestratorComponentId"": ""saturday-night"", ""orchestratorWorkflowId"": ""ella_hunt"", ""workflowType"": ""cast-member-query""}}",2026-10-01,2026-10-01T08:00:00Z
workflow:saturday-night/dylan_obrien,workflow,dylan_obrien,https://backstage.example.com/workflows/dylan_obrien/instances,"[""group:default/hulu-infra""]",[],true,"{""workflow"": {""bqDestinationTableProjects"": [""hulu""], ""bqJobProjects"": [""hulu""], ""enabled"": true, ""offset"": ""P1D"", ""orchestrationType"": ""orchestrator"", ""parentComponentId"": ""component:default/saturday-night"", ""schedule"": ""weeks"", ""serviceAccount"": ""saturday-night@hulu.iam.gserviceaccount.com"", ""orchestratorComponentId"": ""saturday-night"", ""orchestratorWorkflowId"": ""dylan_obrien"", ""workflowType"": ""cast-member-query""}}",2026-10-01,2026-10-01T08:00:00Z
component:default/everything-everywhere-all-at-once,component,everything-everywhere-all-at-once,https://backstage.example.com/catalog/default/Component/everything-everywhere-all-at-once,"[""group:default/hulu-infra""]",[],true,"{""component"": {""componentType"": ""service"", ""lifecycle"": ""production""}}",2026-10-01,2026-10-01T08:00:00Z
repository:github.com/streaming-infra/EverythingEverywhereAllAtOnce,repository,EverythingEverywhereAllAtOnce,https://github.com/streaming-infra/EverythingEverywhereAllAtOnce,[],[],true,"{""repository"": {""archived"": false, ""createdAt"": ""2024-01-15T10:00:00.000Z"", ""defaultBranchLastCommit"": {""sha"": ""abc123def456"", ""url"": ""https://github.com/streaming-infra/EverythingEverywhereAllAtOnce/commit/abc123def456""}, ""description"": ""Repository for EverythingEverywhereAllAtOnce"", ""fullName"": ""streaming-infra/EverythingEverywhereAllAtOnce"", ""host"": ""github.com"", ""organization"": ""streaming-infra"", ""pushedAt"": ""2026-09-28T12:00:00.000Z"", ""repositoryName"": ""EverythingEverywhereAllAtOnce""}}",2026-10-01,2026-10-01T08:00:00Z
workflow:everything-everywhere-all-at-once/michelle_yeoh,workflow,michelle_yeoh,https://backstage.example.com/workflows/michelle_yeoh/instances,"[""group:default/hulu-infra""]",[],true,"{""workflow"": {""bqDestinationTableProjects"": [""hulu""], ""bqJobProjects"": [""hulu""], ""enabled"": true, ""offset"": ""PT15M"", ""orchestrationType"": ""orchestrator"", ""parentComponentId"": ""component:default/everything-everywhere-all-at-once"", ""schedule"": ""hours"", ""serviceAccount"": ""everything-everywhere-all-at-once@hulu.iam.gserviceaccount.com"", ""orchestratorComponentId"": ""everything-everywhere-all-at-once"", ""orchestratorWorkflowId"": ""michelle_yeoh"", ""workflowType"": ""cast-member-query""}}",2026-10-01,2026-10-01T08:00:00Z
workflow:everything-everywhere-all-at-once/stephanie_hsu,workflow,stephanie_hsu,https://backstage.example.com/workflows/stephanie_hsu/instances,"[""group:default/hulu-infra""]",[],true,"{""workflow"": {""bqDestinationTableProjects"": [""hulu""], ""bqJobProjects"": [""hulu""], ""enabled"": true, ""offset"": ""PT15M"", ""orchestrationType"": ""orchestrator"", ""parentComponentId"": ""component:default/everything-everywhere-all-at-once"", ""schedule"": ""hours"", ""serviceAccount"": ""everything-everywhere-all-at-once@hulu.iam.gserviceaccount.com"", ""orchestratorComponentId"": ""everything-everywhere-all-at-once"", ""orchestratorWorkflowId"": ""stephanie_hsu"", ""workflowType"": ""cast-member-query""}}",2026-10-01,2026-10-01T08:00:00Z
workflow:everything-everywhere-all-at-once/ke_huy_quan,workflow,ke_huy_quan,https://backstage.example.com/workflows/ke_huy_quan/instances,"[""group:default/hulu-infra""]",[],true,"{""workflow"": {""bqDestinationTableProjects"": [""hulu""], ""bqJobProjects"": [""hulu""], ""enabled"": true, ""offset"": ""PT1H"", ""orchestrationType"": ""orchestrator"", ""parentComponentId"": ""component:default/everything-everywhere-all-at-once"", ""schedule"": ""days"", ""serviceAccount"": ""everything-everywhere-all-at-once@hulu.iam.gserviceaccount.com"", ""orchestratorComponentId"": ""everything-everywhere-all-at-once"", ""orchestratorWorkflowId"": ""ke_huy_quan"", ""workflowType"": ""cast-member-query""}}",2026-10-01,2026-10-01T08:00:00Z
workflow:everything-everywhere-all-at-once/james_hong,workflow,james_hong,https://backstage.example.com/workflows/james_hong/instances,"[""group:default/hulu-infra""]",[],true,"{""workflow"": {""bqDestinationTableProjects"": [""hulu""], ""bqJobProjects"": [""hulu""], ""enabled"": true, ""offset"": ""PT15M"", ""orchestrationType"": ""orchestrator"", ""parentComponentId"": ""component:default/everything-everywhere-all-at-once"", ""schedule"": ""hours"", ""serviceAccount"": ""everything-everywhere-all-at-once@hulu.iam.gserviceaccount.com"", ""orchestratorComponentId"": ""everything-everywhere-all-at-once"", ""orchestratorWorkflowId"": ""james_hong"", ""workflowType"": ""cast-member-query""}}",2026-10-01,2026-10-01T08:00:00Z
workflow:everything-everywhere-all-at-once/jamie_lee_curtis,workflow,jamie_lee_curtis,https://backstage.example.com/workflows/jamie_lee_curtis/instances,"[""group:default/hulu-infra""]",[],true,"{""workflow"": {""bqDestinationTableProjects"": [""hulu""], ""bqJobProjects"": [""hulu""], ""enabled"": true, ""offset"": ""PT1H"", ""orchestrationType"": ""orchestrator"", ""parentComponentId"": ""component:default/everything-everywhere-all-at-once"", ""schedule"": ""days"", ""serviceAccount"": ""everything-everywhere-all-at-once@hulu.iam.gserviceaccount.com"", ""orchestratorComponentId"": ""everything-everywhere-all-at-once"", ""orchestratorWorkflowId"": ""jamie_lee_curtis"", ""workflowType"": ""cast-member-query""}}",2026-10-01,2026-10-01T08:00:00Z
component:default/palm-springs,component,palm-springs,https://backstage.example.com/catalog/default/Component/palm-springs,"[""group:default/hulu-infra""]",[],true,"{""component"": {""componentType"": ""service"", ""lifecycle"": ""production""}}",2026-10-01,2026-10-01T08:00:00Z
repository:github.com/streaming-infra/PalmSprings,repository,PalmSprings,https://github.com/streaming-infra/PalmSprings,[],[],true,"{""repository"": {""archived"": false, ""createdAt"": ""2024-01-15T10:00:00.000Z"", ""defaultBranchLastCommit"": {""sha"": ""abc123def456"", ""url"": ""https://github.com/streaming-infra/PalmSprings/commit/abc123def456""}, ""description"": ""Repository for PalmSprings"", ""fullName"": ""streaming-infra/PalmSprings"", ""host"": ""github.com"", ""organization"": ""streaming-infra"", ""pushedAt"": ""2026-09-28T12:00:00.000Z"", ""repositoryName"": ""PalmSprings""}}",2026-10-01,2026-10-01T08:00:00Z
workflow:palm-springs/andy_samberg,workflow,andy_samberg,https://backstage.example.com/workflows/andy_samberg/instances,"[""group:default/hulu-infra""]",[],true,"{""workflow"": {""bqDestinationTableProjects"": [""hulu""], ""bqJobProjects"": [""hulu""], ""enabled"": true, ""offset"": ""PT1H"", ""orchestrationType"": ""orchestrator"", ""parentComponentId"": ""component:default/palm-springs"", ""schedule"": ""days"", ""serviceAccount"": ""palm-springs@hulu.iam.gserviceaccount.com"", ""orchestratorComponentId"": ""palm-springs"", ""orchestratorWorkflowId"": ""andy_samberg"", ""workflowType"": ""cast-member-query""}}",2026-10-01,2026-10-01T08:00:00Z
workflow:palm-springs/cristin_milioti,workflow,cristin_milioti,https://backstage.example.com/workflows/cristin_milioti/instances,"[""group:default/hulu-infra""]",[],true,"{""workflow"": {""bqDestinationTableProjects"": [""hulu""], ""bqJobProjects"": [""hulu""], ""enabled"": true, ""offset"": ""PT1H"", ""orchestrationType"": ""orchestrator"", ""parentComponentId"": ""component:default/palm-springs"", ""schedule"": ""days"", ""serviceAccount"": ""palm-springs@hulu.iam.gserviceaccount.com"", ""orchestratorComponentId"": ""palm-springs"", ""orchestratorWorkflowId"": ""cristin_milioti"", ""workflowType"": ""cast-member-query""}}",2026-10-01,2026-10-01T08:00:00Z
workflow:palm-springs/jk_simmons,workflow,jk_simmons,https://backstage.example.com/workflows/jk_simmons/instances,"[""group:default/hulu-infra""]",[],true,"{""workflow"": {""bqDestinationTableProjects"": [""hulu""], ""bqJobProjects"": [""hulu""], ""enabled"": true, ""offset"": ""PT1H"", ""orchestrationType"": ""orchestrator"", ""parentComponentId"": ""component:default/palm-springs"", ""schedule"": ""days"", ""serviceAccount"": ""palm-springs@hulu.iam.gserviceaccount.com"", ""orchestratorComponentId"": ""palm-springs"", ""orchestratorWorkflowId"": ""jk_simmons"", ""workflowType"": ""cast-member-query""}}",2026-10-01,2026-10-01T08:00:00Z
workflow:palm-springs/peter_gallagher,workflow,peter_gallagher,https://backstage.example.com/workflows/peter_gallagher/instances,"[""group:default/hulu-infra""]",[],true,"{""workflow"": {""bqDestinationTableProjects"": [""hulu""], ""bqJobProjects"": [""hulu""], ""enabled"": true, ""offset"": ""PT1H"", ""orchestrationType"": ""orchestrator"", ""parentComponentId"": ""component:default/palm-springs"", ""schedule"": ""days"", ""serviceAccount"": ""palm-springs@hulu.iam.gserviceaccount.com"", ""orchestratorComponentId"": ""palm-springs"", ""orchestratorWorkflowId"": ""peter_gallagher"", ""workflowType"": ""cast-member-query""}}",2026-10-01,2026-10-01T08:00:00Z
component:default/adults,component,adults,https://backstage.example.com/catalog/default/Component/adults,"[""group:default/hulu-infra""]",[],true,"{""component"": {""componentType"": ""service"", ""lifecycle"": ""production""}}",2026-10-01,2026-10-01T08:00:00Z
repository:github.com/streaming-infra/Adults,repository,Adults,https://github.com/streaming-infra/Adults,[],[],true,"{""repository"": {""archived"": false, ""createdAt"": ""2024-01-15T10:00:00.000Z"", ""defaultBranchLastCommit"": {""sha"": ""abc123def456"", ""url"": ""https://github.com/streaming-infra/Adults/commit/abc123def456""}, ""description"": ""Repository for Adults"", ""fullName"": ""streaming-infra/Adults"", ""host"": ""github.com"", ""organization"": ""streaming-infra"", ""pushedAt"": ""2026-09-28T12:00:00.000Z"", ""repositoryName"": ""Adults""}}",2026-10-01,2026-10-01T08:00:00Z
workflow:adults/malik_elassal,workflow,malik_elassal,https://backstage.example.com/workflows/malik_elassal/instances,"[""group:default/hulu-infra""]",[],true,"{""workflow"": {""bqDestinationTableProjects"": [""hulu""], ""bqJobProjects"": [""hulu""], ""enabled"": true, ""offset"": ""PT1H"", ""orchestrationType"": ""orchestrator"", ""parentComponentId"": ""component:default/adults"", ""schedule"": ""days"", ""serviceAccount"": ""adults@hulu.iam.gserviceaccount.com"", ""orchestratorComponentId"": ""adults"", ""orchestratorWorkflowId"": ""malik_elassal"", ""workflowType"": ""cast-member-query""}}",2026-10-01,2026-10-01T08:00:00Z
workflow:adults/lucy_freyer,workflow,lucy_freyer,https://backstage.example.com/workflows/lucy_freyer/instances,"[""group:default/hulu-infra""]",[],true,"{""workflow"": {""bqDestinationTableProjects"": [""hulu""], ""bqJobProjects"": [""hulu""], ""enabled"": false, ""offset"": ""P1D"", ""orchestrationType"": ""orchestrator"", ""parentComponentId"": ""component:default/adults"", ""schedule"": ""weeks"", ""serviceAccount"": ""adults@hulu.iam.gserviceaccount.com"", ""orchestratorComponentId"": ""adults"", ""orchestratorWorkflowId"": ""lucy_freyer"", ""workflowType"": ""cast-member-query""}}",2026-10-01,2026-10-01T08:00:00Z
workflow:adults/jack_innanen,workflow,jack_innanen,https://backstage.example.com/workflows/jack_innanen/instances,"[""group:default/hulu-infra""]",[],true,"{""workflow"": {""bqDestinationTableProjects"": [""hulu""], ""bqJobProjects"": [""hulu""], ""enabled"": true, ""offset"": ""PT1H"", ""orchestrationType"": ""orchestrator"", ""parentComponentId"": ""component:default/adults"", ""schedule"": ""days"", ""serviceAccount"": ""adults@hulu.iam.gserviceaccount.com"", ""orchestratorComponentId"": ""adults"", ""orchestratorWorkflowId"": ""jack_innanen"", ""workflowType"": ""cast-member-query""}}",2026-10-01,2026-10-01T08:00:00Z
component:default/over-the-garden-wall,component,over-the-garden-wall,https://backstage.example.com/catalog/default/Component/over-the-garden-wall,"[""group:default/hulu-infra""]",[],true,"{""component"": {""componentType"": ""service"", ""lifecycle"": ""production""}}",2026-10-01,2026-10-01T08:00:00Z
repository:github.com/streaming-infra/OverTheGardenWall,repository,OverTheGardenWall,https://github.com/streaming-infra/OverTheGardenWall,[],[],true,"{""repository"": {""archived"": false, ""createdAt"": ""2024-01-15T10:00:00.000Z"", ""defaultBranchLastCommit"": {""sha"": ""abc123def456"", ""url"": ""https://github.com/streaming-infra/OverTheGardenWall/commit/abc123def456""}, ""description"": ""Repository for OverTheGardenWall"", ""fullName"": ""streaming-infra/OverTheGardenWall"", ""host"": ""github.com"", ""organization"": ""streaming-infra"", ""pushedAt"": ""2026-09-28T12:00:00.000Z"", ""repositoryName"": ""OverTheGardenWall""}}",2026-10-01,2026-10-01T08:00:00Z
workflow:over-the-garden-wall/wirt,workflow,wirt,https://backstage.example.com/workflows/wirt/instances,"[""group:default/hulu-infra""]",[],true,"{""workflow"": {""bqDestinationTableProjects"": [""hulu""], ""bqJobProjects"": [""hulu""], ""enabled"": true, ""offset"": ""PT1H"", ""orchestrationType"": ""orchestrator"", ""parentComponentId"": ""component:default/over-the-garden-wall"", ""schedule"": ""days"", ""serviceAccount"": ""over-the-garden-wall@hulu.iam.gserviceaccount.com"", ""orchestratorComponentId"": ""over-the-garden-wall"", ""orchestratorWorkflowId"": ""wirt"", ""workflowType"": ""character-query""}}",2026-10-01,2026-10-01T08:00:00Z
workflow:over-the-garden-wall/gregory,workflow,gregory,https://backstage.example.com/workflows/gregory/instances,"[""group:default/hulu-infra""]",[],true,"{""workflow"": {""bqDestinationTableProjects"": [""hulu""], ""bqJobProjects"": [""hulu""], ""enabled"": true, ""offset"": ""PT1H"", ""orchestrationType"": ""orchestrator"", ""parentComponentId"": ""component:default/over-the-garden-wall"", ""schedule"": ""days"", ""serviceAccount"": ""over-the-garden-wall@hulu.iam.gserviceaccount.com"", ""orchestratorComponentId"": ""over-the-garden-wall"", ""orchestratorWorkflowId"": ""gregory"", ""workflowType"": ""character-query""}}",2026-10-01,2026-10-01T08:00:00Z
workflow:over-the-garden-wall/beatrice,workflow,beatrice,https://backstage.example.com/workflows/beatrice/instances,"[""group:default/hulu-infra""]",[],true,"{""workflow"": {""bqDestinationTableProjects"": [""hulu""], ""bqJobProjects"": [""hulu""], ""enabled"": true, ""offset"": ""PT1H"", ""orchestrationType"": ""orchestrator"", ""parentComponentId"": ""component:default/over-the-garden-wall"", ""schedule"": ""days"", ""serviceAccount"": ""over-the-garden-wall@hulu.iam.gserviceaccount.com"", ""orchestratorComponentId"": ""over-the-garden-wall"", ""orchestratorWorkflowId"": ""beatrice"", ""workflowType"": ""character-query""}}",2026-10-01,2026-10-01T08:00:00Z
workflow:over-the-garden-wall/the_beast,workflow,the_beast,https://backstage.example.com/workflows/the_beast/instances,"[""group:default/hulu-infra""]",[],true,"{""workflow"": {""bqDestinationTableProjects"": [""hulu""], ""bqJobProjects"": [""hulu""], ""enabled"": true, ""offset"": ""PT15M"", ""orchestrationType"": ""orchestrator"", ""parentComponentId"": ""component:default/over-the-garden-wall"", ""schedule"": ""hours"", ""serviceAccount"": ""over-the-garden-wall@hulu.iam.gserviceaccount.com"", ""orchestratorComponentId"": ""over-the-garden-wall"", ""orchestratorWorkflowId"": ""the_beast"", ""workflowType"": ""character-query""}}",2026-10-01,2026-10-01T08:00:00Z
gcp-project:disney-plus,gcp_project,disney-plus,https://console.cloud.google.com/home/dashboard?project=disney-plus,"[""group:default/disney-plus-infra""]",[],true,"{""gcp-project"": {""project_id"": ""disney-plus""}}",2026-10-01,2026-10-01T08:00:00Z
component:default/dancing-with-the-stars,component,dancing-with-the-stars,https://backstage.example.com/catalog/default/Component/dancing-with-the-stars,"[""group:default/disney-plus-infra""]",[],true,"{""component"": {""componentType"": ""service"", ""lifecycle"": ""production""}}",2026-10-01,2026-10-01T08:00:00Z
repository:github.com/streaming-infra/DancingWithTheStars,repository,DancingWithTheStars,https://github.com/streaming-infra/DancingWithTheStars,[],[],true,"{""repository"": {""archived"": false, ""createdAt"": ""2024-01-15T10:00:00.000Z"", ""defaultBranchLastCommit"": {""sha"": ""abc123def456"", ""url"": ""https://github.com/streaming-infra/DancingWithTheStars/commit/abc123def456""}, ""description"": ""Repository for DancingWithTheStars"", ""fullName"": ""streaming-infra/DancingWithTheStars"", ""host"": ""github.com"", ""organization"": ""streaming-infra"", ""pushedAt"": ""2026-09-28T12:00:00.000Z"", ""repositoryName"": ""DancingWithTheStars""}}",2026-10-01,2026-10-01T08:00:00Z
workflow:dancing-with-the-stars/carrie_ann_inaba,workflow,carrie_ann_inaba,https://backstage.example.com/workflows/carrie_ann_inaba/instances,"[""group:default/disney-plus-infra""]",[],true,"{""workflow"": {""bqDestinationTableProjects"": [""disney-plus""], ""bqJobProjects"": [""disney-plus""], ""enabled"": true, ""offset"": ""PT15M"", ""orchestrationType"": ""orchestrator"", ""parentComponentId"": ""component:default/dancing-with-the-stars"", ""schedule"": ""hours"", ""serviceAccount"": ""dancing-with-the-stars@disney-plus.iam.gserviceaccount.com"", ""orchestratorComponentId"": ""dancing-with-the-stars"", ""orchestratorWorkflowId"": ""carrie_ann_inaba"", ""workflowType"": ""cast-member-query""}}",2026-10-01,2026-10-01T08:00:00Z
workflow:dancing-with-the-stars/bruno_tonioli,workflow,bruno_tonioli,https://backstage.example.com/workflows/bruno_tonioli/instances,"[""group:default/disney-plus-infra""]",[],true,"{""workflow"": {""bqDestinationTableProjects"": [""disney-plus""], ""bqJobProjects"": [""disney-plus""], ""enabled"": true, ""offset"": ""PT1H"", ""orchestrationType"": ""orchestrator"", ""parentComponentId"": ""component:default/dancing-with-the-stars"", ""schedule"": ""days"", ""serviceAccount"": ""dancing-with-the-stars@disney-plus.iam.gserviceaccount.com"", ""orchestratorComponentId"": ""dancing-with-the-stars"", ""orchestratorWorkflowId"": ""bruno_tonioli"", ""workflowType"": ""cast-member-query""}}",2026-10-01,2026-10-01T08:00:00Z
workflow:dancing-with-the-stars/len_goodman,workflow,len_goodman,https://backstage.example.com/workflows/len_goodman/instances,"[""group:default/disney-plus-infra""]",[],true,"{""workflow"": {""bqDestinationTableProjects"": [""disney-plus""], ""bqJobProjects"": [""disney-plus""], ""enabled"": true, ""offset"": ""PT1H"", ""orchestrationType"": ""orchestrator"", ""parentComponentId"": ""component:default/dancing-with-the-stars"", ""schedule"": ""days"", ""serviceAccount"": ""dancing-with-the-stars@disney-plus.iam.gserviceaccount.com"", ""orchestratorComponentId"": ""dancing-with-the-stars"", ""orchestratorWorkflowId"": ""len_goodman"", ""workflowType"": ""cast-member-query""}}",2026-10-01,2026-10-01T08:00:00Z
workflow:dancing-with-the-stars/tom_bergeron,workflow,tom_bergeron,https://backstage.example.com/workflows/tom_bergeron/instances,"[""group:default/disney-plus-infra""]",[],true,"{""workflow"": {""bqDestinationTableProjects"": [""disney-plus""], ""bqJobProjects"": [""disney-plus""], ""enabled"": true, ""offset"": ""PT1H"", ""orchestrationType"": ""orchestrator"", ""parentComponentId"": ""component:default/dancing-with-the-stars"", ""schedule"": ""days"", ""serviceAccount"": ""dancing-with-the-stars@disney-plus.iam.gserviceaccount.com"", ""orchestratorComponentId"": ""dancing-with-the-stars"", ""orchestratorWorkflowId"": ""tom_bergeron"", ""workflowType"": ""cast-member-query""}}",2026-10-01,2026-10-01T08:00:00Z
workflow:dancing-with-the-stars/julianne_hough,workflow,julianne_hough,https://backstage.example.com/workflows/julianne_hough/instances,"[""group:default/disney-plus-infra""]",[],true,"{""workflow"": {""bqDestinationTableProjects"": [""disney-plus""], ""bqJobProjects"": [""disney-plus""], ""enabled"": true, ""offset"": ""PT15M"", ""orchestrationType"": ""orchestrator"", ""parentComponentId"": ""component:default/dancing-with-the-stars"", ""schedule"": ""hours"", ""serviceAccount"": ""dancing-with-the-stars@disney-plus.iam.gserviceaccount.com"", ""orchestratorComponentId"": ""dancing-with-the-stars"", ""orchestratorWorkflowId"": ""julianne_hough"", ""workflowType"": ""cast-member-query""}}",2026-10-01,2026-10-01T08:00:00Z
workflow:dancing-with-the-stars/derek_hough,workflow,derek_hough,https://backstage.example.com/workflows/derek_hough/instances,"[""group:default/disney-plus-infra""]",[],true,"{""workflow"": {""bqDestinationTableProjects"": [""disney-plus""], ""bqJobProjects"": [""disney-plus""], ""enabled"": true, ""offset"": ""P1D"", ""orchestrationType"": ""orchestrator"", ""parentComponentId"": ""component:default/dancing-with-the-stars"", ""schedule"": ""weeks"", ""serviceAccount"": ""dancing-with-the-stars@disney-plus.iam.gserviceaccount.com"", ""orchestratorComponentId"": ""dancing-with-the-stars"", ""orchestratorWorkflowId"": ""derek_hough"", ""workflowType"": ""cast-member-query""}}",2026-10-01,2026-10-01T08:00:00Z
workflow:dancing-with-the-stars/brooke_burke,workflow,brooke_burke,https://backstage.example.com/workflows/brooke_burke/instances,"[""group:default/disney-plus-infra""]",[],true,"{""workflow"": {""bqDestinationTableProjects"": [""disney-plus""], ""bqJobProjects"": [""disney-plus""], ""enabled"": true, ""offset"": ""PT15M"", ""orchestrationType"": ""orchestrator"", ""parentComponentId"": ""component:default/dancing-with-the-stars"", ""schedule"": ""hours"", ""serviceAccount"": ""dancing-with-the-stars@disney-plus.iam.gserviceaccount.com"", ""orchestratorComponentId"": ""dancing-with-the-stars"", ""orchestratorWorkflowId"": ""brooke_burke"", ""workflowType"": ""cast-member-query""}}",2026-10-01,2026-10-01T08:00:00Z
workflow:dancing-with-the-stars/samantha_harris,workflow,samantha_harris,https://backstage.example.com/workflows/samantha_harris/instances,"[""group:default/disney-plus-infra""]",[],true,"{""workflow"": {""bqDestinationTableProjects"": [""disney-plus""], ""bqJobProjects"": [""disney-plus""], ""enabled"": true, ""offset"": ""PT1H"", ""orchestrationType"": ""orchestrator"", ""parentComponentId"": ""component:default/dancing-with-the-stars"", ""schedule"": ""days"", ""serviceAccount"": ""dancing-with-the-stars@disney-plus.iam.gserviceaccount.com"", ""orchestratorComponentId"": ""dancing-with-the-stars"", ""orchestratorWorkflowId"": ""samantha_harris"", ""workflowType"": ""cast-member-query""}}",2026-10-01,2026-10-01T08:00:00Z
workflow:dancing-with-the-stars/erin_andrews,workflow,erin_andrews,https://backstage.example.com/workflows/erin_andrews/instances,"[""group:default/disney-plus-infra""]",[],true,"{""workflow"": {""bqDestinationTableProjects"": [""disney-plus""], ""bqJobProjects"": [""disney-plus""], ""enabled"": true, ""offset"": ""PT1H"", ""orchestrationType"": ""orchestrator"", ""parentComponentId"": ""component:default/dancing-with-the-stars"", ""schedule"": ""days"", ""serviceAccount"": ""dancing-with-the-stars@disney-plus.iam.gserviceaccount.com"", ""orchestratorComponentId"": ""dancing-with-the-stars"", ""orchestratorWorkflowId"": ""erin_andrews"", ""workflowType"": ""cast-member-query""}}",2026-10-01,2026-10-01T08:00:00Z
workflow:dancing-with-the-stars/cheryl_burke,workflow,cheryl_burke,https://backstage.example.com/workflows/cheryl_burke/instances,"[""group:default/disney-plus-infra""]",[],true,"{""workflow"": {""bqDestinationTableProjects"": [""disney-plus""], ""bqJobProjects"": [""disney-plus""], ""enabled"": true, ""offset"": ""PT1H"", ""orchestrationType"": ""orchestrator"", ""parentComponentId"": ""component:default/dancing-with-the-stars"", ""schedule"": ""days"", ""serviceAccount"": ""dancing-with-the-stars@disney-plus.iam.gserviceaccount.com"", ""orchestratorComponentId"": ""dancing-with-the-stars"", ""orchestratorWorkflowId"": ""cheryl_burke"", ""workflowType"": ""cast-member-query""}}",2026-10-01,2026-10-01T08:00:00Z
workflow:dancing-with-the-stars/driton_tony_dovolani,workflow,driton_tony_dovolani,https://backstage.example.com/workflows/driton_tony_dovolani/instances,"[""group:default/disney-plus-infra""]",[],true,"{""workflow"": {""bqDestinationTableProjects"": [""disney-plus""], ""bqJobProjects"": [""disney-plus""], ""enabled"": false, ""offset"": ""PT1H"", ""orchestrationType"": ""orchestrator"", ""parentComponentId"": ""component:default/dancing-with-the-stars"", ""schedule"": ""days"", ""serviceAccount"": ""dancing-with-the-stars@disney-plus.iam.gserviceaccount.com"", ""orchestratorComponentId"": ""dancing-with-the-stars"", ""orchestratorWorkflowId"": ""driton_tony_dovolani"", ""workflowType"": ""cast-member-query""}}",2026-10-01,2026-10-01T08:00:00Z
workflow:dancing-with-the-stars/mark_ballas,workflow,mark_ballas,https://backstage.example.com/workflows/mark_ballas/instances,"[""group:default/disney-plus-infra""]",[],true,"{""workflow"": {""bqDestinationTableProjects"": [""disney-plus""], ""bqJobProjects"": [""disney-plus""], ""enabled"": true, ""offset"": ""P1D"", ""orchestrationType"": ""orchestrator"", ""parentComponentId"": ""component:default/dancing-with-the-stars"", ""schedule"": ""weeks"", ""serviceAccount"": ""dancing-with-the-stars@disney-plus.iam.gserviceaccount.com"", ""orchestratorComponentId"": ""dancing-with-the-stars"", ""orchestratorWorkflowId"": ""mark_ballas"", ""workflowType"": ""cast-member-query""}}",2026-10-01,2026-10-01T08:00:00Z
workflow:dancing-with-the-stars/kym_johnson,workflow,kym_johnson,https://backstage.example.com/workflows/kym_johnson/instances,"[""group:default/disney-plus-infra""]",[],true,"{""workflow"": {""bqDestinationTableProjects"": [""disney-plus""], ""bqJobProjects"": [""disney-plus""], ""enabled"": true, ""offset"": ""PT15M"", ""orchestrationType"": ""orchestrator"", ""parentComponentId"": ""component:default/dancing-with-the-stars"", ""schedule"": ""hours"", ""serviceAccount"": ""dancing-with-the-stars@disney-plus.iam.gserviceaccount.com"", ""orchestratorComponentId"": ""dancing-with-the-stars"", ""orchestratorWorkflowId"": ""kym_johnson"", ""workflowType"": ""cast-member-query""}}",2026-10-01,2026-10-01T08:00:00Z
workflow:dancing-with-the-stars/karina_smirnoff,workflow,karina_smirnoff,https://backstage.example.com/workflows/karina_smirnoff/instances,"[""group:default/disney-plus-infra""]",[],true,"{""workflow"": {""bqDestinationTableProjects"": [""disney-plus""], ""bqJobProjects"": [""disney-plus""], ""enabled"": true, ""offset"": ""PT1H"", ""orchestrationType"": ""orchestrator"", ""parentComponentId"": ""component:default/dancing-with-the-stars"", ""schedule"": ""days"", ""serviceAccount"": ""dancing-with-the-stars@disney-plus.iam.gserviceaccount.com"", ""orchestratorComponentId"": ""dancing-with-the-stars"", ""orchestratorWorkflowId"": ""karina_smirnoff"", ""workflowType"": ""cast-member-query""}}",2026-10-01,2026-10-01T08:00:00Z
workflow:dancing-with-the-stars/edyta_liwiska,workflow,edyta_liwiska,https://backstage.example.com/workflows/edyta_liwiska/instances,"[""group:default/disney-plus-infra""]",[],true,"{""workflow"": {""bqDestinationTableProjects"": [""disney-plus""], ""bqJobProjects"": [""disney-plus""], ""enabled"": true, ""offset"": ""PT1H"", ""orchestrationType"": ""orchestrator"", ""parentComponentId"": ""component:default/dancing-with-the-stars"", ""schedule"": ""days"", ""serviceAccount"": ""dancing-with-the-stars@disney-plus.iam.gserviceaccount.com"", ""orchestratorComponentId"": ""dancing-with-the-stars"", ""orchestratorWorkflowId"": ""edyta_liwiska"", ""workflowType"": ""cast-member-query""}}",2026-10-01,2026-10-01T08:00:00Z
workflow:dancing-with-the-stars/maksim_chmerkovskiy,workflow,maksim_chmerkovskiy,https://backstage.example.com/workflows/maksim_chmerkovskiy/instances,"[""group:default/disney-plus-infra""]",[],true,"{""workflow"": {""bqDestinationTableProjects"": [""disney-plus""], ""bqJobProjects"": [""disney-plus""], ""enabled"": true, ""offset"": ""PT1H"", ""orchestrationType"": ""orchestrator"", ""parentComponentId"": ""component:default/dancing-with-the-stars"", ""schedule"": ""days"", ""serviceAccount"": ""dancing-with-the-stars@disney-plus.iam.gserviceaccount.com"", ""orchestratorComponentId"": ""dancing-with-the-stars"", ""orchestratorWorkflowId"": ""maksim_chmerkovskiy"", ""workflowType"": ""cast-member-query""}}",2026-10-01,2026-10-01T08:00:00Z
workflow:dancing-with-the-stars/alfonso_ribeiro,workflow,alfonso_ribeiro,https://backstage.example.com/workflows/alfonso_ribeiro/instances,"[""group:default/disney-plus-infra""]",[],true,"{""workflow"": {""bqDestinationTableProjects"": [""disney-plus""], ""bqJobProjects"": [""disney-plus""], ""enabled"": true, ""offset"": ""P1D"", ""orchestrationType"": ""orchestrator"", ""parentComponentId"": ""component:default/dancing-with-the-stars"", ""schedule"": ""weeks"", ""serviceAccount"": ""dancing-with-the-stars@disney-plus.iam.gserviceaccount.com"", ""orchestratorComponentId"": ""dancing-with-the-stars"", ""orchestratorWorkflowId"": ""alfonso_ribeiro"", ""workflowType"": ""cast-member-query""}}",2026-10-01,2026-10-01T08:00:00Z
workflow:dancing-with-the-stars/louis_van_amstel,workflow,louis_van_amstel,https://backstage.example.com/workflows/louis_van_amstel/instances,"[""group:default/disney-plus-infra""]",[],true,"{""workflow"": {""bqDestinationTableProjects"": [""disney-plus""], ""bqJobProjects"": [""disney-plus""], ""enabled"": true, ""offset"": ""P1D"", ""orchestrationType"": ""orchestrator"", ""parentComponentId"": ""component:default/dancing-with-the-stars"", ""schedule"": ""weeks"", ""serviceAccount"": ""dancing-with-the-stars@disney-plus.iam.gserviceaccount.com"", ""orchestratorComponentId"": ""dancing-with-the-stars"", ""orchestratorWorkflowId"": ""louis_van_amstel"", ""workflowType"": ""cast-member-query""}}",2026-10-01,2026-10-01T08:00:00Z
workflow:dancing-with-the-stars/val_chmerkovskiy,workflow,val_chmerkovskiy,https://backstage.example.com/workflows/val_chmerkovskiy/instances,"[""group:default/disney-plus-infra""]",[],true,"{""workflow"": {""bqDestinationTableProjects"": [""disney-plus""], ""bqJobProjects"": [""disney-plus""], ""enabled"": true, ""offset"": ""PT1H"", ""orchestrationType"": ""orchestrator"", ""parentComponentId"": ""component:default/dancing-with-the-stars"", ""schedule"": ""days"", ""serviceAccount"": ""dancing-with-the-stars@disney-plus.iam.gserviceaccount.com"", ""orchestratorComponentId"": ""dancing-with-the-stars"", ""orchestratorWorkflowId"": ""val_chmerkovskiy"", ""workflowType"": ""cast-member-query""}}",2026-10-01,2026-10-01T08:00:00Z
workflow:dancing-with-the-stars/witney_carson,workflow,witney_carson,https://backstage.example.com/workflows/witney_carson/instances,"[""group:default/disney-plus-infra""]",[],true,"{""workflow"": {""bqDestinationTableProjects"": [""disney-plus""], ""bqJobProjects"": [""disney-plus""], ""enabled"": false, ""offset"": ""PT15M"", ""orchestrationType"": ""orchestrator"", ""parentComponentId"": ""component:default/dancing-with-the-stars"", ""schedule"": ""hours"", ""serviceAccount"": ""dancing-with-the-stars@disney-plus.iam.gserviceaccount.com"", ""orchestratorComponentId"": ""dancing-with-the-stars"", ""orchestratorWorkflowId"": ""witney_carson"", ""workflowType"": ""cast-member-query""}}",2026-10-01,2026-10-01T08:00:00Z
workflow:dancing-with-the-stars/jonathan_roberts,workflow,jonathan_roberts,https://backstage.example.com/workflows/jonathan_roberts/instances,"[""group:default/disney-plus-infra""]",[],true,"{""workflow"": {""bqDestinationTableProjects"": [""disney-plus""], ""bqJobProjects"": [""disney-plus""], ""enabled"": true, ""offset"": ""PT15M"", ""orchestrationType"": ""orchestrator"", ""parentComponentId"": ""component:default/dancing-with-the-stars"", ""schedule"": ""hours"", ""serviceAccount"": ""dancing-with-the-stars@disney-plus.iam.gserviceaccount.com"", ""orchestratorComponentId"": ""dancing-with-the-stars"", ""orchestratorWorkflowId"": ""jonathan_roberts"", ""workflowType"": ""cast-member-query""}}",2026-10-01,2026-10-01T08:00:00Z
workflow:dancing-with-the-stars/emma_slater,workflow,emma_slater,https://backstage.example.com/workflows/emma_slater/instances,"[""group:default/disney-plus-infra""]",[],true,"{""workflow"": {""bqDestinationTableProjects"": [""disney-plus""], ""bqJobProjects"": [""disney-plus""], ""enabled"": false, ""offset"": ""PT1H"", ""orchestrationType"": ""orchestrator"", ""parentComponentId"": ""component:default/dancing-with-the-stars"", ""schedule"": ""days"", ""serviceAccount"": ""dancing-with-the-stars@disney-plus.iam.gserviceaccount.com"", ""orchestratorComponentId"": ""dancing-with-the-stars"", ""orchestratorWorkflowId"": ""emma_slater"", ""workflowType"": ""cast-member-query""}}",2026-10-01,2026-10-01T08:00:00Z
workflow:dancing-with-the-stars/lacey_schwimmer,workflow,lacey_schwimmer,https://backstage.example.com/workflows/lacey_schwimmer/instances,"[""group:default/disney-plus-infra""]",[],true,"{""workflow"": {""bqDestinationTableProjects"": [""disney-plus""], ""bqJobProjects"": [""disney-plus""], ""enabled"": true, ""offset"": ""PT1H"", ""orchestrationType"": ""orchestrator"", ""parentComponentId"": ""component:default/dancing-with-the-stars"", ""schedule"": ""days"", ""serviceAccount"": ""dancing-with-the-stars@disney-plus.iam.gserviceaccount.com"", ""orchestratorComponentId"": ""dancing-with-the-stars"", ""orchestratorWorkflowId"": ""lacey_schwimmer"", ""workflowType"": ""cast-member-query""}}",2026-10-01,2026-10-01T08:00:00Z
workflow:dancing-with-the-stars/alan_bersten,workflow,alan_bersten,https://backstage.example.com/workflows/alan_bersten/instances,"[""group:default/disney-plus-infra""]",[],true,"{""workflow"": {""bqDestinationTableProjects"": [""disney-plus""], ""bqJobProjects"": [""disney-plus""], ""enabled"": true, ""offset"": ""P1D"", ""orchestrationType"": ""orchestrator"", ""parentComponentId"": ""component:default/dancing-with-the-stars"", ""schedule"": ""weeks"", ""serviceAccount"": ""dancing-with-the-stars@disney-plus.iam.gserviceaccount.com"", ""orchestratorComponentId"": ""dancing-with-the-stars"", ""orchestratorWorkflowId"": ""alan_bersten"", ""workflowType"": ""cast-member-query""}}",2026-10-01,2026-10-01T08:00:00Z
workflow:dancing-with-the-stars/anna_trebunskaya,workflow,anna_trebunskaya,https://backstage.example.com/workflows/anna_trebunskaya/instances,"[""group:default/disney-plus-infra""]",[],true,"{""workflow"": {""bqDestinationTableProjects"": [""disney-plus""], ""bqJobProjects"": [""disney-plus""], ""enabled"": true, ""offset"": ""PT15M"", ""orchestrationType"": ""orchestrator"", ""parentComponentId"": ""component:default/dancing-with-the-stars"", ""schedule"": ""hours"", ""serviceAccount"": ""dancing-with-the-stars@disney-plus.iam.gserviceaccount.com"", ""orchestratorComponentId"": ""dancing-with-the-stars"", ""orchestratorWorkflowId"": ""anna_trebunskaya"", ""workflowType"": ""cast-member-query""}}",2026-10-01,2026-10-01T08:00:00Z
workflow:dancing-with-the-stars/shawn_johnson,workflow,shawn_johnson,https://backstage.example.com/workflows/shawn_johnson/instances,"[""group:default/disney-plus-infra""]",[],true,"{""workflow"": {""bqDestinationTableProjects"": [""disney-plus""], ""bqJobProjects"": [""disney-plus""], ""enabled"": true, ""offset"": ""PT1H"", ""orchestrationType"": ""orchestrator"", ""parentComponentId"": ""component:default/dancing-with-the-stars"", ""schedule"": ""days"", ""serviceAccount"": ""dancing-with-the-stars@disney-plus.iam.gserviceaccount.com"", ""orchestratorComponentId"": ""dancing-with-the-stars"", ""orchestratorWorkflowId"": ""shawn_johnson"", ""workflowType"": ""cast-member-query""}}",2026-10-01,2026-10-01T08:00:00Z
workflow:dancing-with-the-stars/apolo_ohno,workflow,apolo_ohno,https://backstage.example.com/workflows/apolo_ohno/instances,"[""group:default/disney-plus-infra""]",[],true,"{""workflow"": {""bqDestinationTableProjects"": [""disney-plus""], ""bqJobProjects"": [""disney-plus""], ""enabled"": true, ""offset"": ""PT1H"", ""orchestrationType"": ""orchestrator"", ""parentComponentId"": ""component:default/dancing-with-the-stars"", ""schedule"": ""days"", ""serviceAccount"": ""dancing-with-the-stars@disney-plus.iam.gserviceaccount.com"", ""orchestratorComponentId"": ""dancing-with-the-stars"", ""orchestratorWorkflowId"": ""apolo_ohno"", ""workflowType"": ""cast-member-query""}}",2026-10-01,2026-10-01T08:00:00Z
workflow:dancing-with-the-stars/emmitt_smith,workflow,emmitt_smith,https://backstage.example.com/workflows/emmitt_smith/instances,"[""group:default/disney-plus-infra""]",[],true,"{""workflow"": {""bqDestinationTableProjects"": [""disney-plus""], ""bqJobProjects"": [""disney-plus""], ""enabled"": true, ""offset"": ""PT15M"", ""orchestrationType"": ""orchestrator"", ""parentComponentId"": ""component:default/dancing-with-the-stars"", ""schedule"": ""hours"", ""serviceAccount"": ""dancing-with-the-stars@disney-plus.iam.gserviceaccount.com"", ""orchestratorComponentId"": ""dancing-with-the-stars"", ""orchestratorWorkflowId"": ""emmitt_smith"", ""workflowType"": ""cast-member-query""}}",2026-10-01,2026-10-01T08:00:00Z
workflow:dancing-with-the-stars/gleb_savchenko,workflow,gleb_savchenko,https://backstage.example.com/workflows/gleb_savchenko/instances,"[""group:default/disney-plus-infra""]",[],true,"{""workflow"": {""bqDestinationTableProjects"": [""disney-plus""], ""bqJobProjects"": [""disney-plus""], ""enabled"": false, ""offset"": ""P1D"", ""orchestrationType"": ""orchestrator"", ""parentComponentId"": ""component:default/dancing-with-the-stars"", ""schedule"": ""weeks"", ""serviceAccount"": ""dancing-with-the-stars@disney-plus.iam.gserviceaccount.com"", ""orchestratorComponentId"": ""dancing-with-the-stars"", ""orchestratorWorkflowId"": ""gleb_savchenko"", ""workflowType"": ""cast-member-query""}}",2026-10-01,2026-10-01T08:00:00Z
workflow:dancing-with-the-stars/gilles_marini,workflow,gilles_marini,https://backstage.example.com/workflows/gilles_marini/instances,"[""group:default/disney-plus-infra""]",[],true,"{""workflow"": {""bqDestinationTableProjects"": [""disney-plus""], ""bqJobProjects"": [""disney-plus""], ""enabled"": true, ""offset"": ""PT1H"", ""orchestrationType"": ""orchestrator"", ""parentComponentId"": ""component:default/dancing-with-the-stars"", ""schedule"": ""days"", ""serviceAccount"": ""dancing-with-the-stars@disney-plus.iam.gserviceaccount.com"", ""orchestratorComponentId"": ""dancing-with-the-stars"", ""orchestratorWorkflowId"": ""gilles_marini"", ""workflowType"": ""cast-member-query""}}",2026-10-01,2026-10-01T08:00:00Z
workflow:dancing-with-the-stars/chelsie_hightower,workflow,chelsie_hightower,https://backstage.example.com/workflows/chelsie_hightower/instances,"[""group:default/disney-plus-infra""]",[],true,"{""workflow"": {""bqDestinationTableProjects"": [""disney-plus""], ""bqJobProjects"": [""disney-plus""], ""enabled"": true, ""offset"": ""PT15M"", ""orchestrationType"": ""orchestrator"", ""parentComponentId"": ""component:default/dancing-with-the-stars"", ""schedule"": ""hours"", ""serviceAccount"": ""dancing-with-the-stars@disney-plus.iam.gserviceaccount.com"", ""orchestratorComponentId"": ""dancing-with-the-stars"", ""orchestratorWorkflowId"": ""chelsie_hightower"", ""workflowType"": ""cast-member-query""}}",2026-10-01,2026-10-01T08:00:00Z
workflow:dancing-with-the-stars/alec_mazo,workflow,alec_mazo,https://backstage.example.com/workflows/alec_mazo/instances,"[""group:default/disney-plus-infra""]",[],true,"{""workflow"": {""bqDestinationTableProjects"": [""disney-plus""], ""bqJobProjects"": [""disney-plus""], ""enabled"": false, ""offset"": ""PT1H"", ""orchestrationType"": ""orchestrator"", ""parentComponentId"": ""component:default/dancing-with-the-stars"", ""schedule"": ""days"", ""serviceAccount"": ""dancing-with-the-stars@disney-plus.iam.gserviceaccount.com"", ""orchestratorComponentId"": ""dancing-with-the-stars"", ""orchestratorWorkflowId"": ""alec_mazo"", ""workflowType"": ""cast-member-query""}}",2026-10-01,2026-10-01T08:00:00Z
workflow:dancing-with-the-stars/daniella_karagach,workflow,daniella_karagach,https://backstage.example.com/workflows/daniella_karagach/instances,"[""group:default/disney-plus-infra""]",[],true,"{""workflow"": {""bqDestinationTableProjects"": [""disney-plus""], ""bqJobProjects"": [""disney-plus""], ""enabled"": true, ""offset"": ""PT1H"", ""orchestrationType"": ""orchestrator"", ""parentComponentId"": ""component:default/dancing-with-the-stars"", ""schedule"": ""days"", ""serviceAccount"": ""dancing-with-the-stars@disney-plus.iam.gserviceaccount.com"", ""orchestratorComponentId"": ""dancing-with-the-stars"", ""orchestratorWorkflowId"": ""daniella_karagach"", ""workflowType"": ""cast-member-query""}}",2026-10-01,2026-10-01T08:00:00Z
workflow:dancing-with-the-stars/kirstie_alley,workflow,kirstie_alley,https://backstage.example.com/workflows/kirstie_alley/instances,"[""group:default/disney-plus-infra""]",[],true,"{""workflow"": {""bqDestinationTableProjects"": [""disney-plus""], ""bqJobProjects"": [""disney-plus""], ""enabled"": true, ""offset"": ""PT1H"", ""orchestrationType"": ""orchestrator"", ""parentComponentId"": ""component:default/dancing-with-the-stars"", ""schedule"": ""days"", ""serviceAccount"": ""dancing-with-the-stars@disney-plus.iam.gserviceaccount.com"", ""orchestratorComponentId"": ""dancing-with-the-stars"", ""orchestratorWorkflowId"": ""kirstie_alley"", ""workflowType"": ""cast-member-query""}}",2026-10-01,2026-10-01T08:00:00Z
workflow:dancing-with-the-stars/brandon_armstrong,workflow,brandon_armstrong,https://backstage.example.com/workflows/brandon_armstrong/instances,"[""group:default/disney-plus-infra""]",[],true,"{""workflow"": {""bqDestinationTableProjects"": [""disney-plus""], ""bqJobProjects"": [""disney-plus""], ""enabled"": true, ""offset"": ""PT15M"", ""orchestrationType"": ""orchestrator"", ""parentComponentId"": ""component:default/dancing-with-the-stars"", ""schedule"": ""hours"", ""serviceAccount"": ""dancing-with-the-stars@disney-plus.iam.gserviceaccount.com"", ""orchestratorComponentId"": ""dancing-with-the-stars"", ""orchestratorWorkflowId"": ""brandon_armstrong"", ""workflowType"": ""cast-member-query""}}",2026-10-01,2026-10-01T08:00:00Z
workflow:dancing-with-the-stars/britt_stewart,workflow,britt_stewart,https://backstage.example.com/workflows/britt_stewart/instances,"[""group:default/disney-plus-infra""]",[],true,"{""workflow"": {""bqDestinationTableProjects"": [""disney-plus""], ""bqJobProjects"": [""disney-plus""], ""enabled"": true, ""offset"": ""P1D"", ""orchestrationType"": ""orchestrator"", ""parentComponentId"": ""component:default/dancing-with-the-stars"", ""schedule"": ""weeks"", ""serviceAccount"": ""dancing-with-the-stars@disney-plus.iam.gserviceaccount.com"", ""orchestratorComponentId"": ""dancing-with-the-stars"", ""orchestratorWorkflowId"": ""britt_stewart"", ""workflowType"": ""cast-member-query""}}",2026-10-01,2026-10-01T08:00:00Z
workflow:dancing-with-the-stars/sasha_farber,workflow,sasha_farber,https://backstage.example.com/workflows/sasha_farber/instances,"[""group:default/disney-plus-infra""]",[],true,"{""workflow"": {""bqDestinationTableProjects"": [""disney-plus""], ""bqJobProjects"": [""disney-plus""], ""enabled"": true, ""offset"": ""PT1H"", ""orchestrationType"": ""orchestrator"", ""parentComponentId"": ""component:default/dancing-with-the-stars"", ""schedule"": ""days"", ""serviceAccount"": ""dancing-with-the-stars@disney-plus.iam.gserviceaccount.com"", ""orchestratorComponentId"": ""dancing-with-the-stars"", ""orchestratorWorkflowId"": ""sasha_farber"", ""workflowType"": ""cast-member-query""}}",2026-10-01,2026-10-01T08:00:00Z
workflow:dancing-with-the-stars/tyra_banks,workflow,tyra_banks,https://backstage.example.com/workflows/tyra_banks/instances,"[""group:default/disney-plus-infra""]",[],true,"{""workflow"": {""bqDestinationTableProjects"": [""disney-plus""], ""bqJobProjects"": [""disney-plus""], ""enabled"": true, ""offset"": ""PT15M"", ""orchestrationType"": ""orchestrator"", ""parentComponentId"": ""component:default/dancing-with-the-stars"", ""schedule"": ""hours"", ""serviceAccount"": ""dancing-with-the-stars@disney-plus.iam.gserviceaccount.com"", ""orchestratorComponentId"": ""dancing-with-the-stars"", ""orchestratorWorkflowId"": ""tyra_banks"", ""workflowType"": ""cast-member-query""}}",2026-10-01,2026-10-01T08:00:00Z
workflow:dancing-with-the-stars/sharna_burgess,workflow,sharna_burgess,https://backstage.example.com/workflows/sharna_burgess/instances,"[""group:default/disney-plus-infra""]",[],true,"{""workflow"": {""bqDestinationTableProjects"": [""disney-plus""], ""bqJobProjects"": [""disney-plus""], ""enabled"": true, ""offset"": ""PT1H"", ""orchestrationType"": ""orchestrator"", ""parentComponentId"": ""component:default/dancing-with-the-stars"", ""schedule"": ""days"", ""serviceAccount"": ""dancing-with-the-stars@disney-plus.iam.gserviceaccount.com"", ""orchestratorComponentId"": ""dancing-with-the-stars"", ""orchestratorWorkflowId"": ""sharna_burgess"", ""workflowType"": ""cast-member-query""}}",2026-10-01,2026-10-01T08:00:00Z
workflow:dancing-with-the-stars/drew_lachey,workflow,drew_lachey,https://backstage.example.com/workflows/drew_lachey/instances,"[""group:default/disney-plus-infra""]",[],true,"{""workflow"": {""bqDestinationTableProjects"": [""disney-plus""], ""bqJobProjects"": [""disney-plus""], ""enabled"": true, ""offset"": ""PT1H"", ""orchestrationType"": ""orchestrator"", ""parentComponentId"": ""component:default/dancing-with-the-stars"", ""schedule"": ""days"", ""serviceAccount"": ""dancing-with-the-stars@disney-plus.iam.gserviceaccount.com"", ""orchestratorComponentId"": ""dancing-with-the-stars"", ""orchestratorWorkflowId"": ""drew_lachey"", ""workflowType"": ""cast-member-query""}}",2026-10-01,2026-10-01T08:00:00Z
workflow:dancing-with-the-stars/jenna_johnson,workflow,jenna_johnson,https://backstage.example.com/workflows/jenna_johnson/instances,"[""group:default/disney-plus-infra""]",[],true,"{""workflow"": {""bqDestinationTableProjects"": [""disney-plus""], ""bqJobProjects"": [""disney-plus""], ""enabled"": true, ""offset"": ""PT15M"", ""orchestrationType"": ""orchestrator"", ""parentComponentId"": ""component:default/dancing-with-the-stars"", ""schedule"": ""hours"", ""serviceAccount"": ""dancing-with-the-stars@disney-plus.iam.gserviceaccount.com"", ""orchestratorComponentId"": ""dancing-with-the-stars"", ""orchestratorWorkflowId"": ""jenna_johnson"", ""workflowType"": ""cast-member-query""}}",2026-10-01,2026-10-01T08:00:00Z
workflow:dancing-with-the-stars/kelly_monaco,workflow,kelly_monaco,https://backstage.example.com/workflows/kelly_monaco/instances,"[""group:default/disney-plus-infra""]",[],true,"{""workflow"": {""bqDestinationTableProjects"": [""disney-plus""], ""bqJobProjects"": [""disney-plus""], ""enabled"": true, ""offset"": ""PT15M"", ""orchestrationType"": ""orchestrator"", ""parentComponentId"": ""component:default/dancing-with-the-stars"", ""schedule"": ""hours"", ""serviceAccount"": ""dancing-with-the-stars@disney-plus.iam.gserviceaccount.com"", ""orchestratorComponentId"": ""dancing-with-the-stars"", ""orchestratorWorkflowId"": ""kelly_monaco"", ""workflowType"": ""cast-member-query""}}",2026-10-01,2026-10-01T08:00:00Z
workflow:dancing-with-the-stars/bristol_palin,workflow,bristol_palin,https://backstage.example.com/workflows/bristol_palin/instances,"[""group:default/disney-plus-infra""]",[],true,"{""workflow"": {""bqDestinationTableProjects"": [""disney-plus""], ""bqJobProjects"": [""disney-plus""], ""enabled"": true, ""offset"": ""P1D"", ""orchestrationType"": ""orchestrator"", ""parentComponentId"": ""component:default/dancing-with-the-stars"", ""schedule"": ""weeks"", ""serviceAccount"": ""dancing-with-the-stars@disney-plus.iam.gserviceaccount.com"", ""orchestratorComponentId"": ""dancing-with-the-stars"", ""orchestratorWorkflowId"": ""bristol_palin"", ""workflowType"": ""cast-member-query""}}",2026-10-01,2026-10-01T08:00:00Z
workflow:dancing-with-the-stars/dmitry_chaplin,workflow,dmitry_chaplin,https://backstage.example.com/workflows/dmitry_chaplin/instances,"[""group:default/disney-plus-infra""]",[],true,"{""workflow"": {""bqDestinationTableProjects"": [""disney-plus""], ""bqJobProjects"": [""disney-plus""], ""enabled"": false, ""offset"": ""PT1H"", ""orchestrationType"": ""orchestrator"", ""parentComponentId"": ""component:default/dancing-with-the-stars"", ""schedule"": ""days"", ""serviceAccount"": ""dancing-with-the-stars@disney-plus.iam.gserviceaccount.com"", ""orchestratorComponentId"": ""dancing-with-the-stars"", ""orchestratorWorkflowId"": ""dmitry_chaplin"", ""workflowType"": ""cast-member-query""}}",2026-10-01,2026-10-01T08:00:00Z
workflow:dancing-with-the-stars/hlio_castroneves,workflow,hlio_castroneves,https://backstage.example.com/workflows/hlio_castroneves/instances,"[""group:default/disney-plus-infra""]",[],true,"{""workflow"": {""bqDestinationTableProjects"": [""disney-plus""], ""bqJobProjects"": [""disney-plus""], ""enabled"": true, ""offset"": ""P1D"", ""orchestrationType"": ""orchestrator"", ""parentComponentId"": ""component:default/dancing-with-the-stars"", ""schedule"": ""weeks"", ""serviceAccount"": ""dancing-with-the-stars@disney-plus.iam.gserviceaccount.com"", ""orchestratorComponentId"": ""dancing-with-the-stars"", ""orchestratorWorkflowId"": ""hlio_castroneves"", ""workflowType"": ""cast-member-query""}}",2026-10-01,2026-10-01T08:00:00Z
workflow:dancing-with-the-stars/joey_fatone,workflow,joey_fatone,https://backstage.example.com/workflows/joey_fatone/instances,"[""group:default/disney-plus-infra""]",[],true,"{""workflow"": {""bqDestinationTableProjects"": [""disney-plus""], ""bqJobProjects"": [""disney-plus""], ""enabled"": true, ""offset"": ""PT1H"", ""orchestrationType"": ""orchestrator"", ""parentComponentId"": ""component:default/dancing-with-the-stars"", ""schedule"": ""days"", ""serviceAccount"": ""dancing-with-the-stars@disney-plus.iam.gserviceaccount.com"", ""orchestratorComponentId"": ""dancing-with-the-stars"", ""orchestratorWorkflowId"": ""joey_fatone"", ""workflowType"": ""cast-member-query""}}",2026-10-01,2026-10-01T08:00:00Z
workflow:dancing-with-the-stars/artem_chigvintsev,workflow,artem_chigvintsev,https://backstage.example.com/workflows/artem_chigvintsev/instances,"[""group:default/disney-plus-infra""]",[],true,"{""workflow"": {""bqDestinationTableProjects"": [""disney-plus""], ""bqJobProjects"": [""disney-plus""], ""enabled"": true, ""offset"": ""P1D"", ""orchestrationType"": ""orchestrator"", ""parentComponentId"": ""component:default/dancing-with-the-stars"", ""schedule"": ""weeks"", ""serviceAccount"": ""dancing-with-the-stars@disney-plus.iam.gserviceaccount.com"", ""orchestratorComponentId"": ""dancing-with-the-stars"", ""orchestratorWorkflowId"": ""artem_chigvintsev"", ""workflowType"": ""cast-member-query""}}",2026-10-01,2026-10-01T08:00:00Z
workflow:dancing-with-the-stars/peta_murgatroyd,workflow,peta_murgatroyd,https://backstage.example.com/workflows/peta_murgatroyd/instances,"[""group:default/disney-plus-infra""]",[],true,"{""workflow"": {""bqDestinationTableProjects"": [""disney-plus""], ""bqJobProjects"": [""disney-plus""], ""enabled"": true, ""offset"": ""P1D"", ""orchestrationType"": ""orchestrator"", ""parentComponentId"": ""component:default/dancing-with-the-stars"", ""schedule"": ""weeks"", ""serviceAccount"": ""dancing-with-the-stars@disney-plus.iam.gserviceaccount.com"", ""orchestratorComponentId"": ""dancing-with-the-stars"", ""orchestratorWorkflowId"": ""peta_murgatroyd"", ""workflowType"": ""cast-member-query""}}",2026-10-01,2026-10-01T08:00:00Z
workflow:dancing-with-the-stars/sabrina_bryan,workflow,sabrina_bryan,https://backstage.example.com/workflows/sabrina_bryan/instances,"[""group:default/disney-plus-infra""]",[],true,"{""workflow"": {""bqDestinationTableProjects"": [""disney-plus""], ""bqJobProjects"": [""disney-plus""], ""enabled"": true, ""offset"": ""PT15M"", ""orchestrationType"": ""orchestrator"", ""parentComponentId"": ""component:default/dancing-with-the-stars"", ""schedule"": ""hours"", ""serviceAccount"": ""dancing-with-the-stars@disney-plus.iam.gserviceaccount.com"", ""orchestratorComponentId"": ""dancing-with-the-stars"", ""orchestratorWorkflowId"": ""sabrina_bryan"", ""workflowType"": ""cast-member-query""}}",2026-10-01,2026-10-01T08:00:00Z
workflow:dancing-with-the-stars/ezra_sosa,workflow,ezra_sosa,https://backstage.example.com/workflows/ezra_sosa/instances,"[""group:default/disney-plus-infra""]",[],true,"{""workflow"": {""bqDestinationTableProjects"": [""disney-plus""], ""bqJobProjects"": [""disney-plus""], ""enabled"": true, ""offset"": ""PT1H"", ""orchestrationType"": ""orchestrator"", ""parentComponentId"": ""component:default/dancing-with-the-stars"", ""schedule"": ""days"", ""serviceAccount"": ""dancing-with-the-stars@disney-plus.iam.gserviceaccount.com"", ""orchestratorComponentId"": ""dancing-with-the-stars"", ""orchestratorWorkflowId"": ""ezra_sosa"", ""workflowType"": ""cast-member-query""}}",2026-10-01,2026-10-01T08:00:00Z
component:default/xmen-97,component,xmen-97,https://backstage.example.com/catalog/default/Component/xmen-97,"[""group:default/disney-plus-infra""]",[],true,"{""component"": {""componentType"": ""service"", ""lifecycle"": ""production""}}",2026-10-01,2026-10-01T08:00:00Z
repository:github.com/streaming-infra/Xmen97,repository,Xmen97,https://github.com/streaming-infra/Xmen97,[],[],true,"{""repository"": {""archived"": false, ""createdAt"": ""2024-01-15T10:00:00.000Z"", ""defaultBranchLastCommit"": {""sha"": ""abc123def456"", ""url"": ""https://github.com/streaming-infra/Xmen97/commit/abc123def456""}, ""description"": ""Repository for Xmen97"", ""fullName"": ""streaming-infra/Xmen97"", ""host"": ""github.com"", ""organization"": ""streaming-infra"", ""pushedAt"": ""2026-09-28T12:00:00.000Z"", ""repositoryName"": ""Xmen97""}}",2026-10-01,2026-10-01T08:00:00Z
workflow:xmen-97/additional_voices,workflow,additional_voices,https://backstage.example.com/workflows/additional_voices/instances,"[""group:default/disney-plus-infra""]",[],true,"{""workflow"": {""bqDestinationTableProjects"": [""disney-plus""], ""bqJobProjects"": [""disney-plus""], ""enabled"": true, ""offset"": ""P1D"", ""orchestrationType"": ""orchestrator"", ""parentComponentId"": ""component:default/xmen-97"", ""schedule"": ""weeks"", ""serviceAccount"": ""xmen-97@disney-plus.iam.gserviceaccount.com"", ""orchestratorComponentId"": ""xmen-97"", ""orchestratorWorkflowId"": ""additional_voices"", ""workflowType"": ""character-query""}}",2026-10-01,2026-10-01T08:00:00Z
workflow:xmen-97/cyclops,workflow,cyclops,https://backstage.example.com/workflows/cyclops/instances,"[""group:default/disney-plus-infra""]",[],true,"{""workflow"": {""bqDestinationTableProjects"": [""disney-plus""], ""bqJobProjects"": [""disney-plus""], ""enabled"": true, ""offset"": ""PT1H"", ""orchestrationType"": ""orchestrator"", ""parentComponentId"": ""component:default/xmen-97"", ""schedule"": ""days"", ""serviceAccount"": ""xmen-97@disney-plus.iam.gserviceaccount.com"", ""orchestratorComponentId"": ""xmen-97"", ""orchestratorWorkflowId"": ""cyclops"", ""workflowType"": ""character-query""}}",2026-10-01,2026-10-01T08:00:00Z
workflow:xmen-97/jean_grey,workflow,jean_grey,https://backstage.example.com/workflows/jean_grey/instances,"[""group:default/disney-plus-infra""]",[],true,"{""workflow"": {""bqDestinationTableProjects"": [""disney-plus""], ""bqJobProjects"": [""disney-plus""], ""enabled"": true, ""offset"": ""PT15M"", ""orchestrationType"": ""orchestrator"", ""parentComponentId"": ""component:default/xmen-97"", ""schedule"": ""hours"", ""serviceAccount"": ""xmen-97@disney-plus.iam.gserviceaccount.com"", ""orchestratorComponentId"": ""xmen-97"", ""orchestratorWorkflowId"": ""jean_grey"", ""workflowType"": ""character-query""}}",2026-10-01,2026-10-01T08:00:00Z
workflow:xmen-97/news_broadcaster,workflow,news_broadcaster,https://backstage.example.com/workflows/news_broadcaster/instances,"[""group:default/disney-plus-infra""]",[],true,"{""workflow"": {""bqDestinationTableProjects"": [""disney-plus""], ""bqJobProjects"": [""disney-plus""], ""enabled"": true, ""offset"": ""P1D"", ""orchestrationType"": ""orchestrator"", ""parentComponentId"": ""component:default/xmen-97"", ""schedule"": ""weeks"", ""serviceAccount"": ""xmen-97@disney-plus.iam.gserviceaccount.com"", ""orchestratorComponentId"": ""xmen-97"", ""orchestratorWorkflowId"": ""news_broadcaster"", ""workflowType"": ""character-query""}}",2026-10-01,2026-10-01T08:00:00Z
workflow:xmen-97/beast,workflow,beast,https://backstage.example.com/workflows/beast/instances,"[""group:default/disney-plus-infra""]",[],true,"{""workflow"": {""bqDestinationTableProjects"": [""disney-plus""], ""bqJobProjects"": [""disney-plus""], ""enabled"": true, ""offset"": ""PT15M"", ""orchestrationType"": ""orchestrator"", ""parentComponentId"": ""component:default/xmen-97"", ""schedule"": ""hours"", ""serviceAccount"": ""xmen-97@disney-plus.iam.gserviceaccount.com"", ""orchestratorComponentId"": ""xmen-97"", ""orchestratorWorkflowId"": ""beast"", ""workflowType"": ""character-query""}}",2026-10-01,2026-10-01T08:00:00Z
component:default/loki,component,loki,https://backstage.example.com/catalog/default/Component/loki,"[""group:default/disney-plus-infra""]",[],true,"{""component"": {""componentType"": ""service"", ""lifecycle"": ""production""}}",2026-10-01,2026-10-01T08:00:00Z
repository:github.com/streaming-infra/Loki,repository,Loki,https://github.com/streaming-infra/Loki,[],[],true,"{""repository"": {""archived"": false, ""createdAt"": ""2024-01-15T10:00:00.000Z"", ""defaultBranchLastCommit"": {""sha"": ""abc123def456"", ""url"": ""https://github.com/streaming-infra/Loki/commit/abc123def456""}, ""description"": ""Repository for Loki"", ""fullName"": ""streaming-infra/Loki"", ""host"": ""github.com"", ""organization"": ""streaming-infra"", ""pushedAt"": ""2026-09-28T12:00:00.000Z"", ""repositoryName"": ""Loki""}}",2026-10-01,2026-10-01T08:00:00Z
workflow:loki/tom_hiddleston,workflow,tom_hiddleston,https://backstage.example.com/workflows/tom_hiddleston/instances,"[""group:default/disney-plus-infra""]",[],true,"{""workflow"": {""bqDestinationTableProjects"": [""disney-plus""], ""bqJobProjects"": [""disney-plus""], ""enabled"": true, ""offset"": ""PT15M"", ""orchestrationType"": ""orchestrator"", ""parentComponentId"": ""component:default/loki"", ""schedule"": ""hours"", ""serviceAccount"": ""loki@disney-plus.iam.gserviceaccount.com"", ""orchestratorComponentId"": ""loki"", ""orchestratorWorkflowId"": ""tom_hiddleston"", ""workflowType"": ""cast-member-query""}}",2026-10-01,2026-10-01T08:00:00Z
workflow:loki/sophia_di_martino,workflow,sophia_di_martino,https://backstage.example.com/workflows/sophia_di_martino/instances,"[""group:default/disney-plus-infra""]",[],true,"{""workflow"": {""bqDestinationTableProjects"": [""disney-plus""], ""bqJobProjects"": [""disney-plus""], ""enabled"": true, ""offset"": ""P1D"", ""orchestrationType"": ""orchestrator"", ""parentComponentId"": ""component:default/loki"", ""schedule"": ""weeks"", ""serviceAccount"": ""loki@disney-plus.iam.gserviceaccount.com"", ""orchestratorComponentId"": ""loki"", ""orchestratorWorkflowId"": ""sophia_di_martino"", ""workflowType"": ""cast-member-query""}}",2026-10-01,2026-10-01T08:00:00Z
workflow:loki/owen_wilson,workflow,owen_wilson,https://backstage.example.com/workflows/owen_wilson/instances,"[""group:default/disney-plus-infra""]",[],true,"{""workflow"": {""bqDestinationTableProjects"": [""disney-plus""], ""bqJobProjects"": [""disney-plus""], ""enabled"": true, ""offset"": ""PT1H"", ""orchestrationType"": ""orchestrator"", ""parentComponentId"": ""component:default/loki"", ""schedule"": ""days"", ""serviceAccount"": ""loki@disney-plus.iam.gserviceaccount.com"", ""orchestratorComponentId"": ""loki"", ""orchestratorWorkflowId"": ""owen_wilson"", ""workflowType"": ""cast-member-query""}}",2026-10-01,2026-10-01T08:00:00Z
workflow:loki/eugene_cordero,workflow,eugene_cordero,https://backstage.example.com/workflows/eugene_cordero/instances,"[""group:default/disney-plus-infra""]",[],true,"{""workflow"": {""bqDestinationTableProjects"": [""disney-plus""], ""bqJobProjects"": [""disney-plus""], ""enabled"": true, ""offset"": ""PT15M"", ""orchestrationType"": ""orchestrator"", ""parentComponentId"": ""component:default/loki"", ""schedule"": ""hours"", ""serviceAccount"": ""loki@disney-plus.iam.gserviceaccount.com"", ""orchestratorComponentId"": ""loki"", ""orchestratorWorkflowId"": ""eugene_cordero"", ""workflowType"": ""cast-member-query""}}",2026-10-01,2026-10-01T08:00:00Z
workflow:loki/tara_strong,workflow,tara_strong,https://backstage.example.com/workflows/tara_strong/instances,"[""group:default/disney-plus-infra""]",[],true,"{""workflow"": {""bqDestinationTableProjects"": [""disney-plus""], ""bqJobProjects"": [""disney-plus""], ""enabled"": true, ""offset"": ""PT1H"", ""orchestrationType"": ""orchestrator"", ""parentComponentId"": ""component:default/loki"", ""schedule"": ""days"", ""serviceAccount"": ""loki@disney-plus.iam.gserviceaccount.com"", ""orchestratorComponentId"": ""loki"", ""orchestratorWorkflowId"": ""tara_strong"", ""workflowType"": ""cast-member-query""}}",2026-10-01,2026-10-01T08:00:00Z
component:default/thunderbolts,component,thunderbolts,https://backstage.example.com/catalog/default/Component/thunderbolts,"[""group:default/disney-plus-infra""]",[],true,"{""component"": {""componentType"": ""service"", ""lifecycle"": ""production""}}",2026-10-01,2026-10-01T08:00:00Z
repository:github.com/streaming-infra/Thunderbolts,repository,Thunderbolts,https://github.com/streaming-infra/Thunderbolts,[],[],true,"{""repository"": {""archived"": false, ""createdAt"": ""2024-01-15T10:00:00.000Z"", ""defaultBranchLastCommit"": {""sha"": ""abc123def456"", ""url"": ""https://github.com/streaming-infra/Thunderbolts/commit/abc123def456""}, ""description"": ""Repository for Thunderbolts"", ""fullName"": ""streaming-infra/Thunderbolts"", ""host"": ""github.com"", ""organization"": ""streaming-infra"", ""pushedAt"": ""2026-09-28T12:00:00.000Z"", ""repositoryName"": ""Thunderbolts""}}",2026-10-01,2026-10-01T08:00:00Z
workflow:thunderbolts/florence_pugh,workflow,florence_pugh,https://backstage.example.com/workflows/florence_pugh/instances,"[""group:default/disney-plus-infra""]",[],true,"{""workflow"": {""bqDestinationTableProjects"": [""disney-plus""], ""bqJobProjects"": [""disney-plus""], ""enabled"": true, ""offset"": ""PT1H"", ""orchestrationType"": ""orchestrator"", ""parentComponentId"": ""component:default/thunderbolts"", ""schedule"": ""days"", ""serviceAccount"": ""thunderbolts@disney-plus.iam.gserviceaccount.com"", ""orchestratorComponentId"": ""thunderbolts"", ""orchestratorWorkflowId"": ""florence_pugh"", ""workflowType"": ""cast-member-query""}}",2026-10-01,2026-10-01T08:00:00Z
workflow:thunderbolts/sebastian_stan,workflow,sebastian_stan,https://backstage.example.com/workflows/sebastian_stan/instances,"[""group:default/disney-plus-infra""]",[],true,"{""workflow"": {""bqDestinationTableProjects"": [""disney-plus""], ""bqJobProjects"": [""disney-plus""], ""enabled"": true, ""offset"": ""PT1H"", ""orchestrationType"": ""orchestrator"", ""parentComponentId"": ""component:default/thunderbolts"", ""schedule"": ""days"", ""serviceAccount"": ""thunderbolts@disney-plus.iam.gserviceaccount.com"", ""orchestratorComponentId"": ""thunderbolts"", ""orchestratorWorkflowId"": ""sebastian_stan"", ""workflowType"": ""cast-member-query""}}",2026-10-01,2026-10-01T08:00:00Z
workflow:thunderbolts/julia_louis_dreyfus,workflow,julia_louis_dreyfus,https://backstage.example.com/workflows/julia_louis_dreyfus/instances,"[""group:default/disney-plus-infra""]",[],true,"{""workflow"": {""bqDestinationTableProjects"": [""disney-plus""], ""bqJobProjects"": [""disney-plus""], ""enabled"": true, ""offset"": ""PT1H"", ""orchestrationType"": ""orchestrator"", ""parentComponentId"": ""component:default/thunderbolts"", ""schedule"": ""days"", ""serviceAccount"": ""thunderbolts@disney-plus.iam.gserviceaccount.com"", ""orchestratorComponentId"": ""thunderbolts"", ""orchestratorWorkflowId"": ""julia_louis_dreyfus"", ""workflowType"": ""cast-member-query""}}",2026-10-01,2026-10-01T08:00:00Z
workflow:thunderbolts/lewis_pullman,workflow,lewis_pullman,https://backstage.example.com/workflows/lewis_pullman/instances,"[""group:default/disney-plus-infra""]",[],true,"{""workflow"": {""bqDestinationTableProjects"": [""disney-plus""], ""bqJobProjects"": [""disney-plus""], ""enabled"": true, ""offset"": ""P1D"", ""orchestrationType"": ""orchestrator"", ""parentComponentId"": ""component:default/thunderbolts"", ""schedule"": ""weeks"", ""serviceAccount"": ""thunderbolts@disney-plus.iam.gserviceaccount.com"", ""orchestratorComponentId"": ""thunderbolts"", ""orchestratorWorkflowId"": ""lewis_pullman"", ""workflowType"": ""cast-member-query""}}",2026-10-01,2026-10-01T08:00:00Z
workflow:thunderbolts/david_harbour,workflow,david_harbour,https://backstage.example.com/workflows/david_harbour/instances,"[""group:default/disney-plus-infra""]",[],true,"{""workflow"": {""bqDestinationTableProjects"": [""disney-plus""], ""bqJobProjects"": [""disney-plus""], ""enabled"": true, ""offset"": ""PT1H"", ""orchestrationType"": ""orchestrator"", ""parentComponentId"": ""component:default/thunderbolts"", ""schedule"": ""days"", ""serviceAccount"": ""thunderbolts@disney-plus.iam.gserviceaccount.com"", ""orchestratorComponentId"": ""thunderbolts"", ""orchestratorWorkflowId"": ""david_harbour"", ""workflowType"": ""cast-member-query""}}",2026-10-01,2026-10-01T08:00:00Z
component:default/avengers-endgame,component,avengers-endgame,https://backstage.example.com/catalog/default/Component/avengers-endgame,"[""group:default/disney-plus-infra""]",[],true,"{""component"": {""componentType"": ""service"", ""lifecycle"": ""production""}}",2026-10-01,2026-10-01T08:00:00Z
repository:github.com/streaming-infra/Avengers,repository,Avengers,https://github.com/streaming-infra/Avengers,[],[],true,"{""repository"": {""archived"": false, ""createdAt"": ""2024-01-15T10:00:00.000Z"", ""defaultBranchLastCommit"": {""sha"": ""abc123def456"", ""url"": ""https://github.com/streaming-infra/Avengers/commit/abc123def456""}, ""description"": ""Repository for Avengers"", ""fullName"": ""streaming-infra/Avengers"", ""host"": ""github.com"", ""organization"": ""streaming-infra"", ""pushedAt"": ""2026-09-28T12:00:00.000Z"", ""repositoryName"": ""Avengers""}}",2026-10-01,2026-10-01T08:00:00Z
workflow:avengers-endgame/tony_stark,workflow,tony_stark,https://backstage.example.com/workflows/tony_stark/instances,"[""group:default/disney-plus-infra""]",[],true,"{""workflow"": {""bqDestinationTableProjects"": [""disney-plus""], ""bqJobProjects"": [""disney-plus""], ""enabled"": true, ""offset"": ""PT1H"", ""orchestrationType"": ""orchestrator"", ""parentComponentId"": ""component:default/avengers-endgame"", ""schedule"": ""days"", ""serviceAccount"": ""avengers-endgame@disney-plus.iam.gserviceaccount.com"", ""orchestratorComponentId"": ""avengers-endgame"", ""orchestratorWorkflowId"": ""tony_stark"", ""workflowType"": ""character-query""}}",2026-10-01,2026-10-01T08:00:00Z
workflow:avengers-endgame/steve_rogers,workflow,steve_rogers,https://backstage.example.com/workflows/steve_rogers/instances,"[""group:default/disney-plus-infra""]",[],true,"{""workflow"": {""bqDestinationTableProjects"": [""disney-plus""], ""bqJobProjects"": [""disney-plus""], ""enabled"": true, ""offset"": ""PT15M"", ""orchestrationType"": ""orchestrator"", ""parentComponentId"": ""component:default/avengers-endgame"", ""schedule"": ""hours"", ""serviceAccount"": ""avengers-endgame@disney-plus.iam.gserviceaccount.com"", ""orchestratorComponentId"": ""avengers-endgame"", ""orchestratorWorkflowId"": ""steve_rogers"", ""workflowType"": ""character-query""}}",2026-10-01,2026-10-01T08:00:00Z
workflow:avengers-endgame/bruce_banner,workflow,bruce_banner,https://backstage.example.com/workflows/bruce_banner/instances,"[""group:default/disney-plus-infra""]",[],true,"{""workflow"": {""bqDestinationTableProjects"": [""disney-plus""], ""bqJobProjects"": [""disney-plus""], ""enabled"": true, ""offset"": ""P1D"", ""orchestrationType"": ""orchestrator"", ""parentComponentId"": ""component:default/avengers-endgame"", ""schedule"": ""weeks"", ""serviceAccount"": ""avengers-endgame@disney-plus.iam.gserviceaccount.com"", ""orchestratorComponentId"": ""avengers-endgame"", ""orchestratorWorkflowId"": ""bruce_banner"", ""workflowType"": ""character-query""}}",2026-10-01,2026-10-01T08:00:00Z
workflow:avengers-endgame/thor,workflow,thor,https://backstage.example.com/workflows/thor/instances,"[""group:default/disney-plus-infra""]",[],true,"{""workflow"": {""bqDestinationTableProjects"": [""disney-plus""], ""bqJobProjects"": [""disney-plus""], ""enabled"": true, ""offset"": ""PT1H"", ""orchestrationType"": ""orchestrator"", ""parentComponentId"": ""component:default/avengers-endgame"", ""schedule"": ""days"", ""serviceAccount"": ""avengers-endgame@disney-plus.iam.gserviceaccount.com"", ""orchestratorComponentId"": ""avengers-endgame"", ""orchestratorWorkflowId"": ""thor"", ""workflowType"": ""character-query""}}",2026-10-01,2026-10-01T08:00:00Z
workflow:avengers-endgame/natasha_romanoff,workflow,natasha_romanoff,https://backstage.example.com/workflows/natasha_romanoff/instances,"[""group:default/disney-plus-infra""]",[],true,"{""workflow"": {""bqDestinationTableProjects"": [""disney-plus""], ""bqJobProjects"": [""disney-plus""], ""enabled"": true, ""offset"": ""PT1H"", ""orchestrationType"": ""orchestrator"", ""parentComponentId"": ""component:default/avengers-endgame"", ""schedule"": ""days"", ""serviceAccount"": ""avengers-endgame@disney-plus.iam.gserviceaccount.com"", ""orchestratorComponentId"": ""avengers-endgame"", ""orchestratorWorkflowId"": ""natasha_romanoff"", ""workflowType"": ""character-query""}}",2026-10-01,2026-10-01T08:00:00Z
component:default/avengers-infinity-wars,component,avengers-infinity-wars,https://backstage.example.com/catalog/default/Component/avengers-infinity-wars,"[""group:default/disney-plus-infra""]",[],true,"{""component"": {""componentType"": ""service"", ""lifecycle"": ""production""}}",2026-10-01,2026-10-01T08:00:00Z
workflow:avengers-infinity-wars/robert_downey_jr,workflow,robert_downey_jr,https://backstage.example.com/workflows/robert_downey_jr/instances,"[""group:default/disney-plus-infra""]",[],true,"{""workflow"": {""bqDestinationTableProjects"": [""disney-plus""], ""bqJobProjects"": [""disney-plus""], ""enabled"": true, ""offset"": ""P1D"", ""orchestrationType"": ""orchestrator"", ""parentComponentId"": ""component:default/avengers-infinity-wars"", ""schedule"": ""weeks"", ""serviceAccount"": ""avengers-infinity-wars@disney-plus.iam.gserviceaccount.com"", ""orchestratorComponentId"": ""avengers-infinity-wars"", ""orchestratorWorkflowId"": ""robert_downey_jr"", ""workflowType"": ""cast-member-query""}}",2026-10-01,2026-10-01T08:00:00Z
workflow:avengers-infinity-wars/chris_hemsworth,workflow,chris_hemsworth,https://backstage.example.com/workflows/chris_hemsworth/instances,"[""group:default/disney-plus-infra""]",[],true,"{""workflow"": {""bqDestinationTableProjects"": [""disney-plus""], ""bqJobProjects"": [""disney-plus""], ""enabled"": true, ""offset"": ""PT1H"", ""orchestrationType"": ""orchestrator"", ""parentComponentId"": ""component:default/avengers-infinity-wars"", ""schedule"": ""days"", ""serviceAccount"": ""avengers-infinity-wars@disney-plus.iam.gserviceaccount.com"", ""orchestratorComponentId"": ""avengers-infinity-wars"", ""orchestratorWorkflowId"": ""chris_hemsworth"", ""workflowType"": ""cast-member-query""}}",2026-10-01,2026-10-01T08:00:00Z
workflow:avengers-infinity-wars/josh_brolin,workflow,josh_brolin,https://backstage.example.com/workflows/josh_brolin/instances,"[""group:default/disney-plus-infra""]",[],true,"{""workflow"": {""bqDestinationTableProjects"": [""disney-plus""], ""bqJobProjects"": [""disney-plus""], ""enabled"": true, ""offset"": ""PT15M"", ""orchestrationType"": ""orchestrator"", ""parentComponentId"": ""component:default/avengers-infinity-wars"", ""schedule"": ""hours"", ""serviceAccount"": ""avengers-infinity-wars@disney-plus.iam.gserviceaccount.com"", ""orchestratorComponentId"": ""avengers-infinity-wars"", ""orchestratorWorkflowId"": ""josh_brolin"", ""workflowType"": ""cast-member-query""}}",2026-10-01,2026-10-01T08:00:00Z
workflow:avengers-infinity-wars/scarlett_johansson,workflow,scarlett_johansson,https://backstage.example.com/workflows/scarlett_johansson/instances,"[""group:default/disney-plus-infra""]",[],true,"{""workflow"": {""bqDestinationTableProjects"": [""disney-plus""], ""bqJobProjects"": [""disney-plus""], ""enabled"": true, ""offset"": ""PT1H"", ""orchestrationType"": ""orchestrator"", ""parentComponentId"": ""component:default/avengers-infinity-wars"", ""schedule"": ""days"", ""serviceAccount"": ""avengers-infinity-wars@disney-plus.iam.gserviceaccount.com"", ""orchestratorComponentId"": ""avengers-infinity-wars"", ""orchestratorWorkflowId"": ""scarlett_johansson"", ""workflowType"": ""cast-member-query""}}",2026-10-01,2026-10-01T08:00:00Z
workflow:avengers-infinity-wars/don_cheadle,workflow,don_cheadle,https://backstage.example.com/workflows/don_cheadle/instances,"[""group:default/disney-plus-infra""]",[],true,"{""workflow"": {""bqDestinationTableProjects"": [""disney-plus""], ""bqJobProjects"": [""disney-plus""], ""enabled"": true, ""offset"": ""PT1H"", ""orchestrationType"": ""orchestrator"", ""parentComponentId"": ""component:default/avengers-infinity-wars"", ""schedule"": ""days"", ""serviceAccount"": ""avengers-infinity-wars@disney-plus.iam.gserviceaccount.com"", ""orchestratorComponentId"": ""avengers-infinity-wars"", ""orchestratorWorkflowId"": ""don_cheadle"", ""workflowType"": ""cast-member-query""}}",2026-10-01,2026-10-01T08:00:00Z
component:default/avengers-age-of-ultron,component,avengers-age-of-ultron,https://backstage.example.com/catalog/default/Component/avengers-age-of-ultron,"[""group:default/disney-plus-infra""]",[],true,"{""component"": {""componentType"": ""service"", ""lifecycle"": ""production""}}",2026-10-01,2026-10-01T08:00:00Z
workflow:avengers-age-of-ultron/kevin_feige,workflow,kevin_feige,https://backstage.example.com/workflows/kevin_feige/instances,"[""group:default/disney-plus-infra""]",[],true,"{""workflow"": {""bqDestinationTableProjects"": [""disney-plus""], ""bqJobProjects"": [""disney-plus""], ""enabled"": true, ""offset"": ""PT1H"", ""orchestrationType"": ""orchestrator"", ""parentComponentId"": ""component:default/avengers-age-of-ultron"", ""schedule"": ""days"", ""serviceAccount"": ""avengers-age-of-ultron@disney-plus.iam.gserviceaccount.com"", ""orchestratorComponentId"": ""avengers-age-of-ultron"", ""orchestratorWorkflowId"": ""kevin_feige"", ""workflowType"": ""crew-member-query""}}",2026-10-01,2026-10-01T08:00:00Z
workflow:avengers-age-of-ultron/stan_lee,workflow,stan_lee,https://backstage.example.com/workflows/stan_lee/instances,"[""group:default/disney-plus-infra""]",[],true,"{""workflow"": {""bqDestinationTableProjects"": [""disney-plus""], ""bqJobProjects"": [""disney-plus""], ""enabled"": true, ""offset"": ""P1D"", ""orchestrationType"": ""orchestrator"", ""parentComponentId"": ""component:default/avengers-age-of-ultron"", ""schedule"": ""weeks"", ""serviceAccount"": ""avengers-age-of-ultron@disney-plus.iam.gserviceaccount.com"", ""orchestratorComponentId"": ""avengers-age-of-ultron"", ""orchestratorWorkflowId"": ""stan_lee"", ""workflowType"": ""crew-member-query""}}",2026-10-01,2026-10-01T08:00:00Z
workflow:avengers-age-of-ultron/joss_whedon,workflow,joss_whedon,https://backstage.example.com/workflows/joss_whedon/instances,"[""group:default/disney-plus-infra""]",[],true,"{""workflow"": {""bqDestinationTableProjects"": [""disney-plus""], ""bqJobProjects"": [""disney-plus""], ""enabled"": true, ""offset"": ""PT1H"", ""orchestrationType"": ""orchestrator"", ""parentComponentId"": ""component:default/avengers-age-of-ultron"", ""schedule"": ""days"", ""serviceAccount"": ""avengers-age-of-ultron@disney-plus.iam.gserviceaccount.com"", ""orchestratorComponentId"": ""avengers-age-of-ultron"", ""orchestratorWorkflowId"": ""joss_whedon"", ""workflowType"": ""crew-member-query""}}",2026-10-01,2026-10-01T08:00:00Z
workflow:avengers-age-of-ultron/jeremy_latcham,workflow,jeremy_latcham,https://backstage.example.com/workflows/jeremy_latcham/instances,"[""group:default/disney-plus-infra""]",[],true,"{""workflow"": {""bqDestinationTableProjects"": [""disney-plus""], ""bqJobProjects"": [""disney-plus""], ""enabled"": true, ""offset"": ""PT15M"", ""orchestrationType"": ""orchestrator"", ""parentComponentId"": ""component:default/avengers-age-of-ultron"", ""schedule"": ""hours"", ""serviceAccount"": ""avengers-age-of-ultron@disney-plus.iam.gserviceaccount.com"", ""orchestratorComponentId"": ""avengers-age-of-ultron"", ""orchestratorWorkflowId"": ""jeremy_latcham"", ""workflowType"": ""crew-member-query""}}",2026-10-01,2026-10-01T08:00:00Z
component:default/avengers,component,avengers,https://backstage.example.com/catalog/default/Component/avengers,"[""group:default/disney-plus-infra""]",[],true,"{""component"": {""componentType"": ""service"", ""lifecycle"": ""production""}}",2026-10-01,2026-10-01T08:00:00Z
workflow:avengers/clint_barton,workflow,clint_barton,https://backstage.example.com/workflows/clint_barton/instances,"[""group:default/disney-plus-infra""]",[],true,"{""workflow"": {""bqDestinationTableProjects"": [""disney-plus""], ""bqJobProjects"": [""disney-plus""], ""enabled"": true, ""offset"": ""PT15M"", ""orchestrationType"": ""orchestrator"", ""parentComponentId"": ""component:default/avengers"", ""schedule"": ""hours"", ""serviceAccount"": ""avengers@disney-plus.iam.gserviceaccount.com"", ""orchestratorComponentId"": ""avengers"", ""orchestratorWorkflowId"": ""clint_barton"", ""workflowType"": ""character-query""}}",2026-10-01,2026-10-01T08:00:00Z
workflow:avengers/loki,workflow,loki,https://backstage.example.com/workflows/loki/instances,"[""group:default/disney-plus-infra""]",[],true,"{""workflow"": {""bqDestinationTableProjects"": [""disney-plus""], ""bqJobProjects"": [""disney-plus""], ""enabled"": false, ""offset"": ""PT15M"", ""orchestrationType"": ""orchestrator"", ""parentComponentId"": ""component:default/avengers"", ""schedule"": ""hours"", ""serviceAccount"": ""avengers@disney-plus.iam.gserviceaccount.com"", ""orchestratorComponentId"": ""avengers"", ""orchestratorWorkflowId"": ""loki"", ""workflowType"": ""character-query""}}",2026-10-01,2026-10-01T08:00:00Z
workflow:avengers/agent_phil_coulson,workflow,agent_phil_coulson,https://backstage.example.com/workflows/agent_phil_coulson/instances,"[""group:default/disney-plus-infra""]",[],true,"{""workflow"": {""bqDestinationTableProjects"": [""disney-plus""], ""bqJobProjects"": [""disney-plus""], ""enabled"": true, ""offset"": ""PT1H"", ""orchestrationType"": ""orchestrator"", ""parentComponentId"": ""component:default/avengers"", ""schedule"": ""days"", ""serviceAccount"": ""avengers@disney-plus.iam.gserviceaccount.com"", ""orchestratorComponentId"": ""avengers"", ""orchestratorWorkflowId"": ""agent_phil_coulson"", ""workflowType"": ""character-query""}}",2026-10-01,2026-10-01T08:00:00Z
workflow:avengers/agent_maria_hill,workflow,agent_maria_hill,https://backstage.example.com/workflows/agent_maria_hill/instances,"[""group:default/disney-plus-infra""]",[],true,"{""workflow"": {""bqDestinationTableProjects"": [""disney-plus""], ""bqJobProjects"": [""disney-plus""], ""enabled"": true, ""offset"": ""PT1H"", ""orchestrationType"": ""orchestrator"", ""parentComponentId"": ""component:default/avengers"", ""schedule"": ""days"", ""serviceAccount"": ""avengers@disney-plus.iam.gserviceaccount.com"", ""orchestratorComponentId"": ""avengers"", ""orchestratorWorkflowId"": ""agent_maria_hill"", ""workflowType"": ""character-query""}}",2026-10-01,2026-10-01T08:00:00Z
workflow:avengers/selvig,workflow,selvig,https://backstage.example.com/workflows/selvig/instances,"[""group:default/disney-plus-infra""]",[],true,"{""workflow"": {""bqDestinationTableProjects"": [""disney-plus""], ""bqJobProjects"": [""disney-plus""], ""enabled"": true, ""offset"": ""PT1H"", ""orchestrationType"": ""orchestrator"", ""parentComponentId"": ""component:default/avengers"", ""schedule"": ""days"", ""serviceAccount"": ""avengers@disney-plus.iam.gserviceaccount.com"", ""orchestratorComponentId"": ""avengers"", ""orchestratorWorkflowId"": ""selvig"", ""workflowType"": ""character-query""}}",2026-10-01,2026-10-01T08:00:00Z
component:default/daredevil-born-again,component,daredevil-born-again,https://backstage.example.com/catalog/default/Component/daredevil-born-again,"[""group:default/disney-plus-infra""]",[],true,"{""component"": {""componentType"": ""service"", ""lifecycle"": ""production""}}",2026-10-01,2026-10-01T08:00:00Z
repository:github.com/streaming-infra/DaredevilBornAgain,repository,DaredevilBornAgain,https://github.com/streaming-infra/DaredevilBornAgain,[],[],true,"{""repository"": {""archived"": false, ""createdAt"": ""2024-01-15T10:00:00.000Z"", ""defaultBranchLastCommit"": {""sha"": ""abc123def456"", ""url"": ""https://github.com/streaming-infra/DaredevilBornAgain/commit/abc123def456""}, ""description"": ""Repository for DaredevilBornAgain"", ""fullName"": ""streaming-infra/DaredevilBornAgain"", ""host"": ""github.com"", ""organization"": ""streaming-infra"", ""pushedAt"": ""2026-09-28T12:00:00.000Z"", ""repositoryName"": ""DaredevilBornAgain""}}",2026-10-01,2026-10-01T08:00:00Z
workflow:daredevil-born-again/charlie_cox,workflow,charlie_cox,https://backstage.example.com/workflows/charlie_cox/instances,"[""group:default/disney-plus-infra""]",[],true,"{""workflow"": {""bqDestinationTableProjects"": [""disney-plus""], ""bqJobProjects"": [""disney-plus""], ""enabled"": true, ""offset"": ""PT1H"", ""orchestrationType"": ""orchestrator"", ""parentComponentId"": ""component:default/daredevil-born-again"", ""schedule"": ""days"", ""serviceAccount"": ""daredevil-born-again@disney-plus.iam.gserviceaccount.com"", ""orchestratorComponentId"": ""daredevil-born-again"", ""orchestratorWorkflowId"": ""charlie_cox"", ""workflowType"": ""cast-member-query""}}",2026-10-01,2026-10-01T08:00:00Z
workflow:daredevil-born-again/vincent_donofrio,workflow,vincent_donofrio,https://backstage.example.com/workflows/vincent_donofrio/instances,"[""group:default/disney-plus-infra""]",[],true,"{""workflow"": {""bqDestinationTableProjects"": [""disney-plus""], ""bqJobProjects"": [""disney-plus""], ""enabled"": true, ""offset"": ""PT1H"", ""orchestrationType"": ""orchestrator"", ""parentComponentId"": ""component:default/daredevil-born-again"", ""schedule"": ""days"", ""serviceAccount"": ""daredevil-born-again@disney-plus.iam.gserviceaccount.com"", ""orchestratorComponentId"": ""daredevil-born-again"", ""orchestratorWorkflowId"": ""vincent_donofrio"", ""workflowType"": ""cast-member-query""}}",2026-10-01,2026-10-01T08:00:00Z
workflow:daredevil-born-again/margarita_levieva,workflow,margarita_levieva,https://backstage.example.com/workflows/margarita_levieva/instances,"[""group:default/disney-plus-infra""]",[],true,"{""workflow"": {""bqDestinationTableProjects"": [""disney-plus""], ""bqJobProjects"": [""disney-plus""], ""enabled"": true, ""offset"": ""P1D"", ""orchestrationType"": ""orchestrator"", ""parentComponentId"": ""component:default/daredevil-born-again"", ""schedule"": ""weeks"", ""serviceAccount"": ""daredevil-born-again@disney-plus.iam.gserviceaccount.com"", ""orchestratorComponentId"": ""daredevil-born-again"", ""orchestratorWorkflowId"": ""margarita_levieva"", ""workflowType"": ""cast-member-query""}}",2026-10-01,2026-10-01T08:00:00Z
workflow:daredevil-born-again/michael_gandolfini,workflow,michael_gandolfini,https://backstage.example.com/workflows/michael_gandolfini/instances,"[""group:default/disney-plus-infra""]",[],true,"{""workflow"": {""bqDestinationTableProjects"": [""disney-plus""], ""bqJobProjects"": [""disney-plus""], ""enabled"": true, ""offset"": ""PT15M"", ""orchestrationType"": ""orchestrator"", ""parentComponentId"": ""component:default/daredevil-born-again"", ""schedule"": ""hours"", ""serviceAccount"": ""daredevil-born-again@disney-plus.iam.gserviceaccount.com"", ""orchestratorComponentId"": ""daredevil-born-again"", ""orchestratorWorkflowId"": ""michael_gandolfini"", ""workflowType"": ""cast-member-query""}}",2026-10-01,2026-10-01T08:00:00Z
workflow:daredevil-born-again/nikki_m_james,workflow,nikki_m_james,https://backstage.example.com/workflows/nikki_m_james/instances,"[""group:default/disney-plus-infra""]",[],true,"{""workflow"": {""bqDestinationTableProjects"": [""disney-plus""], ""bqJobProjects"": [""disney-plus""], ""enabled"": true, ""offset"": ""PT1H"", ""orchestrationType"": ""orchestrator"", ""parentComponentId"": ""component:default/daredevil-born-again"", ""schedule"": ""days"", ""serviceAccount"": ""daredevil-born-again@disney-plus.iam.gserviceaccount.com"", ""orchestratorComponentId"": ""daredevil-born-again"", ""orchestratorWorkflowId"": ""nikki_m_james"", ""workflowType"": ""cast-member-query""}}",2026-10-01,2026-10-01T08:00:00Z
component:default/toy-story-5,component,toy-story-5,https://backstage.example.com/catalog/default/Component/toy-story-5,"[""group:default/disney-plus-infra""]",[],true,"{""component"": {""componentType"": ""service"", ""lifecycle"": ""production""}}",2026-10-01,2026-10-01T08:00:00Z
repository:github.com/streaming-infra/ToyStory5,repository,ToyStory5,https://github.com/streaming-infra/ToyStory5,[],[],true,"{""repository"": {""archived"": false, ""createdAt"": ""2024-01-15T10:00:00.000Z"", ""defaultBranchLastCommit"": {""sha"": ""abc123def456"", ""url"": ""https://github.com/streaming-infra/ToyStory5/commit/abc123def456""}, ""description"": ""Repository for ToyStory5"", ""fullName"": ""streaming-infra/ToyStory5"", ""host"": ""github.com"", ""organization"": ""streaming-infra"", ""pushedAt"": ""2026-09-28T12:00:00.000Z"", ""repositoryName"": ""ToyStory5""}}",2026-10-01,2026-10-01T08:00:00Z
workflow:toy-story-5/jessie,workflow,jessie,https://backstage.example.com/workflows/jessie/instances,"[""group:default/disney-plus-infra""]",[],true,"{""workflow"": {""bqDestinationTableProjects"": [""disney-plus""], ""bqJobProjects"": [""disney-plus""], ""enabled"": true, ""offset"": ""PT1H"", ""orchestrationType"": ""orchestrator"", ""parentComponentId"": ""component:default/toy-story-5"", ""schedule"": ""days"", ""serviceAccount"": ""toy-story-5@disney-plus.iam.gserviceaccount.com"", ""orchestratorComponentId"": ""toy-story-5"", ""orchestratorWorkflowId"": ""jessie"", ""workflowType"": ""character-query""}}",2026-10-01,2026-10-01T08:00:00Z
workflow:toy-story-5/woody,workflow,woody,https://backstage.example.com/workflows/woody/instances,"[""group:default/disney-plus-infra""]",[],true,"{""workflow"": {""bqDestinationTableProjects"": [""disney-plus""], ""bqJobProjects"": [""disney-plus""], ""enabled"": true, ""offset"": ""PT1H"", ""orchestrationType"": ""orchestrator"", ""parentComponentId"": ""component:default/toy-story-5"", ""schedule"": ""days"", ""serviceAccount"": ""toy-story-5@disney-plus.iam.gserviceaccount.com"", ""orchestratorComponentId"": ""toy-story-5"", ""orchestratorWorkflowId"": ""woody"", ""workflowType"": ""character-query""}}",2026-10-01,2026-10-01T08:00:00Z
workflow:toy-story-5/buzz_lightyear,workflow,buzz_lightyear,https://backstage.example.com/workflows/buzz_lightyear/instances,"[""group:default/disney-plus-infra""]",[],true,"{""workflow"": {""bqDestinationTableProjects"": [""disney-plus""], ""bqJobProjects"": [""disney-plus""], ""enabled"": false, ""offset"": ""PT15M"", ""orchestrationType"": ""orchestrator"", ""parentComponentId"": ""component:default/toy-story-5"", ""schedule"": ""hours"", ""serviceAccount"": ""toy-story-5@disney-plus.iam.gserviceaccount.com"", ""orchestratorComponentId"": ""toy-story-5"", ""orchestratorWorkflowId"": ""buzz_lightyear"", ""workflowType"": ""character-query""}}",2026-10-01,2026-10-01T08:00:00Z
workflow:toy-story-5/smarty_pants,workflow,smarty_pants,https://backstage.example.com/workflows/smarty_pants/instances,"[""group:default/disney-plus-infra""]",[],true,"{""workflow"": {""bqDestinationTableProjects"": [""disney-plus""], ""bqJobProjects"": [""disney-plus""], ""enabled"": true, ""offset"": ""PT1H"", ""orchestrationType"": ""orchestrator"", ""parentComponentId"": ""component:default/toy-story-5"", ""schedule"": ""days"", ""serviceAccount"": ""toy-story-5@disney-plus.iam.gserviceaccount.com"", ""orchestratorComponentId"": ""toy-story-5"", ""orchestratorWorkflowId"": ""smarty_pants"", ""workflowType"": ""character-query""}}",2026-10-01,2026-10-01T08:00:00Z
component:default/hocus-pocus,component,hocus-pocus,https://backstage.example.com/catalog/default/Component/hocus-pocus,"[""group:default/disney-plus-infra""]",[],true,"{""component"": {""componentType"": ""service"", ""lifecycle"": ""production""}}",2026-10-01,2026-10-01T08:00:00Z
repository:github.com/streaming-infra/HocusPocus,repository,HocusPocus,https://github.com/streaming-infra/HocusPocus,[],[],true,"{""repository"": {""archived"": false, ""createdAt"": ""2024-01-15T10:00:00.000Z"", ""defaultBranchLastCommit"": {""sha"": ""abc123def456"", ""url"": ""https://github.com/streaming-infra/HocusPocus/commit/abc123def456""}, ""description"": ""Repository for HocusPocus"", ""fullName"": ""streaming-infra/HocusPocus"", ""host"": ""github.com"", ""organization"": ""streaming-infra"", ""pushedAt"": ""2026-09-28T12:00:00.000Z"", ""repositoryName"": ""HocusPocus""}}",2026-10-01,2026-10-01T08:00:00Z
workflow:hocus-pocus/omri_katz,workflow,omri_katz,https://backstage.example.com/workflows/omri_katz/instances,"[""group:default/disney-plus-infra""]",[],true,"{""workflow"": {""bqDestinationTableProjects"": [""disney-plus""], ""bqJobProjects"": [""disney-plus""], ""enabled"": true, ""offset"": ""PT1H"", ""orchestrationType"": ""orchestrator"", ""parentComponentId"": ""component:default/hocus-pocus"", ""schedule"": ""days"", ""serviceAccount"": ""hocus-pocus@disney-plus.iam.gserviceaccount.com"", ""orchestratorComponentId"": ""hocus-pocus"", ""orchestratorWorkflowId"": ""omri_katz"", ""workflowType"": ""cast-member-query""}}",2026-10-01,2026-10-01T08:00:00Z
workflow:hocus-pocus/thora_birch,workflow,thora_birch,https://backstage.example.com/workflows/thora_birch/instances,"[""group:default/disney-plus-infra""]",[],true,"{""workflow"": {""bqDestinationTableProjects"": [""disney-plus""], ""bqJobProjects"": [""disney-plus""], ""enabled"": true, ""offset"": ""PT1H"", ""orchestrationType"": ""orchestrator"", ""parentComponentId"": ""component:default/hocus-pocus"", ""schedule"": ""days"", ""serviceAccount"": ""hocus-pocus@disney-plus.iam.gserviceaccount.com"", ""orchestratorComponentId"": ""hocus-pocus"", ""orchestratorWorkflowId"": ""thora_birch"", ""workflowType"": ""cast-member-query""}}",2026-10-01,2026-10-01T08:00:00Z
workflow:hocus-pocus/vinessa_shaw,workflow,vinessa_shaw,https://backstage.example.com/workflows/vinessa_shaw/instances,"[""group:default/disney-plus-infra""]",[],true,"{""workflow"": {""bqDestinationTableProjects"": [""disney-plus""], ""bqJobProjects"": [""disney-plus""], ""enabled"": true, ""offset"": ""PT1H"", ""orchestrationType"": ""orchestrator"", ""parentComponentId"": ""component:default/hocus-pocus"", ""schedule"": ""days"", ""serviceAccount"": ""hocus-pocus@disney-plus.iam.gserviceaccount.com"", ""orchestratorComponentId"": ""hocus-pocus"", ""orchestratorWorkflowId"": ""vinessa_shaw"", ""workflowType"": ""cast-member-query""}}",2026-10-01,2026-10-01T08:00:00Z
workflow:hocus-pocus/bette_midler,workflow,bette_midler,https://backstage.example.com/workflows/bette_midler/instances,"[""group:default/disney-plus-infra""]",[],true,"{""workflow"": {""bqDestinationTableProjects"": [""disney-plus""], ""bqJobProjects"": [""disney-plus""], ""enabled"": true, ""offset"": ""PT15M"", ""orchestrationType"": ""orchestrator"", ""parentComponentId"": ""component:default/hocus-pocus"", ""schedule"": ""hours"", ""serviceAccount"": ""hocus-pocus@disney-plus.iam.gserviceaccount.com"", ""orchestratorComponentId"": ""hocus-pocus"", ""orchestratorWorkflowId"": ""bette_midler"", ""workflowType"": ""cast-member-query""}}",2026-10-01,2026-10-01T08:00:00Z
